variant,run,bounds,benchmark,unit,main_median,prior_pr_median,after_median,change_vs_main_percent,p_vs_main,change_vs_prior_percent,p_vs_prior,samples_each,benchtime,note
hintwork,hintwork-cold-explicit,explicit,BenchmarkCompileWorkers/json-as/p2,ns/op,973312.5,760109.5,939238.5,-3.500828356771335,0.48484848484848486,23.566209868446574,0.09307359307359307,6,1x,"memory check, not a timing claim"
hintwork,hintwork-cold-explicit,explicit,BenchmarkCompileWorkers/json-as/p2,code-B,57638,57638,57638,0,1,0,1,6,1x,"memory check, not a timing claim"
hintwork,hintwork-cold-explicit,explicit,BenchmarkCompileWorkers/json-as/p2,B/op,431192,433624,431936,0.17254494517524588,0.3939393939393939,-0.3892773462723431,0.24025974025974026,6,1x,"memory check, not a timing claim"
hintwork,hintwork-cold-explicit,explicit,BenchmarkCompileWorkers/json-as/p2,allocs/op,260,247.5,242.5,-6.730769230769229,0.0021645021645021645,-2.020202020202022,0.010822510822510822,6,1x,"memory check, not a timing claim"
hintwork,hintwork-cold-explicit,explicit,BenchmarkCompileWorkers/json-as/p4,ns/op,847137,611667,733960.5,-13.359881577596067,0.06493506493506493,19.993476842791914,0.0021645021645021645,6,1x,"memory check, not a timing claim"
hintwork,hintwork-cold-explicit,explicit,BenchmarkCompileWorkers/json-as/p4,code-B,57638,57638,57638,0,1,0,1,6,1x,"memory check, not a timing claim"
hintwork,hintwork-cold-explicit,explicit,BenchmarkCompileWorkers/json-as/p4,B/op,562156,567784,561072,-0.1928290367798291,0.8181818181818182,-1.1821396869232004,0.30952380952380953,6,1x,"memory check, not a timing claim"
hintwork,hintwork-cold-explicit,explicit,BenchmarkCompileWorkers/json-as/p4,allocs/op,403.5,399,380.5,-5.700123915737299,0.0021645021645021645,-4.636591478696738,0.0021645021645021645,6,1x,"memory check, not a timing claim"
hintwork,hintwork-cold-explicit,explicit,BenchmarkCompileWorkers/json-as/p8,ns/op,823828,725409.5,753351.5,-8.554759003092883,0.13203463203463203,3.8518933099166652,0.17965367965367965,6,1x,"memory check, not a timing claim"
hintwork,hintwork-cold-explicit,explicit,BenchmarkCompileWorkers/json-as/p8,code-B,57638,57638,57638,0,1,0,1,6,1x,"memory check, not a timing claim"
hintwork,hintwork-cold-explicit,explicit,BenchmarkCompileWorkers/json-as/p8,B/op,756168,778676,752820,-0.44275875202336445,0.9372294372294372,-3.3205081445941587,0.30952380952380953,6,1x,"memory check, not a timing claim"
hintwork,hintwork-cold-explicit,explicit,BenchmarkCompileWorkers/json-as/p8,allocs/op,560.5,603.5,508.5,-9.277430865298841,0.09956709956709957,-15.741507870753935,0.004329004329004329,6,1x,"memory check, not a timing claim"
hintwork,hintwork-cold-explicit,explicit,BenchmarkCompileFullWorkers/json-as/p8,ns/op,1769950,1149747,1328926.5,-24.917285799033873,0.0021645021645021645,15.584254622973571,0.09307359307359307,6,1x,"memory check, not a timing claim"
hintwork,hintwork-cold-explicit,explicit,BenchmarkCompileFullWorkers/json-as/p8,code-B,66502,66502,66502,0,1,0,1,6,1x,"memory check, not a timing claim"
hintwork,hintwork-cold-explicit,explicit,BenchmarkCompileFullWorkers/json-as/p8,B/op,882000,915772,886336,0.4916099773242699,0.9372294372294372,-3.2143371931004694,0.09307359307359307,6,1x,"memory check, not a timing claim"
hintwork,hintwork-cold-explicit,explicit,BenchmarkCompileFullWorkers/json-as/p8,allocs/op,985,996,950.5,-3.502538071065986,0.008658008658008658,-4.568273092369479,0.06493506493506493,6,1x,"memory check, not a timing claim"
hintwork,hintwork-cold-explicit,explicit,BenchmarkCompileWorkers/lua/p4,ns/op,7757181.5,4200875,4463930,-42.45422773722647,0.0021645021645021645,6.2619097211890296,0.008658008658008658,6,1x,"memory check, not a timing claim"
hintwork,hintwork-cold-explicit,explicit,BenchmarkCompileWorkers/lua/p4,code-B,890004,890004,890004,0,1,0,1,6,1x,"memory check, not a timing claim"
hintwork,hintwork-cold-explicit,explicit,BenchmarkCompileWorkers/lua/p4,B/op,4396244,4452268,4475852,1.8108185077989392,0.13203463203463203,0.5297075557895381,0.3939393939393939,6,1x,"memory check, not a timing claim"
hintwork,hintwork-cold-explicit,explicit,BenchmarkCompileWorkers/lua/p4,allocs/op,1502,1490.5,1488,-0.9320905459387463,0.19913419913419914,-0.16772895001677668,0.6991341991341992,6,1x,"memory check, not a timing claim"
hintwork,hintwork-cold-explicit,explicit,BenchmarkCompileWorkers/lua/p8,ns/op,6615429,3271324.5,3309631,-49.971029845532314,0.0021645021645021645,1.1709782994624884,0.5887445887445888,6,1x,"memory check, not a timing claim"
hintwork,hintwork-cold-explicit,explicit,BenchmarkCompileWorkers/lua/p8,code-B,890004,890004,890004,0,1,0,1,6,1x,"memory check, not a timing claim"
hintwork,hintwork-cold-explicit,explicit,BenchmarkCompileWorkers/lua/p8,B/op,5203232,5405176,5267372,1.2326953708771793,0.3939393939393939,-2.5494822000245665,0.24025974025974026,6,1x,"memory check, not a timing claim"
hintwork,hintwork-cold-explicit,explicit,BenchmarkCompileWorkers/lua/p8,allocs/op,2243.5,2203.5,2196,-2.1172275462447043,0.0021645021645021645,-0.3403675970047648,0.2597402597402597,6,1x,"memory check, not a timing claim"
hintwork,hintwork-cold-explicit,explicit,BenchmarkCompileWorkers/esbuild/p4,ns/op,176357637.5,93728426,94300227,-46.528980351077784,0.0021645021645021645,0.6100614556356687,0.48484848484848486,6,1x,"memory check, not a timing claim"
hintwork,hintwork-cold-explicit,explicit,BenchmarkCompileWorkers/esbuild/p4,code-B,26622496,26622496,26622496,0,1,0,1,6,1x,"memory check, not a timing claim"
hintwork,hintwork-cold-explicit,explicit,BenchmarkCompileWorkers/esbuild/p4,B/op,120616700,122217776,122377304,1.459668520196633,0.3939393939393939,0.1305276574497638,1,6,1x,"memory check, not a timing claim"
hintwork,hintwork-cold-explicit,explicit,BenchmarkCompileWorkers/esbuild/p4,allocs/op,20419,19960.5,20049,-1.812037807923994,0.9372294372294372,0.443375666942214,0.8181818181818182,6,1x,"memory check, not a timing claim"
hintwork,hintwork-cold-explicit,explicit,BenchmarkCompileWorkers/sqlite3/p8,ns/op,21980220,9292119.5,9744289,-55.66791870145067,0.0021645021645021645,4.866161051846141,0.17965367965367965,6,1x,"memory check, not a timing claim"
hintwork,hintwork-cold-explicit,explicit,BenchmarkCompileWorkers/sqlite3/p8,code-B,3636329,3636329,3636329,0,1,0,1,6,1x,"memory check, not a timing claim"
hintwork,hintwork-cold-explicit,explicit,BenchmarkCompileWorkers/sqlite3/p8,B/op,16305776,16326396,16546444,1.4759677797609783,0.3939393939393939,1.3478051126531554,0.48484848484848486,6,1x,"memory check, not a timing claim"
hintwork,hintwork-cold-explicit,explicit,BenchmarkCompileWorkers/sqlite3/p8,allocs/op,4536.5,4545,4561,0.5400639259340867,0.3939393939393939,0.3520352035203622,0.12554112554112554,6,1x,"memory check, not a timing claim"
hintwork,hintwork-warm-explicit,explicit,BenchmarkCompileWorkers/json-as/p2,ns/op,649504,491855,514729,-20.750449573828643,0.0021645021645021645,4.650557583027526,0.0021645021645021645,6,500ms,rejected serial-gate experiment
hintwork,hintwork-warm-explicit,explicit,BenchmarkCompileWorkers/json-as/p2,code-B,57638,57638,57638,0,1,0,1,6,500ms,rejected serial-gate experiment
hintwork,hintwork-warm-explicit,explicit,BenchmarkCompileWorkers/json-as/p2,B/op,433608,437397.5,433590.5,-0.0040359033966153035,1,-0.8703753450808427,0.0021645021645021645,6,500ms,rejected serial-gate experiment
hintwork,hintwork-warm-explicit,explicit,BenchmarkCompileWorkers/json-as/p2,allocs/op,264,249,241,-8.712121212121215,0.0021645021645021645,-3.2128514056224855,0.0021645021645021645,6,500ms,rejected serial-gate experiment
hintwork,hintwork-warm-explicit,explicit,BenchmarkCompileWorkers/json-as/p4,ns/op,504461.5,336220.5,385151.5,-23.65096246195201,0.0021645021645021645,14.553247050670626,0.0021645021645021645,6,500ms,rejected serial-gate experiment
hintwork,hintwork-warm-explicit,explicit,BenchmarkCompileWorkers/json-as/p4,code-B,57638,57638,57638,0,1,0,1,6,500ms,rejected serial-gate experiment
hintwork,hintwork-warm-explicit,explicit,BenchmarkCompileWorkers/json-as/p4,B/op,552016,558771,551693,-0.05851279673052545,0.8181818181818182,-1.266708544287376,0.0021645021645021645,6,500ms,rejected serial-gate experiment
hintwork,hintwork-warm-explicit,explicit,BenchmarkCompileWorkers/json-as/p4,allocs/op,402,392,375,-6.716417910447758,0.0021645021645021645,-4.336734693877553,0.0021645021645021645,6,500ms,rejected serial-gate experiment
hintwork,hintwork-warm-explicit,explicit,BenchmarkCompileWorkers/json-as/p8,ns/op,466540,299055.5,348785,-25.24006516054358,0.0021645021645021645,16.628853172738832,0.0021645021645021645,6,500ms,rejected serial-gate experiment
hintwork,hintwork-warm-explicit,explicit,BenchmarkCompileWorkers/json-as/p8,code-B,57638,57638,57638,0,1,0,1,6,500ms,rejected serial-gate experiment
hintwork,hintwork-warm-explicit,explicit,BenchmarkCompileWorkers/json-as/p8,B/op,748546,756630,747374.5,-0.15650340794018947,0.3939393939393939,-1.223253109181499,0.0021645021645021645,6,500ms,rejected serial-gate experiment
hintwork,hintwork-warm-explicit,explicit,BenchmarkCompileWorkers/json-as/p8,allocs/op,629,620,593,-5.723370429252784,0.0021645021645021645,-4.354838709677422,0.0021645021645021645,6,500ms,rejected serial-gate experiment
hintwork,hintwork-warm-explicit,explicit,BenchmarkCompileFullWorkers/json-as/p8,ns/op,1214211,610280.5,665046.5,-45.22809462276326,0.0021645021645021645,8.973906261137298,0.0021645021645021645,6,500ms,rejected serial-gate experiment
hintwork,hintwork-warm-explicit,explicit,BenchmarkCompileFullWorkers/json-as/p8,code-B,66502,66502,66502,0,1,0,1,6,500ms,rejected serial-gate experiment
hintwork,hintwork-warm-explicit,explicit,BenchmarkCompileFullWorkers/json-as/p8,B/op,877228,888666,878738,0.17213312844550632,0.025974025974025976,-1.1171801329183273,0.0021645021645021645,6,500ms,rejected serial-gate experiment
hintwork,hintwork-warm-explicit,explicit,BenchmarkCompileFullWorkers/json-as/p8,allocs/op,965,960,932,-3.4196891191709877,0.0021645021645021645,-2.9166666666666674,0.0021645021645021645,6,500ms,rejected serial-gate experiment
hintwork,hintwork-warm-explicit,explicit,BenchmarkCompileWorkers/lua/p4,ns/op,7502955,4284203,4327515.5,-42.32251826113844,0.0021645021645021645,1.010981505778319,0.30952380952380953,6,500ms,rejected serial-gate experiment
hintwork,hintwork-warm-explicit,explicit,BenchmarkCompileWorkers/lua/p4,code-B,890004,890004,890004,0,1,0,1,6,500ms,rejected serial-gate experiment
hintwork,hintwork-warm-explicit,explicit,BenchmarkCompileWorkers/lua/p4,B/op,4399178,4425805.5,4422561.5,0.5315424836185301,0.008658008658008658,-0.07329739185329975,0.5887445887445888,6,500ms,rejected serial-gate experiment
hintwork,hintwork-warm-explicit,explicit,BenchmarkCompileWorkers/lua/p4,allocs/op,1491,1470,1469.5,-1.4419852448021464,0.0021645021645021645,-0.03401360544217358,0.7922077922077922,6,500ms,rejected serial-gate experiment
hintwork,hintwork-warm-explicit,explicit,BenchmarkCompileWorkers/lua/p8,ns/op,6447250.5,3163015,3204292.5,-50.29986038234438,0.0021645021645021645,1.305004876676219,0.17965367965367965,6,500ms,rejected serial-gate experiment
hintwork,hintwork-warm-explicit,explicit,BenchmarkCompileWorkers/lua/p8,code-B,890004,890004,890004,0,1,0,1,6,500ms,rejected serial-gate experiment
hintwork,hintwork-warm-explicit,explicit,BenchmarkCompileWorkers/lua/p8,B/op,5307715.5,5338667,5337244.5,0.5563410472923858,0.06493506493506493,-0.026645228106569885,0.5887445887445888,6,500ms,rejected serial-gate experiment
hintwork,hintwork-warm-explicit,explicit,BenchmarkCompileWorkers/lua/p8,allocs/op,2214,2174.5,2174.5,-1.7841011743450763,0.0021645021645021645,0,0.8484848484848485,6,500ms,rejected serial-gate experiment
hintwork,hintwork-warm-explicit,explicit,BenchmarkCompileWorkers/esbuild/p4,ns/op,179580419,95128239.5,93330536.5,-48.02855622026364,0.0021645021645021645,-1.8897679694787173,0.04112554112554113,6,500ms,rejected serial-gate experiment
hintwork,hintwork-warm-explicit,explicit,BenchmarkCompileWorkers/esbuild/p4,code-B,26622496,26622496,26622496,0,1,0,1,6,500ms,rejected serial-gate experiment
hintwork,hintwork-warm-explicit,explicit,BenchmarkCompileWorkers/esbuild/p4,B/op,121563978.5,121609579,121504830.5,-0.048655860666813044,0.8181818181818182,-0.0861350732905719,0.9372294372294372,6,500ms,rejected serial-gate experiment
hintwork,hintwork-warm-explicit,explicit,BenchmarkCompileWorkers/esbuild/p4,allocs/op,19232,19241,18989,-1.2635191347753705,0.5541125541125541,-1.3097032378774465,0.7770562770562771,6,500ms,rejected serial-gate experiment
hintwork,hintwork-warm-explicit,explicit,BenchmarkCompileWorkers/sqlite3/p8,ns/op,22311803.5,9715320,9938798.5,-55.45497476257354,0.0021645021645021645,2.3002690595883557,0.30952380952380953,6,500ms,rejected serial-gate experiment
hintwork,hintwork-warm-explicit,explicit,BenchmarkCompileWorkers/sqlite3/p8,code-B,3636329,3636329,3636329,0,1,0,1,6,500ms,rejected serial-gate experiment
hintwork,hintwork-warm-explicit,explicit,BenchmarkCompileWorkers/sqlite3/p8,B/op,16407907,16167739,16388966,-0.11543824571896844,0.5887445887445888,1.368323672221572,0.48484848484848486,6,500ms,rejected serial-gate experiment
hintwork,hintwork-warm-explicit,explicit,BenchmarkCompileWorkers/sqlite3/p8,allocs/op,4508.5,4515.5,4518,0.21071309748252887,0.004329004329004329,0.05536485439043837,0.24242424242424243,6,500ms,rejected serial-gate experiment
hintwork,hintwork-cold-signals,signals,BenchmarkCompileWorkers/json-as/p2,ns/op,955280,723622.5,757520,-20.701783770203498,0.025974025974025976,4.684417634885585,0.48484848484848486,6,1x,"memory check, not a timing claim"
hintwork,hintwork-cold-signals,signals,BenchmarkCompileWorkers/json-as/p2,code-B,57638,57638,57638,0,1,0,1,6,1x,"memory check, not a timing claim"
hintwork,hintwork-cold-signals,signals,BenchmarkCompileWorkers/json-as/p2,B/op,432688,432292,434248,0.3605369226787003,0.48484848484848486,0.45247194026261095,0.3939393939393939,6,1x,"memory check, not a timing claim"
hintwork,hintwork-cold-signals,signals,BenchmarkCompileWorkers/json-as/p2,allocs/op,266.5,247.5,244.5,-8.25515947467167,0.0021645021645021645,-1.2121212121212088,0.15367965367965367,6,1x,"memory check, not a timing claim"
hintwork,hintwork-cold-signals,signals,BenchmarkCompileWorkers/json-as/p4,ns/op,886947.5,621626.5,728171,-17.901454144692895,0.06493506493506493,17.139632882446286,0.06493506493506493,6,1x,"memory check, not a timing claim"
hintwork,hintwork-cold-signals,signals,BenchmarkCompileWorkers/json-as/p4,code-B,57638,57638,57638,0,1,0,1,6,1x,"memory check, not a timing claim"
hintwork,hintwork-cold-signals,signals,BenchmarkCompileWorkers/json-as/p4,B/op,559568,552608,561056,0.2659194235553164,0.8181818181818182,1.5287509409925404,0.3939393939393939,6,1x,"memory check, not a timing claim"
hintwork,hintwork-cold-signals,signals,BenchmarkCompileWorkers/json-as/p4,allocs/op,403.5,397,379.5,-5.947955390334569,0.0021645021645021645,-4.408060453400509,0.0021645021645021645,6,1x,"memory check, not a timing claim"
hintwork,hintwork-cold-signals,signals,BenchmarkCompileWorkers/json-as/p8,ns/op,984039,785172.5,747481.5,-24.03944355863944,0.04112554112554113,-4.8003464206909925,0.6991341991341992,6,1x,"memory check, not a timing claim"
hintwork,hintwork-cold-signals,signals,BenchmarkCompileWorkers/json-as/p8,code-B,57638,57638,57638,0,1,0,1,6,1x,"memory check, not a timing claim"
hintwork,hintwork-cold-signals,signals,BenchmarkCompileWorkers/json-as/p8,B/op,749144,761596,758464,1.2440865841547133,0.24025974025974026,-0.4112416556809606,0.9372294372294372,6,1x,"memory check, not a timing claim"
hintwork,hintwork-cold-signals,signals,BenchmarkCompileWorkers/json-as/p8,allocs/op,569,635,527.5,-7.293497363796131,0.17965367965367965,-16.92913385826772,0.0021645021645021645,6,1x,"memory check, not a timing claim"
hintwork,hintwork-cold-signals,signals,BenchmarkCompileFullWorkers/json-as/p8,ns/op,1690384,1125883.5,1381236,-18.288625543071866,0.015151515151515152,22.680188491970977,0.09307359307359307,6,1x,"memory check, not a timing claim"
hintwork,hintwork-cold-signals,signals,BenchmarkCompileFullWorkers/json-as/p8,code-B,55941,55941,55941,0,1,0,1,6,1x,"memory check, not a timing claim"
hintwork,hintwork-cold-signals,signals,BenchmarkCompileFullWorkers/json-as/p8,B/op,833676,848812,854588,2.50840854240737,0.30952380952380953,0.6804804833107969,0.9372294372294372,6,1x,"memory check, not a timing claim"
hintwork,hintwork-cold-signals,signals,BenchmarkCompileFullWorkers/json-as/p8,allocs/op,933,941,915.5,-1.87566988210075,0.1645021645021645,-2.7098831030818227,0.04112554112554113,6,1x,"memory check, not a timing claim"
hintwork,hintwork-cold-signals,signals,BenchmarkCompileWorkers/lua/p4,ns/op,7605808.5,4513624,4314031,-43.27978412814364,0.0021645021645021645,-4.4220121126615775,0.09307359307359307,6,1x,"memory check, not a timing claim"
hintwork,hintwork-cold-signals,signals,BenchmarkCompileWorkers/lua/p4,code-B,890004,890004,890004,0,1,0,1,6,1x,"memory check, not a timing claim"
hintwork,hintwork-cold-signals,signals,BenchmarkCompileWorkers/lua/p4,B/op,4346764,4416784,4445072,2.2616364725575266,0.0021645021645021645,0.6404660042238941,0.30952380952380953,6,1x,"memory check, not a timing claim"
hintwork,hintwork-cold-signals,signals,BenchmarkCompileWorkers/lua/p4,allocs/op,1496.5,1467.5,1490,-0.4343468092215197,0.79004329004329,1.5332197614991383,0.13203463203463203,6,1x,"memory check, not a timing claim"
hintwork,hintwork-cold-signals,signals,BenchmarkCompileWorkers/lua/p8,ns/op,6602242,3448734.5,3222857.5,-51.18540792658008,0.0021645021645021645,-6.5495618755227465,0.04112554112554113,6,1x,"memory check, not a timing claim"
hintwork,hintwork-cold-signals,signals,BenchmarkCompileWorkers/lua/p8,code-B,890004,890004,890004,0,1,0,1,6,1x,"memory check, not a timing claim"
hintwork,hintwork-cold-signals,signals,BenchmarkCompileWorkers/lua/p8,B/op,5282268,5373864,5327132,0.849332142935566,0.5887445887445888,-0.8696163505440446,0.9372294372294372,6,1x,"memory check, not a timing claim"
hintwork,hintwork-cold-signals,signals,BenchmarkCompileWorkers/lua/p8,allocs/op,2249,2203.5,2190,-2.623388172521124,0.004329004329004329,-0.6126616746085722,0.1406926406926407,6,1x,"memory check, not a timing claim"
hintwork,hintwork-cold-signals,signals,BenchmarkCompileWorkers/esbuild/p4,ns/op,182172623,92548996,90482183,-50.33162419800037,0.0021645021645021645,-2.2332095315220957,0.04112554112554113,6,1x,"memory check, not a timing claim"
hintwork,hintwork-cold-signals,signals,BenchmarkCompileWorkers/esbuild/p4,code-B,26622496,26622496,26622496,0,1,0,1,6,1x,"memory check, not a timing claim"
hintwork,hintwork-cold-signals,signals,BenchmarkCompileWorkers/esbuild/p4,B/op,122017716,120239508,120851256,-0.9559759338553797,0.3939393939393939,0.5087745369017904,0.5887445887445888,6,1x,"memory check, not a timing claim"
hintwork,hintwork-cold-signals,signals,BenchmarkCompileWorkers/esbuild/p4,allocs/op,20155.5,18534.5,19733.5,-2.093721316762176,0.24025974025974026,6.469017238123498,0.17965367965367965,6,1x,"memory check, not a timing claim"
hintwork,hintwork-cold-signals,signals,BenchmarkCompileWorkers/sqlite3/p8,ns/op,21825107,9801451.5,9076406.5,-58.41300342765787,0.0021645021645021645,-7.397322733270684,0.0021645021645021645,6,1x,"memory check, not a timing claim"
hintwork,hintwork-cold-signals,signals,BenchmarkCompileWorkers/sqlite3/p8,code-B,3636329,3636329,3636329,0,1,0,1,6,1x,"memory check, not a timing claim"
hintwork,hintwork-cold-signals,signals,BenchmarkCompileWorkers/sqlite3/p8,B/op,16612264,16478020,15672852,-5.65493059826162,0.004329004329004329,-4.88631522476608,0.025974025974025976,6,1x,"memory check, not a timing claim"
hintwork,hintwork-cold-signals,signals,BenchmarkCompileWorkers/sqlite3/p8,allocs/op,4477,4543,4558.5,1.8204154567790898,0.008658008658008658,0.34118423948932275,0.9372294372294372,6,1x,"memory check, not a timing claim"
hintwork,hintwork-warm-signals,signals,BenchmarkCompileWorkers/json-as/p2,ns/op,647655,497886.5,514304,-20.58982019748168,0.0021645021645021645,3.297438271573938,0.0021645021645021645,6,500ms,rejected serial-gate experiment
hintwork,hintwork-warm-signals,signals,BenchmarkCompileWorkers/json-as/p2,code-B,57638,57638,57638,0,1,0,1,6,500ms,rejected serial-gate experiment
hintwork,hintwork-warm-signals,signals,BenchmarkCompileWorkers/json-as/p2,B/op,433807,437032,433526.5,-0.06466009077769064,0.015151515151515152,-0.8021151769206813,0.0021645021645021645,6,500ms,rejected serial-gate experiment
hintwork,hintwork-warm-signals,signals,BenchmarkCompileWorkers/json-as/p2,allocs/op,264,249,241,-8.712121212121215,0.0021645021645021645,-3.2128514056224855,0.0021645021645021645,6,500ms,rejected serial-gate experiment
hintwork,hintwork-warm-signals,signals,BenchmarkCompileWorkers/json-as/p4,ns/op,505062.5,337266.5,385122.5,-23.74755599554511,0.0021645021645021645,14.189372499195741,0.0021645021645021645,6,500ms,rejected serial-gate experiment
hintwork,hintwork-warm-signals,signals,BenchmarkCompileWorkers/json-as/p4,code-B,57638,57638,57638,0,1,0,1,6,500ms,rejected serial-gate experiment
hintwork,hintwork-warm-signals,signals,BenchmarkCompileWorkers/json-as/p4,B/op,551968,558779.5,552254.5,0.05190518290916213,0.30952380952380953,-1.1677235832739052,0.0021645021645021645,6,500ms,rejected serial-gate experiment
hintwork,hintwork-warm-signals,signals,BenchmarkCompileWorkers/json-as/p4,allocs/op,402,392,375,-6.716417910447758,0.0021645021645021645,-4.336734693877553,0.0021645021645021645,6,500ms,rejected serial-gate experiment
hintwork,hintwork-warm-signals,signals,BenchmarkCompileWorkers/json-as/p8,ns/op,467613.5,299295.5,350284.5,-25.091020682679176,0.0021645021645021645,17.03634033922996,0.0021645021645021645,6,500ms,rejected serial-gate experiment
hintwork,hintwork-warm-signals,signals,BenchmarkCompileWorkers/json-as/p8,code-B,57638,57638,57638,0,1,0,1,6,500ms,rejected serial-gate experiment
hintwork,hintwork-warm-signals,signals,BenchmarkCompileWorkers/json-as/p8,B/op,747788.5,756123.5,746859.5,-0.12423298833827978,0.5887445887445888,-1.2251966775268852,0.0021645021645021645,6,500ms,rejected serial-gate experiment
hintwork,hintwork-warm-signals,signals,BenchmarkCompileWorkers/json-as/p8,allocs/op,629.5,619.5,593,-5.798252581413821,0.0021645021645021645,-4.277643260694108,0.0021645021645021645,6,500ms,rejected serial-gate experiment
hintwork,hintwork-warm-signals,signals,BenchmarkCompileFullWorkers/json-as/p8,ns/op,1223637.5,584607.5,636827.5,-47.95619617738096,0.0021645021645021645,8.932488892119927,0.0021645021645021645,6,500ms,rejected serial-gate experiment
hintwork,hintwork-warm-signals,signals,BenchmarkCompileFullWorkers/json-as/p8,code-B,55941,55941,55941,0,1,0,1,6,500ms,rejected serial-gate experiment
hintwork,hintwork-warm-signals,signals,BenchmarkCompileFullWorkers/json-as/p8,B/op,830310,845446,833464.5,0.3799183437511289,0.0021645021645021645,-1.4171809908616328,0.0021645021645021645,6,500ms,rejected serial-gate experiment
hintwork,hintwork-warm-signals,signals,BenchmarkCompileFullWorkers/json-as/p8,allocs/op,911,906,878,-3.6223929747530192,0.0021645021645021645,-3.0905077262693204,0.0021645021645021645,6,500ms,rejected serial-gate experiment
hintwork,hintwork-warm-signals,signals,BenchmarkCompileWorkers/lua/p4,ns/op,7452292.5,4286977.5,4285661.5,-42.492038523716026,0.0021645021645021645,-0.030697618543595873,0.9372294372294372,6,500ms,rejected serial-gate experiment
hintwork,hintwork-warm-signals,signals,BenchmarkCompileWorkers/lua/p4,code-B,890004,890004,890004,0,1,0,1,6,500ms,rejected serial-gate experiment
hintwork,hintwork-warm-signals,signals,BenchmarkCompileWorkers/lua/p4,B/op,4397471.5,4427722,4427474,0.6822670709747625,0.0021645021645021645,-0.0056010743221923676,0.8181818181818182,6,500ms,rejected serial-gate experiment
hintwork,hintwork-warm-signals,signals,BenchmarkCompileWorkers/lua/p4,allocs/op,1491.5,1468.5,1468,-1.5755950385517914,0.0021645021645021645,-0.03404834865509132,0.1406926406926407,6,500ms,rejected serial-gate experiment
hintwork,hintwork-warm-signals,signals,BenchmarkCompileWorkers/lua/p8,ns/op,6482508.5,3187244,3216311.5,-50.384770031539496,0.0021645021645021645,0.9119948143286205,0.8181818181818182,6,500ms,rejected serial-gate experiment
hintwork,hintwork-warm-signals,signals,BenchmarkCompileWorkers/lua/p8,code-B,890004,890004,890004,0,1,0,1,6,500ms,rejected serial-gate experiment
hintwork,hintwork-warm-signals,signals,BenchmarkCompileWorkers/lua/p8,B/op,5288703,5327019,5331085,0.8013685018803285,0.0021645021645021645,0.07632786742453046,0.48484848484848486,6,500ms,rejected serial-gate experiment
hintwork,hintwork-warm-signals,signals,BenchmarkCompileWorkers/lua/p8,allocs/op,2212,2174.5,2175,-1.672694394213381,0.0021645021645021645,0.022993791676251263,0.7619047619047619,6,500ms,rejected serial-gate experiment
hintwork,hintwork-warm-signals,signals,BenchmarkCompileWorkers/esbuild/p4,ns/op,181002182,94467761,94440296,-47.82366988260948,0.0021645021645021645,-0.029073410557489687,0.5887445887445888,6,500ms,rejected serial-gate experiment
hintwork,hintwork-warm-signals,signals,BenchmarkCompileWorkers/esbuild/p4,code-B,26622496,26622496,26622496,0,1,0,1,6,500ms,rejected serial-gate experiment
hintwork,hintwork-warm-signals,signals,BenchmarkCompileWorkers/esbuild/p4,B/op,121873271.5,121662917.5,121600230.5,-0.22403681844217482,1,-0.05152514939484876,0.9372294372294372,6,500ms,rejected serial-gate experiment
hintwork,hintwork-warm-signals,signals,BenchmarkCompileWorkers/esbuild/p4,allocs/op,19544,19211.5,19228.5,-1.6143061809250958,0.48484848484848486,0.08848866564297175,0.8181818181818182,6,500ms,rejected serial-gate experiment
hintwork,hintwork-warm-signals,signals,BenchmarkCompileWorkers/sqlite3/p8,ns/op,22252620.5,9985022.5,10097204.5,-54.624649712603514,0.0021645021645021645,1.123502726208181,0.48484848484848486,6,500ms,rejected serial-gate experiment
hintwork,hintwork-warm-signals,signals,BenchmarkCompileWorkers/sqlite3/p8,code-B,3636329,3636329,3636329,0,1,0,1,6,500ms,rejected serial-gate experiment
hintwork,hintwork-warm-signals,signals,BenchmarkCompileWorkers/sqlite3/p8,B/op,16747552.5,16384268,16363721,-2.2918662294087455,0.13203463203463203,-0.1254068842135636,0.6991341991341992,6,500ms,rejected serial-gate experiment
hintwork,hintwork-warm-signals,signals,BenchmarkCompileWorkers/sqlite3/p8,allocs/op,4506.5,4512.5,4515.5,0.19971152779318935,0.025974025974025976,0.06648199445984382,0.8463203463203464,6,500ms,rejected serial-gate experiment
hintscratch,hintscratch-cold-explicit,explicit,BenchmarkCompileWorkers/json-as/p4,ns/op,814798.5,573562.5,603559,-25.92536682382208,0.004329004329004329,5.2298572518252096,0.8181818181818182,6,1x,"memory check, not a timing claim"
hintscratch,hintscratch-cold-explicit,explicit,BenchmarkCompileWorkers/json-as/p4,code-B,57638,57638,57638,0,1,0,1,6,1x,"memory check, not a timing claim"
hintscratch,hintscratch-cold-explicit,explicit,BenchmarkCompileWorkers/json-as/p4,B/op,558936,568804,551296,-1.3668827915897297,0.6991341991341992,-3.078037425897151,0.48484848484848486,6,1x,"memory check, not a timing claim"
hintscratch,hintscratch-cold-explicit,explicit,BenchmarkCompileWorkers/json-as/p4,allocs/op,400.5,397.5,386.5,-3.495630461922594,0.0021645021645021645,-2.767295597484276,0.0021645021645021645,6,1x,"memory check, not a timing claim"
hintscratch,hintscratch-cold-explicit,explicit,BenchmarkCompileWorkers/json-as/p8,ns/op,916775,702169,689524.5,-24.788034141419647,0.004329004329004329,-1.8007773057483356,1,6,1x,"memory check, not a timing claim"
hintscratch,hintscratch-cold-explicit,explicit,BenchmarkCompileWorkers/json-as/p8,code-B,57638,57638,57638,0,1,0,1,6,1x,"memory check, not a timing claim"
hintscratch,hintscratch-cold-explicit,explicit,BenchmarkCompileWorkers/json-as/p8,B/op,760512,762548,752652,-1.0335142640747308,0.8181818181818182,-1.2977543708723949,0.9372294372294372,6,1x,"memory check, not a timing claim"
hintscratch,hintscratch-cold-explicit,explicit,BenchmarkCompileWorkers/json-as/p8,allocs/op,573,626,581,1.3961605584642323,0.6212121212121212,-7.1884984025559095,0.025974025974025976,6,1x,"memory check, not a timing claim"
hintscratch,hintscratch-cold-explicit,explicit,BenchmarkCompileFullWorkers/json-as/p8,ns/op,1933341,1178730,1091366.5,-43.550232473216056,0.0021645021645021645,-7.411663400439461,0.5887445887445888,6,1x,"memory check, not a timing claim"
hintscratch,hintscratch-cold-explicit,explicit,BenchmarkCompileFullWorkers/json-as/p8,code-B,66502,66502,66502,0,1,0,1,6,1x,"memory check, not a timing claim"
hintscratch,hintscratch-cold-explicit,explicit,BenchmarkCompileFullWorkers/json-as/p8,B/op,903168,906936,892356,-1.197119472789121,0.9372294372294372,-1.6076106803567192,0.3939393939393939,6,1x,"memory check, not a timing claim"
hintscratch,hintscratch-cold-explicit,explicit,BenchmarkCompileFullWorkers/json-as/p8,allocs/op,986.5,1001.5,978.5,-0.8109477952356836,0.18398268398268397,-2.296555167249126,0.04112554112554113,6,1x,"memory check, not a timing claim"
hintscratch,hintscratch-cold-explicit,explicit,BenchmarkCompileWorkers/lua/p8,ns/op,6861093.5,3433297.5,3303308.5,-51.85448937549096,0.0021645021645021645,-3.7861268940428294,0.30952380952380953,6,1x,"memory check, not a timing claim"
hintscratch,hintscratch-cold-explicit,explicit,BenchmarkCompileWorkers/lua/p8,code-B,890004,890004,890004,0,1,0,1,6,1x,"memory check, not a timing claim"
hintscratch,hintscratch-cold-explicit,explicit,BenchmarkCompileWorkers/lua/p8,B/op,5266820,5361832,5242364,-0.46434091159370805,0.8181818181818182,-2.2281190458783517,0.17965367965367965,6,1x,"memory check, not a timing claim"
hintscratch,hintscratch-cold-explicit,explicit,BenchmarkCompileWorkers/lua/p8,allocs/op,2231,2194.5,2175,-2.51008516360377,0.0021645021645021645,-0.8885850991114164,0.22077922077922077,6,1x,"memory check, not a timing claim"
hintscratch,hintscratch-cold-explicit,explicit,BenchmarkCompileFullWorkers/esbuild/p4,ns/op,393303861.5,185974997,183797138.5,-53.268412418066234,0.0021645021645021645,-1.1710490846250643,0.5887445887445888,6,1x,"memory check, not a timing claim"
hintscratch,hintscratch-cold-explicit,explicit,BenchmarkCompileFullWorkers/esbuild/p4,code-B,26629248,26629248,26629248,0,1,0,1,6,1x,"memory check, not a timing claim"
hintscratch,hintscratch-cold-explicit,explicit,BenchmarkCompileFullWorkers/esbuild/p4,B/op,188652584,188474244,187180104,-0.7805246918854869,0.9372294372294372,-0.686640239289138,0.8181818181818182,6,1x,"memory check, not a timing claim"
hintscratch,hintscratch-cold-explicit,explicit,BenchmarkCompileFullWorkers/esbuild/p4,allocs/op,27978.5,28013.5,27857.5,-0.43247493611165977,0.9372294372294372,-0.556874364145854,1,6,1x,"memory check, not a timing claim"
hintscratch,hintscratch-cold-explicit,explicit,BenchmarkCompileWorkers/sqlite3/p8,ns/op,21094026,9095273.5,9042244,-57.133626364165856,0.0021645021645021645,-0.5830445890384728,0.17965367965367965,6,1x,"memory check, not a timing claim"
hintscratch,hintscratch-cold-explicit,explicit,BenchmarkCompileWorkers/sqlite3/p8,code-B,3636329,3636329,3636329,0,1,0,1,6,1x,"memory check, not a timing claim"
hintscratch,hintscratch-cold-explicit,explicit,BenchmarkCompileWorkers/sqlite3/p8,B/op,15576600,15816004,15852820,1.7733009771066843,0.48484848484848486,0.23277687587839324,0.9372294372294372,6,1x,"memory check, not a timing claim"
hintscratch,hintscratch-cold-explicit,explicit,BenchmarkCompileWorkers/sqlite3/p8,allocs/op,4492.5,4564.5,4503.5,0.24485253199777457,0.5887445887445888,-1.3364004819805042,0.025974025974025976,6,1x,"memory check, not a timing claim"
hintscratch,hintscratch-warm-explicit,explicit,BenchmarkCompileWorkers/json-as/p4,ns/op,500973.5,335837.5,331116,-33.905486018721554,0.0021645021645021645,-1.4058882644135906,0.13203463203463203,6,500ms,retained-span and closure reuse
hintscratch,hintscratch-warm-explicit,explicit,BenchmarkCompileWorkers/json-as/p4,code-B,57638,57638,57638,0,1,0,1,6,500ms,retained-span and closure reuse
hintscratch,hintscratch-warm-explicit,explicit,BenchmarkCompileWorkers/json-as/p4,B/op,552228,558874.5,556910.5,0.8479287540653413,0.0021645021645021645,-0.3514205783230362,0.0021645021645021645,6,500ms,retained-span and closure reuse
hintscratch,hintscratch-warm-explicit,explicit,BenchmarkCompileWorkers/json-as/p4,allocs/op,402.5,392,379,-5.838509316770191,0.0021645021645021645,-3.316326530612246,0.0021645021645021645,6,500ms,retained-span and closure reuse
hintscratch,hintscratch-warm-explicit,explicit,BenchmarkCompileWorkers/json-as/p8,ns/op,468357,298425,299814.5,-35.98590391517582,0.0021645021645021645,0.4656111250733064,0.6991341991341992,6,500ms,retained-span and closure reuse
hintscratch,hintscratch-warm-explicit,explicit,BenchmarkCompileWorkers/json-as/p8,code-B,57638,57638,57638,0,1,0,1,6,500ms,retained-span and closure reuse
hintscratch,hintscratch-warm-explicit,explicit,BenchmarkCompileWorkers/json-as/p8,B/op,748493.5,756196,751586.5,0.4132300414098511,0.025974025974025976,-0.6095641870626167,0.0021645021645021645,6,500ms,retained-span and closure reuse
hintscratch,hintscratch-warm-explicit,explicit,BenchmarkCompileWorkers/json-as/p8,allocs/op,629,620,595.5,-5.325914149443555,0.0021645021645021645,-3.9516129032258096,0.0021645021645021645,6,500ms,retained-span and closure reuse
hintscratch,hintscratch-warm-explicit,explicit,BenchmarkCompileFullWorkers/json-as/p8,ns/op,1216191,612120.5,607873.5,-50.018253711793626,0.0021645021645021645,-0.6938176388472495,0.13203463203463203,6,500ms,retained-span and closure reuse
hintscratch,hintscratch-warm-explicit,explicit,BenchmarkCompileFullWorkers/json-as/p8,code-B,66502,66502,66502,0,1,0,1,6,500ms,retained-span and closure reuse
hintscratch,hintscratch-warm-explicit,explicit,BenchmarkCompileFullWorkers/json-as/p8,B/op,876557,888659,883114,0.7480403442103656,0.0021645021645021645,-0.6239738752434887,0.0021645021645021645,6,500ms,retained-span and closure reuse
hintscratch,hintscratch-warm-explicit,explicit,BenchmarkCompileFullWorkers/json-as/p8,allocs/op,965.5,960.5,937,-2.9518384256861707,0.0021645021645021645,-2.4466423737636633,0.0021645021645021645,6,500ms,retained-span and closure reuse
hintscratch,hintscratch-warm-explicit,explicit,BenchmarkCompileWorkers/lua/p8,ns/op,6431737.5,3161276,3166931.5,-50.760871381955496,0.0021645021645021645,0.17889927991101562,0.8181818181818182,6,500ms,retained-span and closure reuse
hintscratch,hintscratch-warm-explicit,explicit,BenchmarkCompileWorkers/lua/p8,code-B,890004,890004,890004,0,1,0,1,6,500ms,retained-span and closure reuse
hintscratch,hintscratch-warm-explicit,explicit,BenchmarkCompileWorkers/lua/p8,B/op,5303335,5334430,5330765.5,0.5172311385194472,0.004329004329004329,-0.06869524953931894,0.3939393939393939,6,500ms,retained-span and closure reuse
hintscratch,hintscratch-warm-explicit,explicit,BenchmarkCompileWorkers/lua/p8,allocs/op,2212,2176,2131,-3.6618444846292952,0.0021645021645021645,-2.0680147058823484,0.0021645021645021645,6,500ms,retained-span and closure reuse
hintscratch,hintscratch-warm-explicit,explicit,BenchmarkCompileFullWorkers/esbuild/p4,ns/op,398317910,187354416,187771592,-52.85886291178823,0.0021645021645021645,0.22266675582389706,0.8181818181818182,6,500ms,retained-span and closure reuse
hintscratch,hintscratch-warm-explicit,explicit,BenchmarkCompileFullWorkers/esbuild/p4,code-B,26629248,26629248,26629248,0,1,0,1,6,500ms,retained-span and closure reuse
hintscratch,hintscratch-warm-explicit,explicit,BenchmarkCompileFullWorkers/esbuild/p4,B/op,187621150,188216218.5,188041929,0.22427055798346363,0.3939393939393939,-0.09260068095566787,1,6,500ms,retained-span and closure reuse
hintscratch,hintscratch-warm-explicit,explicit,BenchmarkCompileFullWorkers/esbuild/p4,allocs/op,27908.5,27959,27972,0.22752924736191282,0.9372294372294372,0.04649665581744067,0.9372294372294372,6,500ms,retained-span and closure reuse
hintscratch,hintscratch-warm-explicit,explicit,BenchmarkCompileWorkers/sqlite3/p8,ns/op,22343903.5,10086929.5,10008074,-55.20892757167519,0.0021645021645021645,-0.7817592063075307,0.8181818181818182,6,500ms,retained-span and closure reuse
hintscratch,hintscratch-warm-explicit,explicit,BenchmarkCompileWorkers/sqlite3/p8,code-B,3636329,3636329,3636329,0,1,0,1,6,500ms,retained-span and closure reuse
hintscratch,hintscratch-warm-explicit,explicit,BenchmarkCompileWorkers/sqlite3/p8,B/op,16629531,16569903.5,16375151.5,-1.5296853531227117,0.13203463203463203,-1.1753357525588481,0.24025974025974026,6,500ms,retained-span and closure reuse
hintscratch,hintscratch-warm-explicit,explicit,BenchmarkCompileWorkers/sqlite3/p8,allocs/op,4501.5,4515,4471,-0.6775519271354002,0.0021645021645021645,-0.9745293466223659,0.0021645021645021645,6,500ms,retained-span and closure reuse
hintscratch,hintscratch-esbuild-fixed-explicit,explicit,BenchmarkCompileFullWorkers/esbuild/p4,ns/op,396955369,186627486,186304848.5,-53.06655028515309,7.39602301050679e-7,-0.17287780429083854,0.7552848282421576,12,3x,retained-span and closure reuse
hintscratch,hintscratch-esbuild-fixed-explicit,explicit,BenchmarkCompileFullWorkers/esbuild/p4,code-B,26629248,26629248,26629248,0,1,0,1,12,3x,retained-span and closure reuse
hintscratch,hintscratch-esbuild-fixed-explicit,explicit,BenchmarkCompileFullWorkers/esbuild/p4,B/op,188157100,187099078,187841637,-0.16765936549829608,0.6706595329559389,0.39688009579608163,0.1135023275284414,12,3x,retained-span and closure reuse
hintscratch,hintscratch-esbuild-fixed-explicit,explicit,BenchmarkCompileFullWorkers/esbuild/p4,allocs/op,28106.5,28031,27605,-1.784284773984668,0.2913426592252814,-1.519745995504973,0.4517653567323779,12,3x,retained-span and closure reuse
hintscratch,hintscratch-cold-signals,signals,BenchmarkCompileWorkers/json-as/p4,ns/op,871721,571784.5,605222.5,-30.571536076336347,0.0021645021645021645,5.848007422376789,0.3939393939393939,6,1x,"memory check, not a timing claim"
hintscratch,hintscratch-cold-signals,signals,BenchmarkCompileWorkers/json-as/p4,code-B,57638,57638,57638,0,1,0,1,6,1x,"memory check, not a timing claim"
hintscratch,hintscratch-cold-signals,signals,BenchmarkCompileWorkers/json-as/p4,B/op,557816,566992,564984,1.285011545025605,0.13203463203463203,-0.35414961763129416,0.48484848484848486,6,1x,"memory check, not a timing claim"
hintscratch,hintscratch-cold-signals,signals,BenchmarkCompileWorkers/json-as/p4,allocs/op,408.5,400,384,-5.997552019583841,0.0021645021645021645,-4.0000000000000036,0.004329004329004329,6,1x,"memory check, not a timing claim"
hintscratch,hintscratch-cold-signals,signals,BenchmarkCompileWorkers/json-as/p8,ns/op,1004133.5,674461.5,750543.5,-25.254610069278637,0.04112554112554113,11.280406665169185,0.17965367965367965,6,1x,"memory check, not a timing claim"
hintscratch,hintscratch-cold-signals,signals,BenchmarkCompileWorkers/json-as/p8,code-B,57638,57638,57638,0,1,0,1,6,1x,"memory check, not a timing claim"
hintscratch,hintscratch-cold-signals,signals,BenchmarkCompileWorkers/json-as/p8,B/op,765392,773300,754048,-1.482116353450258,0.24025974025974026,-2.4895900685374395,0.17965367965367965,6,1x,"memory check, not a timing claim"
hintscratch,hintscratch-cold-signals,signals,BenchmarkCompileWorkers/json-as/p8,allocs/op,542.5,632,583.5,7.557603686635939,0.02813852813852814,-7.6740506329113884,0.012987012987012988,6,1x,"memory check, not a timing claim"
hintscratch,hintscratch-cold-signals,signals,BenchmarkCompileFullWorkers/json-as/p8,ns/op,1823497,1182121.5,1239879.5,-32.00539951532687,0.0021645021645021645,4.885961383834059,0.24025974025974026,6,1x,"memory check, not a timing claim"
hintscratch,hintscratch-cold-signals,signals,BenchmarkCompileFullWorkers/json-as/p8,code-B,55941,55941,55941,0,1,0,1,6,1x,"memory check, not a timing claim"
hintscratch,hintscratch-cold-signals,signals,BenchmarkCompileFullWorkers/json-as/p8,B/op,845692,870156,857800,1.4317269171282287,0.8181818181818182,-1.419975268802376,0.48484848484848486,6,1x,"memory check, not a timing claim"
hintscratch,hintscratch-cold-signals,signals,BenchmarkCompileFullWorkers/json-as/p8,allocs/op,926.5,942.5,918,-0.917431192660545,0.2878787878787879,-2.599469496021223,0.008658008658008658,6,1x,"memory check, not a timing claim"
hintscratch,hintscratch-cold-signals,signals,BenchmarkCompileWorkers/lua/p8,ns/op,6668605.5,3232252,3538043.5,-46.944777285146046,0.0021645021645021645,9.460633019950171,0.06493506493506493,6,1x,"memory check, not a timing claim"
hintscratch,hintscratch-cold-signals,signals,BenchmarkCompileWorkers/lua/p8,code-B,890004,890004,890004,0,1,0,1,6,1x,"memory check, not a timing claim"
hintscratch,hintscratch-cold-signals,signals,BenchmarkCompileWorkers/lua/p8,B/op,5361044,5313624,5347532,-0.25204046077592634,0.6991341991341992,0.6381332213193813,0.5887445887445888,6,1x,"memory check, not a timing claim"
hintscratch,hintscratch-cold-signals,signals,BenchmarkCompileWorkers/lua/p8,allocs/op,2228,2191.5,2151.5,-3.433572710951527,0.0021645021645021645,-1.8252338580880711,0.008658008658008658,6,1x,"memory check, not a timing claim"
hintscratch,hintscratch-cold-signals,signals,BenchmarkCompileFullWorkers/esbuild/p4,ns/op,388773428,174588002.5,179978796,-53.70599350735462,0.0021645021645021645,3.087722766058909,0.48484848484848486,6,1x,"memory check, not a timing claim"
hintscratch,hintscratch-cold-signals,signals,BenchmarkCompileFullWorkers/esbuild/p4,code-B,20163867,20163867,20163867,0,1,0,1,6,1x,"memory check, not a timing claim"
hintscratch,hintscratch-cold-signals,signals,BenchmarkCompileFullWorkers/esbuild/p4,B/op,182048064,182018580,182424752,0.20691678434987537,0.3939393939393939,0.22314864779189314,0.3939393939393939,6,1x,"memory check, not a timing claim"
hintscratch,hintscratch-cold-signals,signals,BenchmarkCompileFullWorkers/esbuild/p4,allocs/op,27919.5,28124.5,27629,-1.0404914128118392,1,-1.7618090988284263,0.5887445887445888,6,1x,"memory check, not a timing claim"
hintscratch,hintscratch-cold-signals,signals,BenchmarkCompileWorkers/sqlite3/p8,ns/op,22091951.5,9378735,9338719,-57.72795807559147,0.0021645021645021645,-0.4266673490614714,0.9372294372294372,6,1x,"memory check, not a timing claim"
hintscratch,hintscratch-cold-signals,signals,BenchmarkCompileWorkers/sqlite3/p8,code-B,3636329,3636329,3636329,0,1,0,1,6,1x,"memory check, not a timing claim"
hintscratch,hintscratch-cold-signals,signals,BenchmarkCompileWorkers/sqlite3/p8,B/op,16892864,16387984,15841072,-6.226250326765193,0.17965367965367965,-3.3372744322913706,0.30952380952380953,6,1x,"memory check, not a timing claim"
hintscratch,hintscratch-cold-signals,signals,BenchmarkCompileWorkers/sqlite3/p8,allocs/op,4510,4554,4514,0.08869179600887733,0.9415584415584416,-0.8783487044356608,0.006493506493506494,6,1x,"memory check, not a timing claim"
hintscratch,hintscratch-warm-signals,signals,BenchmarkCompileWorkers/json-as/p4,ns/op,497160,338079.5,336359,-32.343913428272586,0.0021645021645021645,-0.5089039708116028,0.5887445887445888,6,500ms,retained-span and closure reuse
hintscratch,hintscratch-warm-signals,signals,BenchmarkCompileWorkers/json-as/p4,code-B,57638,57638,57638,0,1,0,1,6,500ms,retained-span and closure reuse
hintscratch,hintscratch-warm-signals,signals,BenchmarkCompileWorkers/json-as/p4,B/op,552596,559047,556770.5,0.7554343498686222,0.0021645021645021645,-0.40721084273772634,0.0021645021645021645,6,500ms,retained-span and closure reuse
hintscratch,hintscratch-warm-signals,signals,BenchmarkCompileWorkers/json-as/p4,allocs/op,403,392,379,-5.955334987593053,0.0021645021645021645,-3.316326530612246,0.0021645021645021645,6,500ms,retained-span and closure reuse
hintscratch,hintscratch-warm-signals,signals,BenchmarkCompileWorkers/json-as/p8,ns/op,467918.5,304577,298698,-36.16452437764269,0.0021645021645021645,-1.9302179744366765,0.06493506493506493,6,500ms,retained-span and closure reuse
hintscratch,hintscratch-warm-signals,signals,BenchmarkCompileWorkers/json-as/p8,code-B,57638,57638,57638,0,1,0,1,6,500ms,retained-span and closure reuse
hintscratch,hintscratch-warm-signals,signals,BenchmarkCompileWorkers/json-as/p8,B/op,747149,757647,751058,0.5231888150823982,0.0021645021645021645,-0.8696662165889935,0.0021645021645021645,6,500ms,retained-span and closure reuse
hintscratch,hintscratch-warm-signals,signals,BenchmarkCompileWorkers/json-as/p8,allocs/op,629,620,596,-5.246422893481717,0.0021645021645021645,-3.8709677419354827,0.0021645021645021645,6,500ms,retained-span and closure reuse
hintscratch,hintscratch-warm-signals,signals,BenchmarkCompileFullWorkers/json-as/p8,ns/op,1223990,584277,584343.5,-52.25912793405174,0.0021645021645021645,0.01138158784275145,1,6,500ms,retained-span and closure reuse
hintscratch,hintscratch-warm-signals,signals,BenchmarkCompileFullWorkers/json-as/p8,code-B,55941,55941,55941,0,1,0,1,6,500ms,retained-span and closure reuse
hintscratch,hintscratch-warm-signals,signals,BenchmarkCompileFullWorkers/json-as/p8,B/op,830707.5,845568.5,839840,1.0993640962673412,0.0021645021645021645,-0.6774732029397934,0.0021645021645021645,6,500ms,retained-span and closure reuse
hintscratch,hintscratch-warm-signals,signals,BenchmarkCompileFullWorkers/json-as/p8,allocs/op,911,906,882,-3.183315038419321,0.0021645021645021645,-2.6490066225165587,0.0021645021645021645,6,500ms,retained-span and closure reuse
hintscratch,hintscratch-warm-signals,signals,BenchmarkCompileWorkers/lua/p8,ns/op,6496963,3161112.5,3181724.5,-51.027510853917434,0.0021645021645021645,0.6520489226498505,0.6991341991341992,6,500ms,retained-span and closure reuse
hintscratch,hintscratch-warm-signals,signals,BenchmarkCompileWorkers/lua/p8,code-B,890004,890004,890004,0,1,0,1,6,500ms,retained-span and closure reuse
hintscratch,hintscratch-warm-signals,signals,BenchmarkCompileWorkers/lua/p8,B/op,5304493.5,5341119.5,5339091,0.6522300385512825,0.0021645021645021645,-0.03797892932371205,0.8181818181818182,6,500ms,retained-span and closure reuse
hintscratch,hintscratch-warm-signals,signals,BenchmarkCompileWorkers/lua/p8,allocs/op,2210,2175.5,2132.5,-3.5067873303167407,0.0021645021645021645,-1.9765571133072868,0.0021645021645021645,6,500ms,retained-span and closure reuse
hintscratch,hintscratch-warm-signals,signals,BenchmarkCompileFullWorkers/esbuild/p4,ns/op,389187017,175198593,177214829,-54.46538007201818,0.0021645021645021645,1.1508288768049546,0.13203463203463203,6,500ms,retained-span and closure reuse
hintscratch,hintscratch-warm-signals,signals,BenchmarkCompileFullWorkers/esbuild/p4,code-B,20163867,20163867,20163867,0,1,0,1,6,500ms,retained-span and closure reuse
hintscratch,hintscratch-warm-signals,signals,BenchmarkCompileFullWorkers/esbuild/p4,B/op,180832136,181876661,182092601,0.6970359516186964,0.09307359307359307,0.11872881259900048,0.9372294372294372,6,500ms,retained-span and closure reuse
hintscratch,hintscratch-warm-signals,signals,BenchmarkCompileFullWorkers/esbuild/p4,allocs/op,27354,27574.5,28253.5,3.28836733201725,0.04112554112554113,2.4624199894830445,0.025974025974025976,6,500ms,retained-span and closure reuse
hintscratch,hintscratch-warm-signals,signals,BenchmarkCompileWorkers/sqlite3/p8,ns/op,22386442,10110668,10114397.5,-54.81909318148905,0.0021645021645021645,0.03688678136795076,0.9372294372294372,6,500ms,retained-span and closure reuse
hintscratch,hintscratch-warm-signals,signals,BenchmarkCompileWorkers/sqlite3/p8,code-B,3636329,3636329,3636329,0,1,0,1,6,500ms,retained-span and closure reuse
hintscratch,hintscratch-warm-signals,signals,BenchmarkCompileWorkers/sqlite3/p8,B/op,16638113,16391815,16467852.5,-1.023316165721433,0.30952380952380953,0.4638748058100939,0.6991341991341992,6,500ms,retained-span and closure reuse
hintscratch,hintscratch-warm-signals,signals,BenchmarkCompileWorkers/sqlite3/p8,allocs/op,4507.5,4512.5,4470,-0.8319467554076532,0.0021645021645021645,-0.9418282548476431,0.0021645021645021645,6,500ms,retained-span and closure reuse
hintscratch,hintscratch-esbuild-fixed-signals,signals,BenchmarkCompileFullWorkers/esbuild/p4,ns/op,389389037,175449586,176267936,-54.732178040235894,7.39602301050679e-7,0.4664302827138034,0.2656695841512102,12,3x,retained-span and closure reuse
hintscratch,hintscratch-esbuild-fixed-signals,signals,BenchmarkCompileFullWorkers/esbuild/p4,code-B,20163867,20163867,20163867,0,1,0,1,12,3x,retained-span and closure reuse
hintscratch,hintscratch-esbuild-fixed-signals,signals,BenchmarkCompileFullWorkers/esbuild/p4,B/op,181870775.5,182311414.5,182363494.5,0.27091708310222895,0.06836144068611426,0.028566505362714878,0.5898757320213774,12,3x,retained-span and closure reuse
hintscratch,hintscratch-esbuild-fixed-signals,signals,BenchmarkCompileFullWorkers/esbuild/p4,allocs/op,27862,27991,28091.5,0.82370253391717,0.3185851703821821,0.35904397842163593,0.5137225810936943,12,3x,retained-span and closure reuse
