bounds,label,group,sample,peak_rss_KiB,key
signals,base,BenchmarkPluginInstantiate,0,210080,base-signals-BenchmarkPluginInstantiate-0
signals,final,BenchmarkPluginInstantiate,0,219152,final-signals-BenchmarkPluginInstantiate-0
signals,final,BenchmarkPluginInstantiate,1,210732,final-signals-BenchmarkPluginInstantiate-1
signals,base,BenchmarkPluginInstantiate,1,211136,base-signals-BenchmarkPluginInstantiate-1
signals,base,BenchmarkPluginInstantiate,2,213196,base-signals-BenchmarkPluginInstantiate-2
signals,final,BenchmarkPluginInstantiate,2,217796,final-signals-BenchmarkPluginInstantiate-2
signals,final,BenchmarkPluginInstantiate,3,216604,final-signals-BenchmarkPluginInstantiate-3
signals,base,BenchmarkPluginInstantiate,3,213088,base-signals-BenchmarkPluginInstantiate-3
signals,base,BenchmarkPluginInstantiate,4,216540,base-signals-BenchmarkPluginInstantiate-4
signals,final,BenchmarkPluginInstantiate,4,208908,final-signals-BenchmarkPluginInstantiate-4
signals,final,BenchmarkPluginInstantiate,5,219192,final-signals-BenchmarkPluginInstantiate-5
signals,base,BenchmarkPluginInstantiate,5,214952,base-signals-BenchmarkPluginInstantiate-5
signals,base,BenchmarkPluginExec,0,241000,base-signals-BenchmarkPluginExec-0
signals,final,BenchmarkPluginExec,0,236656,final-signals-BenchmarkPluginExec-0
signals,final,BenchmarkPluginExec,1,238960,final-signals-BenchmarkPluginExec-1
signals,base,BenchmarkPluginExec,1,240276,base-signals-BenchmarkPluginExec-1
signals,base,BenchmarkPluginExec,2,240444,base-signals-BenchmarkPluginExec-2
signals,final,BenchmarkPluginExec,2,237360,final-signals-BenchmarkPluginExec-2
signals,final,BenchmarkPluginExec,3,239176,final-signals-BenchmarkPluginExec-3
signals,base,BenchmarkPluginExec,3,242744,base-signals-BenchmarkPluginExec-3
signals,base,BenchmarkPluginExec,4,239016,base-signals-BenchmarkPluginExec-4
signals,final,BenchmarkPluginExec,4,235384,final-signals-BenchmarkPluginExec-4
signals,final,BenchmarkPluginExec,5,239708,final-signals-BenchmarkPluginExec-5
signals,base,BenchmarkPluginExec,5,239704,base-signals-BenchmarkPluginExec-5
signals,base,BenchmarkExec,0,54692,base-signals-BenchmarkExec-0
signals,final,BenchmarkExec,0,54304,final-signals-BenchmarkExec-0
signals,final,BenchmarkExec,1,54876,final-signals-BenchmarkExec-1
signals,base,BenchmarkExec,1,54380,base-signals-BenchmarkExec-1
signals,base,BenchmarkExec,2,54652,base-signals-BenchmarkExec-2
signals,final,BenchmarkExec,2,54564,final-signals-BenchmarkExec-2
signals,final,BenchmarkExec,3,54532,final-signals-BenchmarkExec-3
signals,base,BenchmarkExec,3,54556,base-signals-BenchmarkExec-3
signals,base,BenchmarkExec,4,54660,base-signals-BenchmarkExec-4
signals,final,BenchmarkExec,4,54232,final-signals-BenchmarkExec-4
signals,final,BenchmarkExec,5,54824,final-signals-BenchmarkExec-5
signals,base,BenchmarkExec,5,55392,base-signals-BenchmarkExec-5
signals,base,BenchmarkExecParallel,0,83152,base-signals-BenchmarkExecParallel-0
signals,final,BenchmarkExecParallel,0,85164,final-signals-BenchmarkExecParallel-0
signals,final,BenchmarkExecParallel,1,85672,final-signals-BenchmarkExecParallel-1
signals,base,BenchmarkExecParallel,1,85688,base-signals-BenchmarkExecParallel-1
signals,base,BenchmarkExecParallel,2,85508,base-signals-BenchmarkExecParallel-2
signals,final,BenchmarkExecParallel,2,85156,final-signals-BenchmarkExecParallel-2
signals,final,BenchmarkExecParallel,3,85424,final-signals-BenchmarkExecParallel-3
signals,base,BenchmarkExecParallel,3,85824,base-signals-BenchmarkExecParallel-3
signals,base,BenchmarkExecParallel,4,85260,base-signals-BenchmarkExecParallel-4
signals,final,BenchmarkExecParallel,4,85692,final-signals-BenchmarkExecParallel-4
signals,final,BenchmarkExecParallel,5,85632,final-signals-BenchmarkExecParallel-5
signals,base,BenchmarkExecParallel,5,85172,base-signals-BenchmarkExecParallel-5
signals,base,BenchmarkCompileFull,0,142048,base-signals-BenchmarkCompileFull-0
signals,final,BenchmarkCompileFull,0,151236,final-signals-BenchmarkCompileFull-0
signals,final,BenchmarkCompileFull,1,153508,final-signals-BenchmarkCompileFull-1
signals,base,BenchmarkCompileFull,1,147572,base-signals-BenchmarkCompileFull-1
signals,base,BenchmarkCompileFull,2,148328,base-signals-BenchmarkCompileFull-2
signals,final,BenchmarkCompileFull,2,153388,final-signals-BenchmarkCompileFull-2
signals,final,BenchmarkCompileFull,3,151832,final-signals-BenchmarkCompileFull-3
signals,base,BenchmarkCompileFull,3,141668,base-signals-BenchmarkCompileFull-3
signals,base,BenchmarkCompileFull,4,144932,base-signals-BenchmarkCompileFull-4
signals,final,BenchmarkCompileFull,4,151560,final-signals-BenchmarkCompileFull-4
signals,final,BenchmarkCompileFull,5,141380,final-signals-BenchmarkCompileFull-5
signals,base,BenchmarkCompileFull,5,142276,base-signals-BenchmarkCompileFull-5
signals,base,BenchmarkCompileCompact,0,1776000,base-signals-BenchmarkCompileCompact-0
signals,final,BenchmarkCompileCompact,0,1901784,final-signals-BenchmarkCompileCompact-0
signals,final,BenchmarkCompileCompact,1,1812112,final-signals-BenchmarkCompileCompact-1
signals,base,BenchmarkCompileCompact,1,1709548,base-signals-BenchmarkCompileCompact-1
signals,base,BenchmarkCompileCompact,2,1726640,base-signals-BenchmarkCompileCompact-2
signals,final,BenchmarkCompileCompact,2,1839272,final-signals-BenchmarkCompileCompact-2
signals,final,BenchmarkCompileCompact,3,1845744,final-signals-BenchmarkCompileCompact-3
signals,base,BenchmarkCompileCompact,3,1828260,base-signals-BenchmarkCompileCompact-3
signals,base,BenchmarkCompileCompact,4,1893640,base-signals-BenchmarkCompileCompact-4
signals,final,BenchmarkCompileCompact,4,1879700,final-signals-BenchmarkCompileCompact-4
signals,final,BenchmarkCompileCompact,5,1924688,final-signals-BenchmarkCompileCompact-5
signals,base,BenchmarkCompileCompact,5,1762052,base-signals-BenchmarkCompileCompact-5
signals,base,BenchmarkCompile_wago,0,58620,base-signals-BenchmarkCompile_wago-0
signals,final,BenchmarkCompile_wago,0,57808,final-signals-BenchmarkCompile_wago-0
signals,final,BenchmarkCompile_wago,1,58556,final-signals-BenchmarkCompile_wago-1
signals,base,BenchmarkCompile_wago,1,58824,base-signals-BenchmarkCompile_wago-1
signals,base,BenchmarkCompile_wago,2,58936,base-signals-BenchmarkCompile_wago-2
signals,final,BenchmarkCompile_wago,2,58332,final-signals-BenchmarkCompile_wago-2
signals,final,BenchmarkCompile_wago,3,60936,final-signals-BenchmarkCompile_wago-3
signals,base,BenchmarkCompile_wago,3,57012,base-signals-BenchmarkCompile_wago-3
signals,base,BenchmarkCompile_wago,4,94724,base-signals-BenchmarkCompile_wago-4
signals,final,BenchmarkCompile_wago,4,58020,final-signals-BenchmarkCompile_wago-4
signals,final,BenchmarkCompile_wago,5,96328,final-signals-BenchmarkCompile_wago-5
signals,base,BenchmarkCompile_wago,5,58444,base-signals-BenchmarkCompile_wago-5
signals,base,BenchmarkCompile_wazero,0,18108,base-signals-BenchmarkCompile_wazero-0
signals,final,BenchmarkCompile_wazero,0,19276,final-signals-BenchmarkCompile_wazero-0
signals,final,BenchmarkCompile_wazero,1,17800,final-signals-BenchmarkCompile_wazero-1
signals,base,BenchmarkCompile_wazero,1,19088,base-signals-BenchmarkCompile_wazero-1
signals,base,BenchmarkCompile_wazero,2,18920,base-signals-BenchmarkCompile_wazero-2
signals,final,BenchmarkCompile_wazero,2,19500,final-signals-BenchmarkCompile_wazero-2
signals,final,BenchmarkCompile_wazero,3,22484,final-signals-BenchmarkCompile_wazero-3
signals,base,BenchmarkCompile_wazero,3,18308,base-signals-BenchmarkCompile_wazero-3
signals,base,BenchmarkCompile_wazero,4,18228,base-signals-BenchmarkCompile_wazero-4
signals,final,BenchmarkCompile_wazero,4,19172,final-signals-BenchmarkCompile_wazero-4
signals,final,BenchmarkCompile_wazero,5,18156,final-signals-BenchmarkCompile_wazero-5
signals,base,BenchmarkCompile_wazero,5,18616,base-signals-BenchmarkCompile_wazero-5
signals,base,BenchmarkInstantiate_wago,0,20840,base-signals-BenchmarkInstantiate_wago-0
signals,final,BenchmarkInstantiate_wago,0,18324,final-signals-BenchmarkInstantiate_wago-0
signals,final,BenchmarkInstantiate_wago,1,20364,final-signals-BenchmarkInstantiate_wago-1
signals,base,BenchmarkInstantiate_wago,1,20924,base-signals-BenchmarkInstantiate_wago-1
signals,base,BenchmarkInstantiate_wago,2,20480,base-signals-BenchmarkInstantiate_wago-2
signals,final,BenchmarkInstantiate_wago,2,20380,final-signals-BenchmarkInstantiate_wago-2
signals,final,BenchmarkInstantiate_wago,3,18648,final-signals-BenchmarkInstantiate_wago-3
signals,base,BenchmarkInstantiate_wago,3,21092,base-signals-BenchmarkInstantiate_wago-3
signals,base,BenchmarkInstantiate_wago,4,20452,base-signals-BenchmarkInstantiate_wago-4
signals,final,BenchmarkInstantiate_wago,4,20008,final-signals-BenchmarkInstantiate_wago-4
signals,final,BenchmarkInstantiate_wago,5,20216,final-signals-BenchmarkInstantiate_wago-5
signals,base,BenchmarkInstantiate_wago,5,18856,base-signals-BenchmarkInstantiate_wago-5
signals,base,BenchmarkInstantiate_wazero,0,19192,base-signals-BenchmarkInstantiate_wazero-0
signals,final,BenchmarkInstantiate_wazero,0,18796,final-signals-BenchmarkInstantiate_wazero-0
signals,final,BenchmarkInstantiate_wazero,1,21136,final-signals-BenchmarkInstantiate_wazero-1
signals,base,BenchmarkInstantiate_wazero,1,19312,base-signals-BenchmarkInstantiate_wazero-1
signals,base,BenchmarkInstantiate_wazero,2,19232,base-signals-BenchmarkInstantiate_wazero-2
signals,final,BenchmarkInstantiate_wazero,2,21064,final-signals-BenchmarkInstantiate_wazero-2
signals,final,BenchmarkInstantiate_wazero,3,18892,final-signals-BenchmarkInstantiate_wazero-3
signals,base,BenchmarkInstantiate_wazero,3,19068,base-signals-BenchmarkInstantiate_wazero-3
signals,base,BenchmarkInstantiate_wazero,4,19236,base-signals-BenchmarkInstantiate_wazero-4
signals,final,BenchmarkInstantiate_wazero,4,19128,final-signals-BenchmarkInstantiate_wazero-4
signals,final,BenchmarkInstantiate_wazero,5,18996,final-signals-BenchmarkInstantiate_wazero-5
signals,base,BenchmarkInstantiate_wazero,5,19340,base-signals-BenchmarkInstantiate_wazero-5
signals,base,BenchmarkExecFibLoop_wago,0,14356,base-signals-BenchmarkExecFibLoop_wago-0
signals,final,BenchmarkExecFibLoop_wago,0,16224,final-signals-BenchmarkExecFibLoop_wago-0
signals,final,BenchmarkExecFibLoop_wago,1,16248,final-signals-BenchmarkExecFibLoop_wago-1
signals,base,BenchmarkExecFibLoop_wago,1,16416,base-signals-BenchmarkExecFibLoop_wago-1
signals,base,BenchmarkExecFibLoop_wago,2,16444,base-signals-BenchmarkExecFibLoop_wago-2
signals,final,BenchmarkExecFibLoop_wago,2,16428,final-signals-BenchmarkExecFibLoop_wago-2
signals,final,BenchmarkExecFibLoop_wago,3,16096,final-signals-BenchmarkExecFibLoop_wago-3
signals,base,BenchmarkExecFibLoop_wago,3,16536,base-signals-BenchmarkExecFibLoop_wago-3
signals,base,BenchmarkExecFibLoop_wago,4,16684,base-signals-BenchmarkExecFibLoop_wago-4
signals,final,BenchmarkExecFibLoop_wago,4,16184,final-signals-BenchmarkExecFibLoop_wago-4
signals,final,BenchmarkExecFibLoop_wago,5,16328,final-signals-BenchmarkExecFibLoop_wago-5
signals,base,BenchmarkExecFibLoop_wago,5,16648,base-signals-BenchmarkExecFibLoop_wago-5
signals,base,BenchmarkExecFibLoop_wazero,0,18720,base-signals-BenchmarkExecFibLoop_wazero-0
signals,final,BenchmarkExecFibLoop_wazero,0,18644,final-signals-BenchmarkExecFibLoop_wazero-0
signals,final,BenchmarkExecFibLoop_wazero,1,18856,final-signals-BenchmarkExecFibLoop_wazero-1
signals,base,BenchmarkExecFibLoop_wazero,1,18728,base-signals-BenchmarkExecFibLoop_wazero-1
signals,base,BenchmarkExecFibLoop_wazero,2,18808,base-signals-BenchmarkExecFibLoop_wazero-2
signals,final,BenchmarkExecFibLoop_wazero,2,18664,final-signals-BenchmarkExecFibLoop_wazero-2
signals,final,BenchmarkExecFibLoop_wazero,3,18660,final-signals-BenchmarkExecFibLoop_wazero-3
signals,base,BenchmarkExecFibLoop_wazero,3,18900,base-signals-BenchmarkExecFibLoop_wazero-3
signals,base,BenchmarkExecFibLoop_wazero,4,19028,base-signals-BenchmarkExecFibLoop_wazero-4
signals,final,BenchmarkExecFibLoop_wazero,4,18800,final-signals-BenchmarkExecFibLoop_wazero-4
signals,final,BenchmarkExecFibLoop_wazero,5,18516,final-signals-BenchmarkExecFibLoop_wazero-5
signals,base,BenchmarkExecFibLoop_wazero,5,21180,base-signals-BenchmarkExecFibLoop_wazero-5
signals,base,BenchmarkExecFibRec_wago,0,16376,base-signals-BenchmarkExecFibRec_wago-0
signals,final,BenchmarkExecFibRec_wago,0,16328,final-signals-BenchmarkExecFibRec_wago-0
signals,final,BenchmarkExecFibRec_wago,1,16144,final-signals-BenchmarkExecFibRec_wago-1
signals,base,BenchmarkExecFibRec_wago,1,16524,base-signals-BenchmarkExecFibRec_wago-1
signals,base,BenchmarkExecFibRec_wago,2,16268,base-signals-BenchmarkExecFibRec_wago-2
signals,final,BenchmarkExecFibRec_wago,2,16152,final-signals-BenchmarkExecFibRec_wago-2
signals,final,BenchmarkExecFibRec_wago,3,18180,final-signals-BenchmarkExecFibRec_wago-3
signals,base,BenchmarkExecFibRec_wago,3,16308,base-signals-BenchmarkExecFibRec_wago-3
signals,base,BenchmarkExecFibRec_wago,4,16228,base-signals-BenchmarkExecFibRec_wago-4
signals,final,BenchmarkExecFibRec_wago,4,16264,final-signals-BenchmarkExecFibRec_wago-4
signals,final,BenchmarkExecFibRec_wago,5,15920,final-signals-BenchmarkExecFibRec_wago-5
signals,base,BenchmarkExecFibRec_wago,5,18316,base-signals-BenchmarkExecFibRec_wago-5
signals,base,BenchmarkExecFibRec_wazero,0,14412,base-signals-BenchmarkExecFibRec_wazero-0
signals,final,BenchmarkExecFibRec_wazero,0,13984,final-signals-BenchmarkExecFibRec_wazero-0
signals,final,BenchmarkExecFibRec_wazero,1,16560,final-signals-BenchmarkExecFibRec_wazero-1
signals,base,BenchmarkExecFibRec_wazero,1,16348,base-signals-BenchmarkExecFibRec_wazero-1
signals,base,BenchmarkExecFibRec_wazero,2,14556,base-signals-BenchmarkExecFibRec_wazero-2
signals,final,BenchmarkExecFibRec_wazero,2,14064,final-signals-BenchmarkExecFibRec_wazero-2
signals,final,BenchmarkExecFibRec_wazero,3,16016,final-signals-BenchmarkExecFibRec_wazero-3
signals,base,BenchmarkExecFibRec_wazero,3,12600,base-signals-BenchmarkExecFibRec_wazero-3
signals,base,BenchmarkExecFibRec_wazero,4,16460,base-signals-BenchmarkExecFibRec_wazero-4
signals,final,BenchmarkExecFibRec_wazero,4,12568,final-signals-BenchmarkExecFibRec_wazero-4
signals,final,BenchmarkExecFibRec_wazero,5,16268,final-signals-BenchmarkExecFibRec_wazero-5
signals,base,BenchmarkExecFibRec_wazero,5,14476,base-signals-BenchmarkExecFibRec_wazero-5
signals,base,BenchmarkExecCallOverhead_wago,0,16564,base-signals-BenchmarkExecCallOverhead_wago-0
signals,final,BenchmarkExecCallOverhead_wago,0,16448,final-signals-BenchmarkExecCallOverhead_wago-0
signals,final,BenchmarkExecCallOverhead_wago,1,18196,final-signals-BenchmarkExecCallOverhead_wago-1
signals,base,BenchmarkExecCallOverhead_wago,1,16556,base-signals-BenchmarkExecCallOverhead_wago-1
signals,base,BenchmarkExecCallOverhead_wago,2,16520,base-signals-BenchmarkExecCallOverhead_wago-2
signals,final,BenchmarkExecCallOverhead_wago,2,16172,final-signals-BenchmarkExecCallOverhead_wago-2
signals,final,BenchmarkExecCallOverhead_wago,3,16136,final-signals-BenchmarkExecCallOverhead_wago-3
signals,base,BenchmarkExecCallOverhead_wago,3,16508,base-signals-BenchmarkExecCallOverhead_wago-3
signals,base,BenchmarkExecCallOverhead_wago,4,14700,base-signals-BenchmarkExecCallOverhead_wago-4
signals,final,BenchmarkExecCallOverhead_wago,4,16348,final-signals-BenchmarkExecCallOverhead_wago-4
signals,final,BenchmarkExecCallOverhead_wago,5,16148,final-signals-BenchmarkExecCallOverhead_wago-5
signals,base,BenchmarkExecCallOverhead_wago,5,16556,base-signals-BenchmarkExecCallOverhead_wago-5
signals,base,BenchmarkExecCallOverhead_wazero,0,18620,base-signals-BenchmarkExecCallOverhead_wazero-0
signals,final,BenchmarkExecCallOverhead_wazero,0,18844,final-signals-BenchmarkExecCallOverhead_wazero-0
signals,final,BenchmarkExecCallOverhead_wazero,1,18880,final-signals-BenchmarkExecCallOverhead_wazero-1
signals,base,BenchmarkExecCallOverhead_wazero,1,16932,base-signals-BenchmarkExecCallOverhead_wazero-1
signals,base,BenchmarkExecCallOverhead_wazero,2,18836,base-signals-BenchmarkExecCallOverhead_wazero-2
signals,final,BenchmarkExecCallOverhead_wazero,2,18488,final-signals-BenchmarkExecCallOverhead_wazero-2
signals,final,BenchmarkExecCallOverhead_wazero,3,18692,final-signals-BenchmarkExecCallOverhead_wazero-3
signals,base,BenchmarkExecCallOverhead_wazero,3,19392,base-signals-BenchmarkExecCallOverhead_wazero-3
signals,base,BenchmarkExecCallOverhead_wazero,4,18644,base-signals-BenchmarkExecCallOverhead_wazero-4
signals,final,BenchmarkExecCallOverhead_wazero,4,19016,final-signals-BenchmarkExecCallOverhead_wazero-4
signals,final,BenchmarkExecCallOverhead_wazero,5,20740,final-signals-BenchmarkExecCallOverhead_wazero-5
signals,base,BenchmarkExecCallOverhead_wazero,5,21052,base-signals-BenchmarkExecCallOverhead_wazero-5
signals,base,BenchmarkExecHostRoundtrip_wago,0,22520,base-signals-BenchmarkExecHostRoundtrip_wago-0
signals,final,BenchmarkExecHostRoundtrip_wago,0,24596,final-signals-BenchmarkExecHostRoundtrip_wago-0
signals,final,BenchmarkExecHostRoundtrip_wago,1,22424,final-signals-BenchmarkExecHostRoundtrip_wago-1
signals,base,BenchmarkExecHostRoundtrip_wago,1,22396,base-signals-BenchmarkExecHostRoundtrip_wago-1
signals,base,BenchmarkExecHostRoundtrip_wago,2,22428,base-signals-BenchmarkExecHostRoundtrip_wago-2
signals,final,BenchmarkExecHostRoundtrip_wago,2,22496,final-signals-BenchmarkExecHostRoundtrip_wago-2
signals,final,BenchmarkExecHostRoundtrip_wago,3,22460,final-signals-BenchmarkExecHostRoundtrip_wago-3
signals,base,BenchmarkExecHostRoundtrip_wago,3,22716,base-signals-BenchmarkExecHostRoundtrip_wago-3
signals,base,BenchmarkExecHostRoundtrip_wago,4,20528,base-signals-BenchmarkExecHostRoundtrip_wago-4
signals,final,BenchmarkExecHostRoundtrip_wago,4,22204,final-signals-BenchmarkExecHostRoundtrip_wago-4
signals,final,BenchmarkExecHostRoundtrip_wago,5,22472,final-signals-BenchmarkExecHostRoundtrip_wago-5
signals,base,BenchmarkExecHostRoundtrip_wago,5,22472,base-signals-BenchmarkExecHostRoundtrip_wago-5
signals,base,BenchmarkExecHostRoundtrip_wazero,0,17936,base-signals-BenchmarkExecHostRoundtrip_wazero-0
signals,final,BenchmarkExecHostRoundtrip_wazero,0,18200,final-signals-BenchmarkExecHostRoundtrip_wazero-0
signals,final,BenchmarkExecHostRoundtrip_wazero,1,20928,final-signals-BenchmarkExecHostRoundtrip_wazero-1
signals,base,BenchmarkExecHostRoundtrip_wazero,1,18996,base-signals-BenchmarkExecHostRoundtrip_wazero-1
signals,base,BenchmarkExecHostRoundtrip_wazero,2,17244,base-signals-BenchmarkExecHostRoundtrip_wazero-2
signals,final,BenchmarkExecHostRoundtrip_wazero,2,18952,final-signals-BenchmarkExecHostRoundtrip_wazero-2
signals,final,BenchmarkExecHostRoundtrip_wazero,3,18940,final-signals-BenchmarkExecHostRoundtrip_wazero-3
signals,base,BenchmarkExecHostRoundtrip_wazero,3,20748,base-signals-BenchmarkExecHostRoundtrip_wazero-3
signals,base,BenchmarkExecHostRoundtrip_wazero,4,19228,base-signals-BenchmarkExecHostRoundtrip_wazero-4
signals,final,BenchmarkExecHostRoundtrip_wazero,4,18988,final-signals-BenchmarkExecHostRoundtrip_wazero-4
signals,final,BenchmarkExecHostRoundtrip_wazero,5,19008,final-signals-BenchmarkExecHostRoundtrip_wazero-5
signals,base,BenchmarkExecHostRoundtrip_wazero,5,19384,base-signals-BenchmarkExecHostRoundtrip_wazero-5
signals,base,BenchmarkExecGlobalGet_wago,0,16092,base-signals-BenchmarkExecGlobalGet_wago-0
signals,final,BenchmarkExecGlobalGet_wago,0,19796,final-signals-BenchmarkExecGlobalGet_wago-0
signals,final,BenchmarkExecGlobalGet_wago,1,17836,final-signals-BenchmarkExecGlobalGet_wago-1
signals,base,BenchmarkExecGlobalGet_wago,1,17768,base-signals-BenchmarkExecGlobalGet_wago-1
signals,base,BenchmarkExecGlobalGet_wago,2,18088,base-signals-BenchmarkExecGlobalGet_wago-2
signals,final,BenchmarkExecGlobalGet_wago,2,17844,final-signals-BenchmarkExecGlobalGet_wago-2
signals,final,BenchmarkExecGlobalGet_wago,3,17796,final-signals-BenchmarkExecGlobalGet_wago-3
signals,base,BenchmarkExecGlobalGet_wago,3,18160,base-signals-BenchmarkExecGlobalGet_wago-3
signals,base,BenchmarkExecGlobalGet_wago,4,17952,base-signals-BenchmarkExecGlobalGet_wago-4
signals,final,BenchmarkExecGlobalGet_wago,4,17768,final-signals-BenchmarkExecGlobalGet_wago-4
signals,final,BenchmarkExecGlobalGet_wago,5,17848,final-signals-BenchmarkExecGlobalGet_wago-5
signals,base,BenchmarkExecGlobalGet_wago,5,17936,base-signals-BenchmarkExecGlobalGet_wago-5
signals,base,BenchmarkExecGlobalSet_wago,0,18124,base-signals-BenchmarkExecGlobalSet_wago-0
signals,final,BenchmarkExecGlobalSet_wago,0,15608,final-signals-BenchmarkExecGlobalSet_wago-0
signals,final,BenchmarkExecGlobalSet_wago,1,19824,final-signals-BenchmarkExecGlobalSet_wago-1
signals,base,BenchmarkExecGlobalSet_wago,1,18004,base-signals-BenchmarkExecGlobalSet_wago-1
signals,base,BenchmarkExecGlobalSet_wago,2,17580,base-signals-BenchmarkExecGlobalSet_wago-2
signals,final,BenchmarkExecGlobalSet_wago,2,20144,final-signals-BenchmarkExecGlobalSet_wago-2
signals,final,BenchmarkExecGlobalSet_wago,3,17392,final-signals-BenchmarkExecGlobalSet_wago-3
signals,base,BenchmarkExecGlobalSet_wago,3,16084,base-signals-BenchmarkExecGlobalSet_wago-3
signals,base,BenchmarkExecGlobalSet_wago,4,19844,base-signals-BenchmarkExecGlobalSet_wago-4
signals,final,BenchmarkExecGlobalSet_wago,4,15752,final-signals-BenchmarkExecGlobalSet_wago-4
signals,final,BenchmarkExecGlobalSet_wago,5,17756,final-signals-BenchmarkExecGlobalSet_wago-5
signals,base,BenchmarkExecGlobalSet_wago,5,18100,base-signals-BenchmarkExecGlobalSet_wago-5
signals,base,BenchmarkExecLocalGet_wago,0,18076,base-signals-BenchmarkExecLocalGet_wago-0
signals,final,BenchmarkExecLocalGet_wago,0,17708,final-signals-BenchmarkExecLocalGet_wago-0
signals,final,BenchmarkExecLocalGet_wago,1,18116,final-signals-BenchmarkExecLocalGet_wago-1
signals,base,BenchmarkExecLocalGet_wago,1,15988,base-signals-BenchmarkExecLocalGet_wago-1
signals,base,BenchmarkExecLocalGet_wago,2,18068,base-signals-BenchmarkExecLocalGet_wago-2
signals,final,BenchmarkExecLocalGet_wago,2,17896,final-signals-BenchmarkExecLocalGet_wago-2
signals,final,BenchmarkExecLocalGet_wago,3,17748,final-signals-BenchmarkExecLocalGet_wago-3
signals,base,BenchmarkExecLocalGet_wago,3,18076,base-signals-BenchmarkExecLocalGet_wago-3
signals,base,BenchmarkExecLocalGet_wago,4,19788,base-signals-BenchmarkExecLocalGet_wago-4
signals,final,BenchmarkExecLocalGet_wago,4,17856,final-signals-BenchmarkExecLocalGet_wago-4
signals,final,BenchmarkExecLocalGet_wago,5,17728,final-signals-BenchmarkExecLocalGet_wago-5
signals,base,BenchmarkExecLocalGet_wago,5,17964,base-signals-BenchmarkExecLocalGet_wago-5
signals,base,BenchmarkExecMemoryLoad_wago,0,18136,base-signals-BenchmarkExecMemoryLoad_wago-0
signals,final,BenchmarkExecMemoryLoad_wago,0,17568,final-signals-BenchmarkExecMemoryLoad_wago-0
signals,final,BenchmarkExecMemoryLoad_wago,1,17836,final-signals-BenchmarkExecMemoryLoad_wago-1
signals,base,BenchmarkExecMemoryLoad_wago,1,17788,base-signals-BenchmarkExecMemoryLoad_wago-1
signals,base,BenchmarkExecMemoryLoad_wago,2,20040,base-signals-BenchmarkExecMemoryLoad_wago-2
signals,final,BenchmarkExecMemoryLoad_wago,2,17592,final-signals-BenchmarkExecMemoryLoad_wago-2
signals,final,BenchmarkExecMemoryLoad_wago,3,17812,final-signals-BenchmarkExecMemoryLoad_wago-3
signals,base,BenchmarkExecMemoryLoad_wago,3,18032,base-signals-BenchmarkExecMemoryLoad_wago-3
signals,base,BenchmarkExecMemoryLoad_wago,4,18132,base-signals-BenchmarkExecMemoryLoad_wago-4
signals,final,BenchmarkExecMemoryLoad_wago,4,17920,final-signals-BenchmarkExecMemoryLoad_wago-4
signals,final,BenchmarkExecMemoryLoad_wago,5,17512,final-signals-BenchmarkExecMemoryLoad_wago-5
signals,base,BenchmarkExecMemoryLoad_wago,5,17868,base-signals-BenchmarkExecMemoryLoad_wago-5
signals,base,BenchmarkWazeroCompile,0,678392,base-signals-BenchmarkWazeroCompile-0
signals,final,BenchmarkWazeroCompile,0,688796,final-signals-BenchmarkWazeroCompile-0
signals,final,BenchmarkWazeroCompile,1,560004,final-signals-BenchmarkWazeroCompile-1
signals,base,BenchmarkWazeroCompile,1,699040,base-signals-BenchmarkWazeroCompile-1
signals,base,BenchmarkWazeroCompile,2,569744,base-signals-BenchmarkWazeroCompile-2
signals,final,BenchmarkWazeroCompile,2,698232,final-signals-BenchmarkWazeroCompile-2
signals,final,BenchmarkWazeroCompile,3,701608,final-signals-BenchmarkWazeroCompile-3
signals,base,BenchmarkWazeroCompile,3,699444,base-signals-BenchmarkWazeroCompile-3
signals,base,BenchmarkWazeroCompile,4,691380,base-signals-BenchmarkWazeroCompile-4
signals,final,BenchmarkWazeroCompile,4,585456,final-signals-BenchmarkWazeroCompile-4
signals,final,BenchmarkWazeroCompile,5,692976,final-signals-BenchmarkWazeroCompile-5
signals,base,BenchmarkWazeroCompile,5,562688,base-signals-BenchmarkWazeroCompile-5
signals,base,BenchmarkWazeroInstantiate,0,219340,base-signals-BenchmarkWazeroInstantiate-0
signals,final,BenchmarkWazeroInstantiate,0,123448,final-signals-BenchmarkWazeroInstantiate-0
signals,final,BenchmarkWazeroInstantiate,1,137128,final-signals-BenchmarkWazeroInstantiate-1
signals,base,BenchmarkWazeroInstantiate,1,136384,base-signals-BenchmarkWazeroInstantiate-1
signals,base,BenchmarkWazeroInstantiate,2,97324,base-signals-BenchmarkWazeroInstantiate-2
signals,final,BenchmarkWazeroInstantiate,2,96032,final-signals-BenchmarkWazeroInstantiate-2
signals,final,BenchmarkWazeroInstantiate,3,159900,final-signals-BenchmarkWazeroInstantiate-3
signals,base,BenchmarkWazeroInstantiate,3,160728,base-signals-BenchmarkWazeroInstantiate-3
signals,base,BenchmarkWazeroInstantiate,4,140628,base-signals-BenchmarkWazeroInstantiate-4
signals,final,BenchmarkWazeroInstantiate,4,106792,final-signals-BenchmarkWazeroInstantiate-4
signals,final,BenchmarkWazeroInstantiate,5,97012,final-signals-BenchmarkWazeroInstantiate-5
signals,base,BenchmarkWazeroInstantiate,5,107996,base-signals-BenchmarkWazeroInstantiate-5
signals,base,BenchmarkWazeroExec,0,79548,base-signals-BenchmarkWazeroExec-0
signals,final,BenchmarkWazeroExec,0,79336,final-signals-BenchmarkWazeroExec-0
signals,final,BenchmarkWazeroExec,1,79600,final-signals-BenchmarkWazeroExec-1
signals,base,BenchmarkWazeroExec,1,77824,base-signals-BenchmarkWazeroExec-1
signals,base,BenchmarkWazeroExec,2,77412,base-signals-BenchmarkWazeroExec-2
signals,final,BenchmarkWazeroExec,2,78784,final-signals-BenchmarkWazeroExec-2
signals,final,BenchmarkWazeroExec,3,79080,final-signals-BenchmarkWazeroExec-3
signals,base,BenchmarkWazeroExec,3,79700,base-signals-BenchmarkWazeroExec-3
signals,base,BenchmarkWazeroExec,4,79192,base-signals-BenchmarkWazeroExec-4
signals,final,BenchmarkWazeroExec,4,77308,final-signals-BenchmarkWazeroExec-4
signals,final,BenchmarkWazeroExec,5,77808,final-signals-BenchmarkWazeroExec-5
signals,base,BenchmarkWazeroExec,5,79652,base-signals-BenchmarkWazeroExec-5
signals,base,BenchmarkMemSumBounds,0,18196,base-signals-BenchmarkMemSumBounds-0
signals,final,BenchmarkMemSumBounds,0,16060,final-signals-BenchmarkMemSumBounds-0
signals,final,BenchmarkMemSumBounds,1,18044,final-signals-BenchmarkMemSumBounds-1
signals,base,BenchmarkMemSumBounds,1,18144,base-signals-BenchmarkMemSumBounds-1
signals,base,BenchmarkMemSumBounds,2,18320,base-signals-BenchmarkMemSumBounds-2
signals,final,BenchmarkMemSumBounds,2,17828,final-signals-BenchmarkMemSumBounds-2
signals,final,BenchmarkMemSumBounds,3,16304,final-signals-BenchmarkMemSumBounds-3
signals,base,BenchmarkMemSumBounds,3,18224,base-signals-BenchmarkMemSumBounds-3
signals,base,BenchmarkMemSumBounds,4,18172,base-signals-BenchmarkMemSumBounds-4
signals,final,BenchmarkMemSumBounds,4,18200,final-signals-BenchmarkMemSumBounds-4
signals,final,BenchmarkMemSumBounds,5,18360,final-signals-BenchmarkMemSumBounds-5
signals,base,BenchmarkMemSumBounds,5,20116,base-signals-BenchmarkMemSumBounds-5
signals,base,BenchmarkJsonAsSerialize_wago,0,39384,base-signals-BenchmarkJsonAsSerialize_wago-0
signals,final,BenchmarkJsonAsSerialize_wago,0,37008,final-signals-BenchmarkJsonAsSerialize_wago-0
signals,final,BenchmarkJsonAsSerialize_wago,1,37448,final-signals-BenchmarkJsonAsSerialize_wago-1
signals,base,BenchmarkJsonAsSerialize_wago,1,39216,base-signals-BenchmarkJsonAsSerialize_wago-1
signals,base,BenchmarkJsonAsSerialize_wago,2,37340,base-signals-BenchmarkJsonAsSerialize_wago-2
signals,final,BenchmarkJsonAsSerialize_wago,2,37288,final-signals-BenchmarkJsonAsSerialize_wago-2
signals,final,BenchmarkJsonAsSerialize_wago,3,36868,final-signals-BenchmarkJsonAsSerialize_wago-3
signals,base,BenchmarkJsonAsSerialize_wago,3,39316,base-signals-BenchmarkJsonAsSerialize_wago-3
signals,base,BenchmarkJsonAsSerialize_wago,4,35148,base-signals-BenchmarkJsonAsSerialize_wago-4
signals,final,BenchmarkJsonAsSerialize_wago,4,43140,final-signals-BenchmarkJsonAsSerialize_wago-4
signals,final,BenchmarkJsonAsSerialize_wago,5,37132,final-signals-BenchmarkJsonAsSerialize_wago-5
signals,base,BenchmarkJsonAsSerialize_wago,5,37188,base-signals-BenchmarkJsonAsSerialize_wago-5
signals,base,BenchmarkJsonAsDeserialize_wago,0,36972,base-signals-BenchmarkJsonAsDeserialize_wago-0
signals,final,BenchmarkJsonAsDeserialize_wago,0,36928,final-signals-BenchmarkJsonAsDeserialize_wago-0
signals,final,BenchmarkJsonAsDeserialize_wago,1,36860,final-signals-BenchmarkJsonAsDeserialize_wago-1
signals,base,BenchmarkJsonAsDeserialize_wago,1,43524,base-signals-BenchmarkJsonAsDeserialize_wago-1
signals,base,BenchmarkJsonAsDeserialize_wago,2,36084,base-signals-BenchmarkJsonAsDeserialize_wago-2
signals,final,BenchmarkJsonAsDeserialize_wago,2,35532,final-signals-BenchmarkJsonAsDeserialize_wago-2
signals,final,BenchmarkJsonAsDeserialize_wago,3,35080,final-signals-BenchmarkJsonAsDeserialize_wago-3
signals,base,BenchmarkJsonAsDeserialize_wago,3,37252,base-signals-BenchmarkJsonAsDeserialize_wago-3
signals,base,BenchmarkJsonAsDeserialize_wago,4,37068,base-signals-BenchmarkJsonAsDeserialize_wago-4
signals,final,BenchmarkJsonAsDeserialize_wago,4,37052,final-signals-BenchmarkJsonAsDeserialize_wago-4
signals,final,BenchmarkJsonAsDeserialize_wago,5,39124,final-signals-BenchmarkJsonAsDeserialize_wago-5
signals,base,BenchmarkJsonAsDeserialize_wago,5,39144,base-signals-BenchmarkJsonAsDeserialize_wago-5
signals,base,BenchmarkJsonAsSerialize_wazero,0,22748,base-signals-BenchmarkJsonAsSerialize_wazero-0
signals,final,BenchmarkJsonAsSerialize_wazero,0,23016,final-signals-BenchmarkJsonAsSerialize_wazero-0
signals,final,BenchmarkJsonAsSerialize_wazero,1,23416,final-signals-BenchmarkJsonAsSerialize_wazero-1
signals,base,BenchmarkJsonAsSerialize_wazero,1,22800,base-signals-BenchmarkJsonAsSerialize_wazero-1
signals,base,BenchmarkJsonAsSerialize_wazero,2,22776,base-signals-BenchmarkJsonAsSerialize_wazero-2
signals,final,BenchmarkJsonAsSerialize_wazero,2,24464,final-signals-BenchmarkJsonAsSerialize_wazero-2
signals,final,BenchmarkJsonAsSerialize_wazero,3,23220,final-signals-BenchmarkJsonAsSerialize_wazero-3
signals,base,BenchmarkJsonAsSerialize_wazero,3,23680,base-signals-BenchmarkJsonAsSerialize_wazero-3
signals,base,BenchmarkJsonAsSerialize_wazero,4,23244,base-signals-BenchmarkJsonAsSerialize_wazero-4
signals,final,BenchmarkJsonAsSerialize_wazero,4,23208,final-signals-BenchmarkJsonAsSerialize_wazero-4
signals,final,BenchmarkJsonAsSerialize_wazero,5,23092,final-signals-BenchmarkJsonAsSerialize_wazero-5
signals,base,BenchmarkJsonAsSerialize_wazero,5,22692,base-signals-BenchmarkJsonAsSerialize_wazero-5
signals,base,BenchmarkJsonAsDeserialize_wazero,0,23404,base-signals-BenchmarkJsonAsDeserialize_wazero-0
signals,final,BenchmarkJsonAsDeserialize_wazero,0,23680,final-signals-BenchmarkJsonAsDeserialize_wazero-0
signals,final,BenchmarkJsonAsDeserialize_wazero,1,22904,final-signals-BenchmarkJsonAsDeserialize_wazero-1
signals,base,BenchmarkJsonAsDeserialize_wazero,1,23624,base-signals-BenchmarkJsonAsDeserialize_wazero-1
signals,base,BenchmarkJsonAsDeserialize_wazero,2,23076,base-signals-BenchmarkJsonAsDeserialize_wazero-2
signals,final,BenchmarkJsonAsDeserialize_wazero,2,23544,final-signals-BenchmarkJsonAsDeserialize_wazero-2
signals,final,BenchmarkJsonAsDeserialize_wazero,3,23132,final-signals-BenchmarkJsonAsDeserialize_wazero-3
signals,base,BenchmarkJsonAsDeserialize_wazero,3,22276,base-signals-BenchmarkJsonAsDeserialize_wazero-3
signals,base,BenchmarkJsonAsDeserialize_wazero,4,22260,base-signals-BenchmarkJsonAsDeserialize_wazero-4
signals,final,BenchmarkJsonAsDeserialize_wazero,4,23684,final-signals-BenchmarkJsonAsDeserialize_wazero-4
signals,final,BenchmarkJsonAsDeserialize_wazero,5,22972,final-signals-BenchmarkJsonAsDeserialize_wazero-5
signals,base,BenchmarkJsonAsDeserialize_wazero,5,23528,base-signals-BenchmarkJsonAsDeserialize_wazero-5
signals,base,BenchmarkCompileCommuteSelfUpdate,0,134772,base-signals-BenchmarkCompileCommuteSelfUpdate-0
signals,final,BenchmarkCompileCommuteSelfUpdate,0,123860,final-signals-BenchmarkCompileCommuteSelfUpdate-0
signals,final,BenchmarkCompileCommuteSelfUpdate,1,131120,final-signals-BenchmarkCompileCommuteSelfUpdate-1
signals,base,BenchmarkCompileCommuteSelfUpdate,1,132504,base-signals-BenchmarkCompileCommuteSelfUpdate-1
signals,base,BenchmarkCompileCommuteSelfUpdate,2,132292,base-signals-BenchmarkCompileCommuteSelfUpdate-2
signals,final,BenchmarkCompileCommuteSelfUpdate,2,128452,final-signals-BenchmarkCompileCommuteSelfUpdate-2
signals,final,BenchmarkCompileCommuteSelfUpdate,3,122100,final-signals-BenchmarkCompileCommuteSelfUpdate-3
signals,base,BenchmarkCompileCommuteSelfUpdate,3,133728,base-signals-BenchmarkCompileCommuteSelfUpdate-3
signals,base,BenchmarkCompileCommuteSelfUpdate,4,133188,base-signals-BenchmarkCompileCommuteSelfUpdate-4
signals,final,BenchmarkCompileCommuteSelfUpdate,4,131760,final-signals-BenchmarkCompileCommuteSelfUpdate-4
signals,final,BenchmarkCompileCommuteSelfUpdate,5,129804,final-signals-BenchmarkCompileCommuteSelfUpdate-5
signals,base,BenchmarkCompileCommuteSelfUpdate,5,133600,base-signals-BenchmarkCompileCommuteSelfUpdate-5
signals,base,BenchmarkExecCommuteSelfUpdate,0,53968,base-signals-BenchmarkExecCommuteSelfUpdate-0
signals,final,BenchmarkExecCommuteSelfUpdate,0,51632,final-signals-BenchmarkExecCommuteSelfUpdate-0
signals,final,BenchmarkExecCommuteSelfUpdate,1,51480,final-signals-BenchmarkExecCommuteSelfUpdate-1
signals,base,BenchmarkExecCommuteSelfUpdate,1,53876,base-signals-BenchmarkExecCommuteSelfUpdate-1
signals,base,BenchmarkExecCommuteSelfUpdate,2,53784,base-signals-BenchmarkExecCommuteSelfUpdate-2
signals,final,BenchmarkExecCommuteSelfUpdate,2,51888,final-signals-BenchmarkExecCommuteSelfUpdate-2
signals,final,BenchmarkExecCommuteSelfUpdate,3,54048,final-signals-BenchmarkExecCommuteSelfUpdate-3
signals,base,BenchmarkExecCommuteSelfUpdate,3,52016,base-signals-BenchmarkExecCommuteSelfUpdate-3
signals,base,BenchmarkExecCommuteSelfUpdate,4,51956,base-signals-BenchmarkExecCommuteSelfUpdate-4
signals,final,BenchmarkExecCommuteSelfUpdate,4,51896,final-signals-BenchmarkExecCommuteSelfUpdate-4
signals,final,BenchmarkExecCommuteSelfUpdate,5,51944,final-signals-BenchmarkExecCommuteSelfUpdate-5
signals,base,BenchmarkExecCommuteSelfUpdate,5,52164,base-signals-BenchmarkExecCommuteSelfUpdate-5
signals,base,BenchmarkKernels,0,20108,base-signals-BenchmarkKernels-0
signals,final,BenchmarkKernels,0,19836,final-signals-BenchmarkKernels-0
signals,final,BenchmarkKernels,1,19636,final-signals-BenchmarkKernels-1
signals,base,BenchmarkKernels,1,19660,base-signals-BenchmarkKernels-1
signals,base,BenchmarkKernels,2,22068,base-signals-BenchmarkKernels-2
signals,final,BenchmarkKernels,2,19672,final-signals-BenchmarkKernels-2
signals,final,BenchmarkKernels,3,19736,final-signals-BenchmarkKernels-3
signals,base,BenchmarkKernels,3,20212,base-signals-BenchmarkKernels-3
signals,base,BenchmarkKernels,4,20052,base-signals-BenchmarkKernels-4
signals,final,BenchmarkKernels,4,19852,final-signals-BenchmarkKernels-4
signals,final,BenchmarkKernels,5,19592,final-signals-BenchmarkKernels-5
signals,base,BenchmarkKernels,5,19888,base-signals-BenchmarkKernels-5
signals,base,BenchmarkSqliBenign,0,12880,base-signals-BenchmarkSqliBenign-0
signals,final,BenchmarkSqliBenign,0,12676,final-signals-BenchmarkSqliBenign-0
signals,final,BenchmarkSqliBenign,1,13248,final-signals-BenchmarkSqliBenign-1
signals,base,BenchmarkSqliBenign,1,13124,base-signals-BenchmarkSqliBenign-1
signals,base,BenchmarkSqliBenign,2,13192,base-signals-BenchmarkSqliBenign-2
signals,final,BenchmarkSqliBenign,2,12856,final-signals-BenchmarkSqliBenign-2
signals,final,BenchmarkSqliBenign,3,10812,final-signals-BenchmarkSqliBenign-3
signals,base,BenchmarkSqliBenign,3,13072,base-signals-BenchmarkSqliBenign-3
signals,base,BenchmarkSqliBenign,4,13024,base-signals-BenchmarkSqliBenign-4
signals,final,BenchmarkSqliBenign,4,12960,final-signals-BenchmarkSqliBenign-4
signals,final,BenchmarkSqliBenign,5,13024,final-signals-BenchmarkSqliBenign-5
signals,base,BenchmarkSqliBenign,5,11096,base-signals-BenchmarkSqliBenign-5
signals,base,BenchmarkDecode,0,106960,base-signals-BenchmarkDecode-0
signals,final,BenchmarkDecode,0,107028,final-signals-BenchmarkDecode-0
signals,final,BenchmarkDecode,1,101532,final-signals-BenchmarkDecode-1
signals,base,BenchmarkDecode,1,112064,base-signals-BenchmarkDecode-1
signals,base,BenchmarkDecode,2,100328,base-signals-BenchmarkDecode-2
signals,final,BenchmarkDecode,2,98912,final-signals-BenchmarkDecode-2
signals,final,BenchmarkDecode,3,102132,final-signals-BenchmarkDecode-3
signals,base,BenchmarkDecode,3,103272,base-signals-BenchmarkDecode-3
signals,base,BenchmarkDecode,4,106112,base-signals-BenchmarkDecode-4
signals,final,BenchmarkDecode,4,101780,final-signals-BenchmarkDecode-4
signals,final,BenchmarkDecode,5,101148,final-signals-BenchmarkDecode-5
signals,base,BenchmarkDecode,5,101280,base-signals-BenchmarkDecode-5
signals,base,BenchmarkValidate,0,89456,base-signals-BenchmarkValidate-0
signals,final,BenchmarkValidate,0,91400,final-signals-BenchmarkValidate-0
signals,final,BenchmarkValidate,1,90552,final-signals-BenchmarkValidate-1
signals,base,BenchmarkValidate,1,88616,base-signals-BenchmarkValidate-1
signals,base,BenchmarkValidate,2,88956,base-signals-BenchmarkValidate-2
signals,final,BenchmarkValidate,2,83552,final-signals-BenchmarkValidate-2
signals,final,BenchmarkValidate,3,88784,final-signals-BenchmarkValidate-3
signals,base,BenchmarkValidate,3,88104,base-signals-BenchmarkValidate-3
signals,base,BenchmarkValidate,4,88264,base-signals-BenchmarkValidate-4
signals,final,BenchmarkValidate,4,88028,final-signals-BenchmarkValidate-4
signals,final,BenchmarkValidate,5,80892,final-signals-BenchmarkValidate-5
signals,base,BenchmarkValidate,5,90968,base-signals-BenchmarkValidate-5
signals,base,BenchmarkValidateWorkers,0,90940,base-signals-BenchmarkValidateWorkers-0
signals,final,BenchmarkValidateWorkers,0,90872,final-signals-BenchmarkValidateWorkers-0
signals,final,BenchmarkValidateWorkers,1,90936,final-signals-BenchmarkValidateWorkers-1
signals,base,BenchmarkValidateWorkers,1,94812,base-signals-BenchmarkValidateWorkers-1
signals,base,BenchmarkValidateWorkers,2,90020,base-signals-BenchmarkValidateWorkers-2
signals,final,BenchmarkValidateWorkers,2,90212,final-signals-BenchmarkValidateWorkers-2
signals,final,BenchmarkValidateWorkers,3,90232,final-signals-BenchmarkValidateWorkers-3
signals,base,BenchmarkValidateWorkers,3,90856,base-signals-BenchmarkValidateWorkers-3
signals,base,BenchmarkValidateWorkers,4,88952,base-signals-BenchmarkValidateWorkers-4
signals,final,BenchmarkValidateWorkers,4,91836,final-signals-BenchmarkValidateWorkers-4
signals,final,BenchmarkValidateWorkers,5,90708,final-signals-BenchmarkValidateWorkers-5
signals,base,BenchmarkValidateWorkers,5,90928,base-signals-BenchmarkValidateWorkers-5
signals,base,BenchmarkCompile,0,1651360,base-signals-BenchmarkCompile-0
signals,final,BenchmarkCompile,0,1761744,final-signals-BenchmarkCompile-0
signals,final,BenchmarkCompile,1,1844056,final-signals-BenchmarkCompile-1
signals,base,BenchmarkCompile,1,1598296,base-signals-BenchmarkCompile-1
signals,base,BenchmarkCompile,2,1579424,base-signals-BenchmarkCompile-2
signals,final,BenchmarkCompile,2,1763920,final-signals-BenchmarkCompile-2
signals,final,BenchmarkCompile,3,1756728,final-signals-BenchmarkCompile-3
signals,base,BenchmarkCompile,3,1633168,base-signals-BenchmarkCompile-3
signals,base,BenchmarkCompile,4,1580960,base-signals-BenchmarkCompile-4
signals,final,BenchmarkCompile,4,1916688,final-signals-BenchmarkCompile-4
signals,final,BenchmarkCompile,5,1864100,final-signals-BenchmarkCompile-5
signals,base,BenchmarkCompile,5,1634136,base-signals-BenchmarkCompile-5
signals,base,BenchmarkCompileWorkers,0,793448,base-signals-BenchmarkCompileWorkers-0
signals,final,BenchmarkCompileWorkers,0,815560,final-signals-BenchmarkCompileWorkers-0
signals,final,BenchmarkCompileWorkers,1,829892,final-signals-BenchmarkCompileWorkers-1
signals,base,BenchmarkCompileWorkers,1,794996,base-signals-BenchmarkCompileWorkers-1
signals,base,BenchmarkCompileWorkers,2,793848,base-signals-BenchmarkCompileWorkers-2
signals,final,BenchmarkCompileWorkers,2,828848,final-signals-BenchmarkCompileWorkers-2
signals,final,BenchmarkCompileWorkers,3,856800,final-signals-BenchmarkCompileWorkers-3
signals,base,BenchmarkCompileWorkers,3,781616,base-signals-BenchmarkCompileWorkers-3
signals,base,BenchmarkCompileWorkers,4,802312,base-signals-BenchmarkCompileWorkers-4
signals,final,BenchmarkCompileWorkers,4,839528,final-signals-BenchmarkCompileWorkers-4
signals,final,BenchmarkCompileWorkers,5,880344,final-signals-BenchmarkCompileWorkers-5
signals,base,BenchmarkCompileWorkers,5,797860,base-signals-BenchmarkCompileWorkers-5
signals,base,BenchmarkCompileFullOptimizationAblation,0,12376,base-signals-BenchmarkCompileFullOptimizationAblation-0
signals,final,BenchmarkCompileFullOptimizationAblation,0,14836,final-signals-BenchmarkCompileFullOptimizationAblation-0
signals,final,BenchmarkCompileFullOptimizationAblation,1,10912,final-signals-BenchmarkCompileFullOptimizationAblation-1
signals,base,BenchmarkCompileFullOptimizationAblation,1,14972,base-signals-BenchmarkCompileFullOptimizationAblation-1
signals,base,BenchmarkCompileFullOptimizationAblation,2,14484,base-signals-BenchmarkCompileFullOptimizationAblation-2
signals,final,BenchmarkCompileFullOptimizationAblation,2,12976,final-signals-BenchmarkCompileFullOptimizationAblation-2
signals,final,BenchmarkCompileFullOptimizationAblation,3,12972,final-signals-BenchmarkCompileFullOptimizationAblation-3
signals,base,BenchmarkCompileFullOptimizationAblation,3,12584,base-signals-BenchmarkCompileFullOptimizationAblation-3
signals,base,BenchmarkCompileFullOptimizationAblation,4,12496,base-signals-BenchmarkCompileFullOptimizationAblation-4
signals,final,BenchmarkCompileFullOptimizationAblation,4,12956,final-signals-BenchmarkCompileFullOptimizationAblation-4
signals,final,BenchmarkCompileFullOptimizationAblation,5,12948,final-signals-BenchmarkCompileFullOptimizationAblation-5
signals,base,BenchmarkCompileFullOptimizationAblation,5,12544,base-signals-BenchmarkCompileFullOptimizationAblation-5
signals,base,BenchmarkCompileFullWorkers,0,222804,base-signals-BenchmarkCompileFullWorkers-0
signals,final,BenchmarkCompileFullWorkers,0,223044,final-signals-BenchmarkCompileFullWorkers-0
signals,final,BenchmarkCompileFullWorkers,1,223740,final-signals-BenchmarkCompileFullWorkers-1
signals,base,BenchmarkCompileFullWorkers,1,222896,base-signals-BenchmarkCompileFullWorkers-1
signals,base,BenchmarkCompileFullWorkers,2,224176,base-signals-BenchmarkCompileFullWorkers-2
signals,final,BenchmarkCompileFullWorkers,2,222648,final-signals-BenchmarkCompileFullWorkers-2
signals,final,BenchmarkCompileFullWorkers,3,223240,final-signals-BenchmarkCompileFullWorkers-3
signals,base,BenchmarkCompileFullWorkers,3,222496,base-signals-BenchmarkCompileFullWorkers-3
signals,base,BenchmarkCompileFullWorkers,4,223312,base-signals-BenchmarkCompileFullWorkers-4
signals,final,BenchmarkCompileFullWorkers,4,224396,final-signals-BenchmarkCompileFullWorkers-4
signals,final,BenchmarkCompileFullWorkers,5,222644,final-signals-BenchmarkCompileFullWorkers-5
signals,base,BenchmarkCompileFullWorkers,5,221000,base-signals-BenchmarkCompileFullWorkers-5
signals,base,BenchmarkCompileMultiModuleThroughput,0,178944,base-signals-BenchmarkCompileMultiModuleThroughput-0
signals,final,BenchmarkCompileMultiModuleThroughput,0,186952,final-signals-BenchmarkCompileMultiModuleThroughput-0
signals,final,BenchmarkCompileMultiModuleThroughput,1,176556,final-signals-BenchmarkCompileMultiModuleThroughput-1
signals,base,BenchmarkCompileMultiModuleThroughput,1,181920,base-signals-BenchmarkCompileMultiModuleThroughput-1
signals,base,BenchmarkCompileMultiModuleThroughput,2,187536,base-signals-BenchmarkCompileMultiModuleThroughput-2
signals,final,BenchmarkCompileMultiModuleThroughput,2,189560,final-signals-BenchmarkCompileMultiModuleThroughput-2
signals,final,BenchmarkCompileMultiModuleThroughput,3,180856,final-signals-BenchmarkCompileMultiModuleThroughput-3
signals,base,BenchmarkCompileMultiModuleThroughput,3,191504,base-signals-BenchmarkCompileMultiModuleThroughput-3
signals,base,BenchmarkCompileMultiModuleThroughput,4,183460,base-signals-BenchmarkCompileMultiModuleThroughput-4
signals,final,BenchmarkCompileMultiModuleThroughput,4,193528,final-signals-BenchmarkCompileMultiModuleThroughput-4
signals,final,BenchmarkCompileMultiModuleThroughput,5,181108,final-signals-BenchmarkCompileMultiModuleThroughput-5
signals,base,BenchmarkCompileMultiModuleThroughput,5,186504,base-signals-BenchmarkCompileMultiModuleThroughput-5
signals,base,BenchmarkInstantiate,0,79740,base-signals-BenchmarkInstantiate-0
signals,final,BenchmarkInstantiate,0,80328,final-signals-BenchmarkInstantiate-0
signals,final,BenchmarkInstantiate,1,79880,final-signals-BenchmarkInstantiate-1
signals,base,BenchmarkInstantiate,1,80624,base-signals-BenchmarkInstantiate-1
signals,base,BenchmarkInstantiate,2,81664,base-signals-BenchmarkInstantiate-2
signals,final,BenchmarkInstantiate,2,79916,final-signals-BenchmarkInstantiate-2
signals,final,BenchmarkInstantiate,3,80068,final-signals-BenchmarkInstantiate-3
signals,base,BenchmarkInstantiate,3,80192,base-signals-BenchmarkInstantiate-3
signals,base,BenchmarkInstantiate,4,80056,base-signals-BenchmarkInstantiate-4
signals,final,BenchmarkInstantiate,4,80340,final-signals-BenchmarkInstantiate-4
signals,final,BenchmarkInstantiate,5,79988,final-signals-BenchmarkInstantiate-5
signals,base,BenchmarkInstantiate,5,79468,base-signals-BenchmarkInstantiate-5
explicit,base,BenchmarkPluginInstantiate,0,229396,base-explicit-BenchmarkPluginInstantiate-0
explicit,final,BenchmarkPluginInstantiate,0,225784,final-explicit-BenchmarkPluginInstantiate-0
explicit,final,BenchmarkPluginInstantiate,1,216804,final-explicit-BenchmarkPluginInstantiate-1
explicit,base,BenchmarkPluginInstantiate,1,220152,base-explicit-BenchmarkPluginInstantiate-1
explicit,base,BenchmarkPluginInstantiate,2,216360,base-explicit-BenchmarkPluginInstantiate-2
explicit,final,BenchmarkPluginInstantiate,2,228188,final-explicit-BenchmarkPluginInstantiate-2
explicit,final,BenchmarkPluginInstantiate,3,218416,final-explicit-BenchmarkPluginInstantiate-3
explicit,base,BenchmarkPluginInstantiate,3,216188,base-explicit-BenchmarkPluginInstantiate-3
explicit,base,BenchmarkPluginInstantiate,4,216536,base-explicit-BenchmarkPluginInstantiate-4
explicit,final,BenchmarkPluginInstantiate,4,220248,final-explicit-BenchmarkPluginInstantiate-4
explicit,final,BenchmarkPluginInstantiate,5,226184,final-explicit-BenchmarkPluginInstantiate-5
explicit,base,BenchmarkPluginInstantiate,5,215460,base-explicit-BenchmarkPluginInstantiate-5
explicit,base,BenchmarkPluginExec,0,249684,base-explicit-BenchmarkPluginExec-0
explicit,final,BenchmarkPluginExec,0,243928,final-explicit-BenchmarkPluginExec-0
explicit,final,BenchmarkPluginExec,1,246272,final-explicit-BenchmarkPluginExec-1
explicit,base,BenchmarkPluginExec,1,246808,base-explicit-BenchmarkPluginExec-1
explicit,base,BenchmarkPluginExec,2,246448,base-explicit-BenchmarkPluginExec-2
explicit,final,BenchmarkPluginExec,2,243688,final-explicit-BenchmarkPluginExec-2
explicit,final,BenchmarkPluginExec,3,246236,final-explicit-BenchmarkPluginExec-3
explicit,base,BenchmarkPluginExec,3,249024,base-explicit-BenchmarkPluginExec-3
explicit,base,BenchmarkPluginExec,4,246060,base-explicit-BenchmarkPluginExec-4
explicit,final,BenchmarkPluginExec,4,244264,final-explicit-BenchmarkPluginExec-4
explicit,final,BenchmarkPluginExec,5,247888,final-explicit-BenchmarkPluginExec-5
explicit,base,BenchmarkPluginExec,5,246156,base-explicit-BenchmarkPluginExec-5
explicit,base,BenchmarkExec,0,58692,base-explicit-BenchmarkExec-0
explicit,final,BenchmarkExec,0,56760,final-explicit-BenchmarkExec-0
explicit,final,BenchmarkExec,1,58572,final-explicit-BenchmarkExec-1
explicit,base,BenchmarkExec,1,56576,base-explicit-BenchmarkExec-1
explicit,base,BenchmarkExec,2,56296,base-explicit-BenchmarkExec-2
explicit,final,BenchmarkExec,2,56676,final-explicit-BenchmarkExec-2
explicit,final,BenchmarkExec,3,58380,final-explicit-BenchmarkExec-3
explicit,base,BenchmarkExec,3,58152,base-explicit-BenchmarkExec-3
explicit,base,BenchmarkExec,4,58708,base-explicit-BenchmarkExec-4
explicit,final,BenchmarkExec,4,58868,final-explicit-BenchmarkExec-4
explicit,final,BenchmarkExec,5,56448,final-explicit-BenchmarkExec-5
explicit,base,BenchmarkExec,5,58888,base-explicit-BenchmarkExec-5
explicit,base,BenchmarkExecParallel,0,99488,base-explicit-BenchmarkExecParallel-0
explicit,final,BenchmarkExecParallel,0,99924,final-explicit-BenchmarkExecParallel-0
explicit,final,BenchmarkExecParallel,1,99684,final-explicit-BenchmarkExecParallel-1
explicit,base,BenchmarkExecParallel,1,98276,base-explicit-BenchmarkExecParallel-1
explicit,base,BenchmarkExecParallel,2,99768,base-explicit-BenchmarkExecParallel-2
explicit,final,BenchmarkExecParallel,2,99632,final-explicit-BenchmarkExecParallel-2
explicit,final,BenchmarkExecParallel,3,97776,final-explicit-BenchmarkExecParallel-3
explicit,base,BenchmarkExecParallel,3,99728,base-explicit-BenchmarkExecParallel-3
explicit,base,BenchmarkExecParallel,4,99560,base-explicit-BenchmarkExecParallel-4
explicit,final,BenchmarkExecParallel,4,99564,final-explicit-BenchmarkExecParallel-4
explicit,final,BenchmarkExecParallel,5,97592,final-explicit-BenchmarkExecParallel-5
explicit,base,BenchmarkExecParallel,5,101772,base-explicit-BenchmarkExecParallel-5
explicit,base,BenchmarkCompileFull,0,171288,base-explicit-BenchmarkCompileFull-0
explicit,final,BenchmarkCompileFull,0,149808,final-explicit-BenchmarkCompileFull-0
explicit,final,BenchmarkCompileFull,1,152348,final-explicit-BenchmarkCompileFull-1
explicit,base,BenchmarkCompileFull,1,158412,base-explicit-BenchmarkCompileFull-1
explicit,base,BenchmarkCompileFull,2,158372,base-explicit-BenchmarkCompileFull-2
explicit,final,BenchmarkCompileFull,2,165124,final-explicit-BenchmarkCompileFull-2
explicit,final,BenchmarkCompileFull,3,149772,final-explicit-BenchmarkCompileFull-3
explicit,base,BenchmarkCompileFull,3,171972,base-explicit-BenchmarkCompileFull-3
explicit,base,BenchmarkCompileFull,4,170920,base-explicit-BenchmarkCompileFull-4
explicit,final,BenchmarkCompileFull,4,165956,final-explicit-BenchmarkCompileFull-4
explicit,final,BenchmarkCompileFull,5,163208,final-explicit-BenchmarkCompileFull-5
explicit,base,BenchmarkCompileFull,5,172520,base-explicit-BenchmarkCompileFull-5
explicit,base,BenchmarkCompileCompact,0,1738476,base-explicit-BenchmarkCompileCompact-0
explicit,final,BenchmarkCompileCompact,0,2069600,final-explicit-BenchmarkCompileCompact-0
explicit,final,BenchmarkCompileCompact,1,1995956,final-explicit-BenchmarkCompileCompact-1
explicit,base,BenchmarkCompileCompact,1,1663864,base-explicit-BenchmarkCompileCompact-1
explicit,base,BenchmarkCompileCompact,2,1732232,base-explicit-BenchmarkCompileCompact-2
explicit,final,BenchmarkCompileCompact,2,1875052,final-explicit-BenchmarkCompileCompact-2
explicit,final,BenchmarkCompileCompact,3,1795664,final-explicit-BenchmarkCompileCompact-3
explicit,base,BenchmarkCompileCompact,3,1730612,base-explicit-BenchmarkCompileCompact-3
explicit,base,BenchmarkCompileCompact,4,1606152,base-explicit-BenchmarkCompileCompact-4
explicit,final,BenchmarkCompileCompact,4,1845776,final-explicit-BenchmarkCompileCompact-4
explicit,final,BenchmarkCompileCompact,5,1899212,final-explicit-BenchmarkCompileCompact-5
explicit,base,BenchmarkCompileCompact,5,1673188,base-explicit-BenchmarkCompileCompact-5
explicit,base,BenchmarkCompile_wago,0,56236,base-explicit-BenchmarkCompile_wago-0
explicit,final,BenchmarkCompile_wago,0,58844,final-explicit-BenchmarkCompile_wago-0
explicit,final,BenchmarkCompile_wago,1,98748,final-explicit-BenchmarkCompile_wago-1
explicit,base,BenchmarkCompile_wago,1,58212,base-explicit-BenchmarkCompile_wago-1
explicit,base,BenchmarkCompile_wago,2,58576,base-explicit-BenchmarkCompile_wago-2
explicit,final,BenchmarkCompile_wago,2,99972,final-explicit-BenchmarkCompile_wago-2
explicit,final,BenchmarkCompile_wago,3,57068,final-explicit-BenchmarkCompile_wago-3
explicit,base,BenchmarkCompile_wago,3,92344,base-explicit-BenchmarkCompile_wago-3
explicit,base,BenchmarkCompile_wago,4,57748,base-explicit-BenchmarkCompile_wago-4
explicit,final,BenchmarkCompile_wago,4,59012,final-explicit-BenchmarkCompile_wago-4
explicit,final,BenchmarkCompile_wago,5,96124,final-explicit-BenchmarkCompile_wago-5
explicit,base,BenchmarkCompile_wago,5,58520,base-explicit-BenchmarkCompile_wago-5
explicit,base,BenchmarkCompile_wazero,0,19472,base-explicit-BenchmarkCompile_wazero-0
explicit,final,BenchmarkCompile_wazero,0,19696,final-explicit-BenchmarkCompile_wazero-0
explicit,final,BenchmarkCompile_wazero,1,16880,final-explicit-BenchmarkCompile_wazero-1
explicit,base,BenchmarkCompile_wazero,1,19124,base-explicit-BenchmarkCompile_wazero-1
explicit,base,BenchmarkCompile_wazero,2,19528,base-explicit-BenchmarkCompile_wazero-2
explicit,final,BenchmarkCompile_wazero,2,19564,final-explicit-BenchmarkCompile_wazero-2
explicit,final,BenchmarkCompile_wazero,3,18456,final-explicit-BenchmarkCompile_wazero-3
explicit,base,BenchmarkCompile_wazero,3,19476,base-explicit-BenchmarkCompile_wazero-3
explicit,base,BenchmarkCompile_wazero,4,18872,base-explicit-BenchmarkCompile_wazero-4
explicit,final,BenchmarkCompile_wazero,4,17616,final-explicit-BenchmarkCompile_wazero-4
explicit,final,BenchmarkCompile_wazero,5,18440,final-explicit-BenchmarkCompile_wazero-5
explicit,base,BenchmarkCompile_wazero,5,18968,base-explicit-BenchmarkCompile_wazero-5
explicit,base,BenchmarkInstantiate_wago,0,20464,base-explicit-BenchmarkInstantiate_wago-0
explicit,final,BenchmarkInstantiate_wago,0,19432,final-explicit-BenchmarkInstantiate_wago-0
explicit,final,BenchmarkInstantiate_wago,1,21060,final-explicit-BenchmarkInstantiate_wago-1
explicit,base,BenchmarkInstantiate_wago,1,20672,base-explicit-BenchmarkInstantiate_wago-1
explicit,base,BenchmarkInstantiate_wago,2,21000,base-explicit-BenchmarkInstantiate_wago-2
explicit,final,BenchmarkInstantiate_wago,2,23780,final-explicit-BenchmarkInstantiate_wago-2
explicit,final,BenchmarkInstantiate_wago,3,20616,final-explicit-BenchmarkInstantiate_wago-3
explicit,base,BenchmarkInstantiate_wago,3,20688,base-explicit-BenchmarkInstantiate_wago-3
explicit,base,BenchmarkInstantiate_wago,4,22460,base-explicit-BenchmarkInstantiate_wago-4
explicit,final,BenchmarkInstantiate_wago,4,20804,final-explicit-BenchmarkInstantiate_wago-4
explicit,final,BenchmarkInstantiate_wago,5,21044,final-explicit-BenchmarkInstantiate_wago-5
explicit,base,BenchmarkInstantiate_wago,5,20740,base-explicit-BenchmarkInstantiate_wago-5
explicit,base,BenchmarkInstantiate_wazero,0,19160,base-explicit-BenchmarkInstantiate_wazero-0
explicit,final,BenchmarkInstantiate_wazero,0,18864,final-explicit-BenchmarkInstantiate_wazero-0
explicit,final,BenchmarkInstantiate_wazero,1,19196,final-explicit-BenchmarkInstantiate_wazero-1
explicit,base,BenchmarkInstantiate_wazero,1,19192,base-explicit-BenchmarkInstantiate_wazero-1
explicit,base,BenchmarkInstantiate_wazero,2,18736,base-explicit-BenchmarkInstantiate_wazero-2
explicit,final,BenchmarkInstantiate_wazero,2,20908,final-explicit-BenchmarkInstantiate_wazero-2
explicit,final,BenchmarkInstantiate_wazero,3,19272,final-explicit-BenchmarkInstantiate_wazero-3
explicit,base,BenchmarkInstantiate_wazero,3,19192,base-explicit-BenchmarkInstantiate_wazero-3
explicit,base,BenchmarkInstantiate_wazero,4,19124,base-explicit-BenchmarkInstantiate_wazero-4
explicit,final,BenchmarkInstantiate_wazero,4,19140,final-explicit-BenchmarkInstantiate_wazero-4
explicit,final,BenchmarkInstantiate_wazero,5,19016,final-explicit-BenchmarkInstantiate_wazero-5
explicit,base,BenchmarkInstantiate_wazero,5,20652,base-explicit-BenchmarkInstantiate_wazero-5
explicit,base,BenchmarkExecFibLoop_wago,0,16380,base-explicit-BenchmarkExecFibLoop_wago-0
explicit,final,BenchmarkExecFibLoop_wago,0,16700,final-explicit-BenchmarkExecFibLoop_wago-0
explicit,final,BenchmarkExecFibLoop_wago,1,16732,final-explicit-BenchmarkExecFibLoop_wago-1
explicit,base,BenchmarkExecFibLoop_wago,1,16508,base-explicit-BenchmarkExecFibLoop_wago-1
explicit,base,BenchmarkExecFibLoop_wago,2,16552,base-explicit-BenchmarkExecFibLoop_wago-2
explicit,final,BenchmarkExecFibLoop_wago,2,16424,final-explicit-BenchmarkExecFibLoop_wago-2
explicit,final,BenchmarkExecFibLoop_wago,3,16712,final-explicit-BenchmarkExecFibLoop_wago-3
explicit,base,BenchmarkExecFibLoop_wago,3,16664,base-explicit-BenchmarkExecFibLoop_wago-3
explicit,base,BenchmarkExecFibLoop_wago,4,16640,base-explicit-BenchmarkExecFibLoop_wago-4
explicit,final,BenchmarkExecFibLoop_wago,4,16348,final-explicit-BenchmarkExecFibLoop_wago-4
explicit,final,BenchmarkExecFibLoop_wago,5,16696,final-explicit-BenchmarkExecFibLoop_wago-5
explicit,base,BenchmarkExecFibLoop_wago,5,16412,base-explicit-BenchmarkExecFibLoop_wago-5
explicit,base,BenchmarkExecFibLoop_wazero,0,19316,base-explicit-BenchmarkExecFibLoop_wazero-0
explicit,final,BenchmarkExecFibLoop_wazero,0,19100,final-explicit-BenchmarkExecFibLoop_wazero-0
explicit,final,BenchmarkExecFibLoop_wazero,1,19236,final-explicit-BenchmarkExecFibLoop_wazero-1
explicit,base,BenchmarkExecFibLoop_wazero,1,18892,base-explicit-BenchmarkExecFibLoop_wazero-1
explicit,base,BenchmarkExecFibLoop_wazero,2,18916,base-explicit-BenchmarkExecFibLoop_wazero-2
explicit,final,BenchmarkExecFibLoop_wazero,2,19268,final-explicit-BenchmarkExecFibLoop_wazero-2
explicit,final,BenchmarkExecFibLoop_wazero,3,19236,final-explicit-BenchmarkExecFibLoop_wazero-3
explicit,base,BenchmarkExecFibLoop_wazero,3,18536,base-explicit-BenchmarkExecFibLoop_wazero-3
explicit,base,BenchmarkExecFibLoop_wazero,4,19244,base-explicit-BenchmarkExecFibLoop_wazero-4
explicit,final,BenchmarkExecFibLoop_wazero,4,18996,final-explicit-BenchmarkExecFibLoop_wazero-4
explicit,final,BenchmarkExecFibLoop_wazero,5,19240,final-explicit-BenchmarkExecFibLoop_wazero-5
explicit,base,BenchmarkExecFibLoop_wazero,5,18356,base-explicit-BenchmarkExecFibLoop_wazero-5
explicit,base,BenchmarkExecFibRec_wago,0,18596,base-explicit-BenchmarkExecFibRec_wago-0
explicit,final,BenchmarkExecFibRec_wago,0,16436,final-explicit-BenchmarkExecFibRec_wago-0
explicit,final,BenchmarkExecFibRec_wago,1,16564,final-explicit-BenchmarkExecFibRec_wago-1
explicit,base,BenchmarkExecFibRec_wago,1,16540,base-explicit-BenchmarkExecFibRec_wago-1
explicit,base,BenchmarkExecFibRec_wago,2,16480,base-explicit-BenchmarkExecFibRec_wago-2
explicit,final,BenchmarkExecFibRec_wago,2,16608,final-explicit-BenchmarkExecFibRec_wago-2
explicit,final,BenchmarkExecFibRec_wago,3,16468,final-explicit-BenchmarkExecFibRec_wago-3
explicit,base,BenchmarkExecFibRec_wago,3,16472,base-explicit-BenchmarkExecFibRec_wago-3
explicit,base,BenchmarkExecFibRec_wago,4,16340,base-explicit-BenchmarkExecFibRec_wago-4
explicit,final,BenchmarkExecFibRec_wago,4,16636,final-explicit-BenchmarkExecFibRec_wago-4
explicit,final,BenchmarkExecFibRec_wago,5,16624,final-explicit-BenchmarkExecFibRec_wago-5
explicit,base,BenchmarkExecFibRec_wago,5,16408,base-explicit-BenchmarkExecFibRec_wago-5
explicit,base,BenchmarkExecFibRec_wazero,0,14584,base-explicit-BenchmarkExecFibRec_wazero-0
explicit,final,BenchmarkExecFibRec_wazero,0,16480,final-explicit-BenchmarkExecFibRec_wazero-0
explicit,final,BenchmarkExecFibRec_wazero,1,14432,final-explicit-BenchmarkExecFibRec_wazero-1
explicit,base,BenchmarkExecFibRec_wazero,1,14608,base-explicit-BenchmarkExecFibRec_wazero-1
explicit,base,BenchmarkExecFibRec_wazero,2,14228,base-explicit-BenchmarkExecFibRec_wazero-2
explicit,final,BenchmarkExecFibRec_wazero,2,14744,final-explicit-BenchmarkExecFibRec_wazero-2
explicit,final,BenchmarkExecFibRec_wazero,3,14432,final-explicit-BenchmarkExecFibRec_wazero-3
explicit,base,BenchmarkExecFibRec_wazero,3,14108,base-explicit-BenchmarkExecFibRec_wazero-3
explicit,base,BenchmarkExecFibRec_wazero,4,16664,base-explicit-BenchmarkExecFibRec_wazero-4
explicit,final,BenchmarkExecFibRec_wazero,4,14292,final-explicit-BenchmarkExecFibRec_wazero-4
explicit,final,BenchmarkExecFibRec_wazero,5,14424,final-explicit-BenchmarkExecFibRec_wazero-5
explicit,base,BenchmarkExecFibRec_wazero,5,14436,base-explicit-BenchmarkExecFibRec_wazero-5
explicit,base,BenchmarkExecCallOverhead_wago,0,16588,base-explicit-BenchmarkExecCallOverhead_wago-0
explicit,final,BenchmarkExecCallOverhead_wago,0,16684,final-explicit-BenchmarkExecCallOverhead_wago-0
explicit,final,BenchmarkExecCallOverhead_wago,1,18796,final-explicit-BenchmarkExecCallOverhead_wago-1
explicit,base,BenchmarkExecCallOverhead_wago,1,18384,base-explicit-BenchmarkExecCallOverhead_wago-1
explicit,base,BenchmarkExecCallOverhead_wago,2,16664,base-explicit-BenchmarkExecCallOverhead_wago-2
explicit,final,BenchmarkExecCallOverhead_wago,2,16652,final-explicit-BenchmarkExecCallOverhead_wago-2
explicit,final,BenchmarkExecCallOverhead_wago,3,16672,final-explicit-BenchmarkExecCallOverhead_wago-3
explicit,base,BenchmarkExecCallOverhead_wago,3,16800,base-explicit-BenchmarkExecCallOverhead_wago-3
explicit,base,BenchmarkExecCallOverhead_wago,4,14448,base-explicit-BenchmarkExecCallOverhead_wago-4
explicit,final,BenchmarkExecCallOverhead_wago,4,18788,final-explicit-BenchmarkExecCallOverhead_wago-4
explicit,final,BenchmarkExecCallOverhead_wago,5,16784,final-explicit-BenchmarkExecCallOverhead_wago-5
explicit,base,BenchmarkExecCallOverhead_wago,5,18764,base-explicit-BenchmarkExecCallOverhead_wago-5
explicit,base,BenchmarkExecCallOverhead_wazero,0,18784,base-explicit-BenchmarkExecCallOverhead_wazero-0
explicit,final,BenchmarkExecCallOverhead_wazero,0,19100,final-explicit-BenchmarkExecCallOverhead_wazero-0
explicit,final,BenchmarkExecCallOverhead_wazero,1,19216,final-explicit-BenchmarkExecCallOverhead_wazero-1
explicit,base,BenchmarkExecCallOverhead_wazero,1,19088,base-explicit-BenchmarkExecCallOverhead_wazero-1
explicit,base,BenchmarkExecCallOverhead_wazero,2,18940,base-explicit-BenchmarkExecCallOverhead_wazero-2
explicit,final,BenchmarkExecCallOverhead_wazero,2,19576,final-explicit-BenchmarkExecCallOverhead_wazero-2
explicit,final,BenchmarkExecCallOverhead_wazero,3,21212,final-explicit-BenchmarkExecCallOverhead_wazero-3
explicit,base,BenchmarkExecCallOverhead_wazero,3,19016,base-explicit-BenchmarkExecCallOverhead_wazero-3
explicit,base,BenchmarkExecCallOverhead_wazero,4,19052,base-explicit-BenchmarkExecCallOverhead_wazero-4
explicit,final,BenchmarkExecCallOverhead_wazero,4,20728,final-explicit-BenchmarkExecCallOverhead_wazero-4
explicit,final,BenchmarkExecCallOverhead_wazero,5,19228,final-explicit-BenchmarkExecCallOverhead_wazero-5
explicit,base,BenchmarkExecCallOverhead_wazero,5,19160,base-explicit-BenchmarkExecCallOverhead_wazero-5
explicit,base,BenchmarkExecHostRoundtrip_wago,0,22796,base-explicit-BenchmarkExecHostRoundtrip_wago-0
explicit,final,BenchmarkExecHostRoundtrip_wago,0,24620,final-explicit-BenchmarkExecHostRoundtrip_wago-0
explicit,final,BenchmarkExecHostRoundtrip_wago,1,22872,final-explicit-BenchmarkExecHostRoundtrip_wago-1
explicit,base,BenchmarkExecHostRoundtrip_wago,1,22376,base-explicit-BenchmarkExecHostRoundtrip_wago-1
explicit,base,BenchmarkExecHostRoundtrip_wago,2,22412,base-explicit-BenchmarkExecHostRoundtrip_wago-2
explicit,final,BenchmarkExecHostRoundtrip_wago,2,22740,final-explicit-BenchmarkExecHostRoundtrip_wago-2
explicit,final,BenchmarkExecHostRoundtrip_wago,3,22692,final-explicit-BenchmarkExecHostRoundtrip_wago-3
explicit,base,BenchmarkExecHostRoundtrip_wago,3,20456,base-explicit-BenchmarkExecHostRoundtrip_wago-3
explicit,base,BenchmarkExecHostRoundtrip_wago,4,22812,base-explicit-BenchmarkExecHostRoundtrip_wago-4
explicit,final,BenchmarkExecHostRoundtrip_wago,4,22872,final-explicit-BenchmarkExecHostRoundtrip_wago-4
explicit,final,BenchmarkExecHostRoundtrip_wago,5,22556,final-explicit-BenchmarkExecHostRoundtrip_wago-5
explicit,base,BenchmarkExecHostRoundtrip_wago,5,20552,base-explicit-BenchmarkExecHostRoundtrip_wago-5
explicit,base,BenchmarkExecHostRoundtrip_wazero,0,19024,base-explicit-BenchmarkExecHostRoundtrip_wazero-0
explicit,final,BenchmarkExecHostRoundtrip_wazero,0,19332,final-explicit-BenchmarkExecHostRoundtrip_wazero-0
explicit,final,BenchmarkExecHostRoundtrip_wazero,1,19196,final-explicit-BenchmarkExecHostRoundtrip_wazero-1
explicit,base,BenchmarkExecHostRoundtrip_wazero,1,19376,base-explicit-BenchmarkExecHostRoundtrip_wazero-1
explicit,base,BenchmarkExecHostRoundtrip_wazero,2,21184,base-explicit-BenchmarkExecHostRoundtrip_wazero-2
explicit,final,BenchmarkExecHostRoundtrip_wazero,2,19236,final-explicit-BenchmarkExecHostRoundtrip_wazero-2
explicit,final,BenchmarkExecHostRoundtrip_wazero,3,19380,final-explicit-BenchmarkExecHostRoundtrip_wazero-3
explicit,base,BenchmarkExecHostRoundtrip_wazero,3,19216,base-explicit-BenchmarkExecHostRoundtrip_wazero-3
explicit,base,BenchmarkExecHostRoundtrip_wazero,4,18900,base-explicit-BenchmarkExecHostRoundtrip_wazero-4
explicit,final,BenchmarkExecHostRoundtrip_wazero,4,19320,final-explicit-BenchmarkExecHostRoundtrip_wazero-4
explicit,final,BenchmarkExecHostRoundtrip_wazero,5,19192,final-explicit-BenchmarkExecHostRoundtrip_wazero-5
explicit,base,BenchmarkExecHostRoundtrip_wazero,5,19308,base-explicit-BenchmarkExecHostRoundtrip_wazero-5
explicit,base,BenchmarkExecGlobalGet_wago,0,18024,base-explicit-BenchmarkExecGlobalGet_wago-0
explicit,final,BenchmarkExecGlobalGet_wago,0,18404,final-explicit-BenchmarkExecGlobalGet_wago-0
explicit,final,BenchmarkExecGlobalGet_wago,1,18248,final-explicit-BenchmarkExecGlobalGet_wago-1
explicit,base,BenchmarkExecGlobalGet_wago,1,18036,base-explicit-BenchmarkExecGlobalGet_wago-1
explicit,base,BenchmarkExecGlobalGet_wago,2,20028,base-explicit-BenchmarkExecGlobalGet_wago-2
explicit,final,BenchmarkExecGlobalGet_wago,2,20260,final-explicit-BenchmarkExecGlobalGet_wago-2
explicit,final,BenchmarkExecGlobalGet_wago,3,18292,final-explicit-BenchmarkExecGlobalGet_wago-3
explicit,base,BenchmarkExecGlobalGet_wago,3,17852,base-explicit-BenchmarkExecGlobalGet_wago-3
explicit,base,BenchmarkExecGlobalGet_wago,4,20088,base-explicit-BenchmarkExecGlobalGet_wago-4
explicit,final,BenchmarkExecGlobalGet_wago,4,18140,final-explicit-BenchmarkExecGlobalGet_wago-4
explicit,final,BenchmarkExecGlobalGet_wago,5,18052,final-explicit-BenchmarkExecGlobalGet_wago-5
explicit,base,BenchmarkExecGlobalGet_wago,5,18036,base-explicit-BenchmarkExecGlobalGet_wago-5
explicit,base,BenchmarkExecGlobalSet_wago,0,18168,base-explicit-BenchmarkExecGlobalSet_wago-0
explicit,final,BenchmarkExecGlobalSet_wago,0,18416,final-explicit-BenchmarkExecGlobalSet_wago-0
explicit,final,BenchmarkExecGlobalSet_wago,1,18396,final-explicit-BenchmarkExecGlobalSet_wago-1
explicit,base,BenchmarkExecGlobalSet_wago,1,17896,base-explicit-BenchmarkExecGlobalSet_wago-1
explicit,base,BenchmarkExecGlobalSet_wago,2,17876,base-explicit-BenchmarkExecGlobalSet_wago-2
explicit,final,BenchmarkExecGlobalSet_wago,2,18620,final-explicit-BenchmarkExecGlobalSet_wago-2
explicit,final,BenchmarkExecGlobalSet_wago,3,17932,final-explicit-BenchmarkExecGlobalSet_wago-3
explicit,base,BenchmarkExecGlobalSet_wago,3,17796,base-explicit-BenchmarkExecGlobalSet_wago-3
explicit,base,BenchmarkExecGlobalSet_wago,4,20020,base-explicit-BenchmarkExecGlobalSet_wago-4
explicit,final,BenchmarkExecGlobalSet_wago,4,20152,final-explicit-BenchmarkExecGlobalSet_wago-4
explicit,final,BenchmarkExecGlobalSet_wago,5,18140,final-explicit-BenchmarkExecGlobalSet_wago-5
explicit,base,BenchmarkExecGlobalSet_wago,5,17788,base-explicit-BenchmarkExecGlobalSet_wago-5
explicit,base,BenchmarkExecLocalGet_wago,0,17796,base-explicit-BenchmarkExecLocalGet_wago-0
explicit,final,BenchmarkExecLocalGet_wago,0,18356,final-explicit-BenchmarkExecLocalGet_wago-0
explicit,final,BenchmarkExecLocalGet_wago,1,18236,final-explicit-BenchmarkExecLocalGet_wago-1
explicit,base,BenchmarkExecLocalGet_wago,1,18052,base-explicit-BenchmarkExecLocalGet_wago-1
explicit,base,BenchmarkExecLocalGet_wago,2,18080,base-explicit-BenchmarkExecLocalGet_wago-2
explicit,final,BenchmarkExecLocalGet_wago,2,20200,final-explicit-BenchmarkExecLocalGet_wago-2
explicit,final,BenchmarkExecLocalGet_wago,3,18028,final-explicit-BenchmarkExecLocalGet_wago-3
explicit,base,BenchmarkExecLocalGet_wago,3,17912,base-explicit-BenchmarkExecLocalGet_wago-3
explicit,base,BenchmarkExecLocalGet_wago,4,20096,base-explicit-BenchmarkExecLocalGet_wago-4
explicit,final,BenchmarkExecLocalGet_wago,4,18104,final-explicit-BenchmarkExecLocalGet_wago-4
explicit,final,BenchmarkExecLocalGet_wago,5,20176,final-explicit-BenchmarkExecLocalGet_wago-5
explicit,base,BenchmarkExecLocalGet_wago,5,17580,base-explicit-BenchmarkExecLocalGet_wago-5
explicit,base,BenchmarkExecMemoryLoad_wago,0,17956,base-explicit-BenchmarkExecMemoryLoad_wago-0
explicit,final,BenchmarkExecMemoryLoad_wago,0,18236,final-explicit-BenchmarkExecMemoryLoad_wago-0
explicit,final,BenchmarkExecMemoryLoad_wago,1,18552,final-explicit-BenchmarkExecMemoryLoad_wago-1
explicit,base,BenchmarkExecMemoryLoad_wago,1,17852,base-explicit-BenchmarkExecMemoryLoad_wago-1
explicit,base,BenchmarkExecMemoryLoad_wago,2,18044,base-explicit-BenchmarkExecMemoryLoad_wago-2
explicit,final,BenchmarkExecMemoryLoad_wago,2,18300,final-explicit-BenchmarkExecMemoryLoad_wago-2
explicit,final,BenchmarkExecMemoryLoad_wago,3,18016,final-explicit-BenchmarkExecMemoryLoad_wago-3
explicit,base,BenchmarkExecMemoryLoad_wago,3,17744,base-explicit-BenchmarkExecMemoryLoad_wago-3
explicit,base,BenchmarkExecMemoryLoad_wago,4,18016,base-explicit-BenchmarkExecMemoryLoad_wago-4
explicit,final,BenchmarkExecMemoryLoad_wago,4,18468,final-explicit-BenchmarkExecMemoryLoad_wago-4
explicit,final,BenchmarkExecMemoryLoad_wago,5,18536,final-explicit-BenchmarkExecMemoryLoad_wago-5
explicit,base,BenchmarkExecMemoryLoad_wago,5,20004,base-explicit-BenchmarkExecMemoryLoad_wago-5
explicit,base,BenchmarkWazeroCompile,0,685480,base-explicit-BenchmarkWazeroCompile-0
explicit,final,BenchmarkWazeroCompile,0,699652,final-explicit-BenchmarkWazeroCompile-0
explicit,final,BenchmarkWazeroCompile,1,701328,final-explicit-BenchmarkWazeroCompile-1
explicit,base,BenchmarkWazeroCompile,1,705664,base-explicit-BenchmarkWazeroCompile-1
explicit,base,BenchmarkWazeroCompile,2,705112,base-explicit-BenchmarkWazeroCompile-2
explicit,final,BenchmarkWazeroCompile,2,558988,final-explicit-BenchmarkWazeroCompile-2
explicit,final,BenchmarkWazeroCompile,3,703440,final-explicit-BenchmarkWazeroCompile-3
explicit,base,BenchmarkWazeroCompile,3,699412,base-explicit-BenchmarkWazeroCompile-3
explicit,base,BenchmarkWazeroCompile,4,703564,base-explicit-BenchmarkWazeroCompile-4
explicit,final,BenchmarkWazeroCompile,4,703944,final-explicit-BenchmarkWazeroCompile-4
explicit,final,BenchmarkWazeroCompile,5,697380,final-explicit-BenchmarkWazeroCompile-5
explicit,base,BenchmarkWazeroCompile,5,701560,base-explicit-BenchmarkWazeroCompile-5
explicit,base,BenchmarkWazeroInstantiate,0,109196,base-explicit-BenchmarkWazeroInstantiate-0
explicit,final,BenchmarkWazeroInstantiate,0,93252,final-explicit-BenchmarkWazeroInstantiate-0
explicit,final,BenchmarkWazeroInstantiate,1,104240,final-explicit-BenchmarkWazeroInstantiate-1
explicit,base,BenchmarkWazeroInstantiate,1,155376,base-explicit-BenchmarkWazeroInstantiate-1
explicit,base,BenchmarkWazeroInstantiate,2,98664,base-explicit-BenchmarkWazeroInstantiate-2
explicit,final,BenchmarkWazeroInstantiate,2,126140,final-explicit-BenchmarkWazeroInstantiate-2
explicit,final,BenchmarkWazeroInstantiate,3,98012,final-explicit-BenchmarkWazeroInstantiate-3
explicit,base,BenchmarkWazeroInstantiate,3,157140,base-explicit-BenchmarkWazeroInstantiate-3
explicit,base,BenchmarkWazeroInstantiate,4,97412,base-explicit-BenchmarkWazeroInstantiate-4
explicit,final,BenchmarkWazeroInstantiate,4,97924,final-explicit-BenchmarkWazeroInstantiate-4
explicit,final,BenchmarkWazeroInstantiate,5,101416,final-explicit-BenchmarkWazeroInstantiate-5
explicit,base,BenchmarkWazeroInstantiate,5,106560,base-explicit-BenchmarkWazeroInstantiate-5
explicit,base,BenchmarkWazeroExec,0,79564,base-explicit-BenchmarkWazeroExec-0
explicit,final,BenchmarkWazeroExec,0,79572,final-explicit-BenchmarkWazeroExec-0
explicit,final,BenchmarkWazeroExec,1,77732,final-explicit-BenchmarkWazeroExec-1
explicit,base,BenchmarkWazeroExec,1,79908,base-explicit-BenchmarkWazeroExec-1
explicit,base,BenchmarkWazeroExec,2,78736,base-explicit-BenchmarkWazeroExec-2
explicit,final,BenchmarkWazeroExec,2,78992,final-explicit-BenchmarkWazeroExec-2
explicit,final,BenchmarkWazeroExec,3,79664,final-explicit-BenchmarkWazeroExec-3
explicit,base,BenchmarkWazeroExec,3,79708,base-explicit-BenchmarkWazeroExec-3
explicit,base,BenchmarkWazeroExec,4,80244,base-explicit-BenchmarkWazeroExec-4
explicit,final,BenchmarkWazeroExec,4,78852,final-explicit-BenchmarkWazeroExec-4
explicit,final,BenchmarkWazeroExec,5,79576,final-explicit-BenchmarkWazeroExec-5
explicit,base,BenchmarkWazeroExec,5,79880,base-explicit-BenchmarkWazeroExec-5
explicit,base,BenchmarkJsonAsSerialize_wago,0,39368,base-explicit-BenchmarkJsonAsSerialize_wago-0
explicit,final,BenchmarkJsonAsSerialize_wago,0,39412,final-explicit-BenchmarkJsonAsSerialize_wago-0
explicit,final,BenchmarkJsonAsSerialize_wago,1,37468,final-explicit-BenchmarkJsonAsSerialize_wago-1
explicit,base,BenchmarkJsonAsSerialize_wago,1,37160,base-explicit-BenchmarkJsonAsSerialize_wago-1
explicit,base,BenchmarkJsonAsSerialize_wago,2,37424,base-explicit-BenchmarkJsonAsSerialize_wago-2
explicit,final,BenchmarkJsonAsSerialize_wago,2,37472,final-explicit-BenchmarkJsonAsSerialize_wago-2
explicit,final,BenchmarkJsonAsSerialize_wago,3,37688,final-explicit-BenchmarkJsonAsSerialize_wago-3
explicit,base,BenchmarkJsonAsSerialize_wago,3,35108,base-explicit-BenchmarkJsonAsSerialize_wago-3
explicit,base,BenchmarkJsonAsSerialize_wago,4,37384,base-explicit-BenchmarkJsonAsSerialize_wago-4
explicit,final,BenchmarkJsonAsSerialize_wago,4,37400,final-explicit-BenchmarkJsonAsSerialize_wago-4
explicit,final,BenchmarkJsonAsSerialize_wago,5,37660,final-explicit-BenchmarkJsonAsSerialize_wago-5
explicit,base,BenchmarkJsonAsSerialize_wago,5,37488,base-explicit-BenchmarkJsonAsSerialize_wago-5
explicit,base,BenchmarkJsonAsDeserialize_wago,0,37308,base-explicit-BenchmarkJsonAsDeserialize_wago-0
explicit,final,BenchmarkJsonAsDeserialize_wago,0,37328,final-explicit-BenchmarkJsonAsDeserialize_wago-0
explicit,final,BenchmarkJsonAsDeserialize_wago,1,37288,final-explicit-BenchmarkJsonAsDeserialize_wago-1
explicit,base,BenchmarkJsonAsDeserialize_wago,1,39384,base-explicit-BenchmarkJsonAsDeserialize_wago-1
explicit,base,BenchmarkJsonAsDeserialize_wago,2,36908,base-explicit-BenchmarkJsonAsDeserialize_wago-2
explicit,final,BenchmarkJsonAsDeserialize_wago,2,37592,final-explicit-BenchmarkJsonAsDeserialize_wago-2
explicit,final,BenchmarkJsonAsDeserialize_wago,3,39388,final-explicit-BenchmarkJsonAsDeserialize_wago-3
explicit,base,BenchmarkJsonAsDeserialize_wago,3,37056,base-explicit-BenchmarkJsonAsDeserialize_wago-3
explicit,base,BenchmarkJsonAsDeserialize_wago,4,36936,base-explicit-BenchmarkJsonAsDeserialize_wago-4
explicit,final,BenchmarkJsonAsDeserialize_wago,4,37672,final-explicit-BenchmarkJsonAsDeserialize_wago-4
explicit,final,BenchmarkJsonAsDeserialize_wago,5,37200,final-explicit-BenchmarkJsonAsDeserialize_wago-5
explicit,base,BenchmarkJsonAsDeserialize_wago,5,37304,base-explicit-BenchmarkJsonAsDeserialize_wago-5
explicit,base,BenchmarkJsonAsSerialize_wazero,0,23532,base-explicit-BenchmarkJsonAsSerialize_wazero-0
explicit,final,BenchmarkJsonAsSerialize_wazero,0,23752,final-explicit-BenchmarkJsonAsSerialize_wazero-0
explicit,final,BenchmarkJsonAsSerialize_wazero,1,22728,final-explicit-BenchmarkJsonAsSerialize_wazero-1
explicit,base,BenchmarkJsonAsSerialize_wazero,1,23208,base-explicit-BenchmarkJsonAsSerialize_wazero-1
explicit,base,BenchmarkJsonAsSerialize_wazero,2,23488,base-explicit-BenchmarkJsonAsSerialize_wazero-2
explicit,final,BenchmarkJsonAsSerialize_wazero,2,22956,final-explicit-BenchmarkJsonAsSerialize_wazero-2
explicit,final,BenchmarkJsonAsSerialize_wazero,3,25480,final-explicit-BenchmarkJsonAsSerialize_wazero-3
explicit,base,BenchmarkJsonAsSerialize_wazero,3,21448,base-explicit-BenchmarkJsonAsSerialize_wazero-3
explicit,base,BenchmarkJsonAsSerialize_wazero,4,21844,base-explicit-BenchmarkJsonAsSerialize_wazero-4
explicit,final,BenchmarkJsonAsSerialize_wazero,4,22572,final-explicit-BenchmarkJsonAsSerialize_wazero-4
explicit,final,BenchmarkJsonAsSerialize_wazero,5,24040,final-explicit-BenchmarkJsonAsSerialize_wazero-5
explicit,base,BenchmarkJsonAsSerialize_wazero,5,23244,base-explicit-BenchmarkJsonAsSerialize_wazero-5
explicit,base,BenchmarkJsonAsDeserialize_wazero,0,24028,base-explicit-BenchmarkJsonAsDeserialize_wazero-0
explicit,final,BenchmarkJsonAsDeserialize_wazero,0,23768,final-explicit-BenchmarkJsonAsDeserialize_wazero-0
explicit,final,BenchmarkJsonAsDeserialize_wazero,1,23060,final-explicit-BenchmarkJsonAsDeserialize_wazero-1
explicit,base,BenchmarkJsonAsDeserialize_wazero,1,23116,base-explicit-BenchmarkJsonAsDeserialize_wazero-1
explicit,base,BenchmarkJsonAsDeserialize_wazero,2,21728,base-explicit-BenchmarkJsonAsDeserialize_wazero-2
explicit,final,BenchmarkJsonAsDeserialize_wazero,2,23060,final-explicit-BenchmarkJsonAsDeserialize_wazero-2
explicit,final,BenchmarkJsonAsDeserialize_wazero,3,22936,final-explicit-BenchmarkJsonAsDeserialize_wazero-3
explicit,base,BenchmarkJsonAsDeserialize_wazero,3,23308,base-explicit-BenchmarkJsonAsDeserialize_wazero-3
explicit,base,BenchmarkJsonAsDeserialize_wazero,4,22684,base-explicit-BenchmarkJsonAsDeserialize_wazero-4
explicit,final,BenchmarkJsonAsDeserialize_wazero,4,21520,final-explicit-BenchmarkJsonAsDeserialize_wazero-4
explicit,final,BenchmarkJsonAsDeserialize_wazero,5,23476,final-explicit-BenchmarkJsonAsDeserialize_wazero-5
explicit,base,BenchmarkJsonAsDeserialize_wazero,5,22880,base-explicit-BenchmarkJsonAsDeserialize_wazero-5
explicit,base,BenchmarkCompileCommuteSelfUpdate,0,139480,base-explicit-BenchmarkCompileCommuteSelfUpdate-0
explicit,final,BenchmarkCompileCommuteSelfUpdate,0,131860,final-explicit-BenchmarkCompileCommuteSelfUpdate-0
explicit,final,BenchmarkCompileCommuteSelfUpdate,1,138804,final-explicit-BenchmarkCompileCommuteSelfUpdate-1
explicit,base,BenchmarkCompileCommuteSelfUpdate,1,135496,base-explicit-BenchmarkCompileCommuteSelfUpdate-1
explicit,base,BenchmarkCompileCommuteSelfUpdate,2,139280,base-explicit-BenchmarkCompileCommuteSelfUpdate-2
explicit,final,BenchmarkCompileCommuteSelfUpdate,2,139528,final-explicit-BenchmarkCompileCommuteSelfUpdate-2
explicit,final,BenchmarkCompileCommuteSelfUpdate,3,132296,final-explicit-BenchmarkCompileCommuteSelfUpdate-3
explicit,base,BenchmarkCompileCommuteSelfUpdate,3,134064,base-explicit-BenchmarkCompileCommuteSelfUpdate-3
explicit,base,BenchmarkCompileCommuteSelfUpdate,4,140316,base-explicit-BenchmarkCompileCommuteSelfUpdate-4
explicit,final,BenchmarkCompileCommuteSelfUpdate,4,139308,final-explicit-BenchmarkCompileCommuteSelfUpdate-4
explicit,final,BenchmarkCompileCommuteSelfUpdate,5,139888,final-explicit-BenchmarkCompileCommuteSelfUpdate-5
explicit,base,BenchmarkCompileCommuteSelfUpdate,5,140180,base-explicit-BenchmarkCompileCommuteSelfUpdate-5
explicit,base,BenchmarkExecCommuteSelfUpdate,0,54064,base-explicit-BenchmarkExecCommuteSelfUpdate-0
explicit,final,BenchmarkExecCommuteSelfUpdate,0,54304,final-explicit-BenchmarkExecCommuteSelfUpdate-0
explicit,final,BenchmarkExecCommuteSelfUpdate,1,53824,final-explicit-BenchmarkExecCommuteSelfUpdate-1
explicit,base,BenchmarkExecCommuteSelfUpdate,1,53980,base-explicit-BenchmarkExecCommuteSelfUpdate-1
explicit,base,BenchmarkExecCommuteSelfUpdate,2,55840,base-explicit-BenchmarkExecCommuteSelfUpdate-2
explicit,final,BenchmarkExecCommuteSelfUpdate,2,56036,final-explicit-BenchmarkExecCommuteSelfUpdate-2
explicit,final,BenchmarkExecCommuteSelfUpdate,3,53952,final-explicit-BenchmarkExecCommuteSelfUpdate-3
explicit,base,BenchmarkExecCommuteSelfUpdate,3,53780,base-explicit-BenchmarkExecCommuteSelfUpdate-3
explicit,base,BenchmarkExecCommuteSelfUpdate,4,54460,base-explicit-BenchmarkExecCommuteSelfUpdate-4
explicit,final,BenchmarkExecCommuteSelfUpdate,4,53932,final-explicit-BenchmarkExecCommuteSelfUpdate-4
explicit,final,BenchmarkExecCommuteSelfUpdate,5,53688,final-explicit-BenchmarkExecCommuteSelfUpdate-5
explicit,base,BenchmarkExecCommuteSelfUpdate,5,54136,base-explicit-BenchmarkExecCommuteSelfUpdate-5
explicit,base,BenchmarkKernels,0,19876,base-explicit-BenchmarkKernels-0
explicit,final,BenchmarkKernels,0,22392,final-explicit-BenchmarkKernels-0
explicit,final,BenchmarkKernels,1,22320,final-explicit-BenchmarkKernels-1
explicit,base,BenchmarkKernels,1,21920,base-explicit-BenchmarkKernels-1
explicit,base,BenchmarkKernels,2,20164,base-explicit-BenchmarkKernels-2
explicit,final,BenchmarkKernels,2,20104,final-explicit-BenchmarkKernels-2
explicit,final,BenchmarkKernels,3,20208,final-explicit-BenchmarkKernels-3
explicit,base,BenchmarkKernels,3,22192,base-explicit-BenchmarkKernels-3
explicit,base,BenchmarkKernels,4,19828,base-explicit-BenchmarkKernels-4
explicit,final,BenchmarkKernels,4,20120,final-explicit-BenchmarkKernels-4
explicit,final,BenchmarkKernels,5,20400,final-explicit-BenchmarkKernels-5
explicit,base,BenchmarkKernels,5,19568,base-explicit-BenchmarkKernels-5
explicit,base,BenchmarkSqliBenign,0,14960,base-explicit-BenchmarkSqliBenign-0
explicit,final,BenchmarkSqliBenign,0,13260,final-explicit-BenchmarkSqliBenign-0
explicit,final,BenchmarkSqliBenign,1,13024,final-explicit-BenchmarkSqliBenign-1
explicit,base,BenchmarkSqliBenign,1,13148,base-explicit-BenchmarkSqliBenign-1
explicit,base,BenchmarkSqliBenign,2,11000,base-explicit-BenchmarkSqliBenign-2
explicit,final,BenchmarkSqliBenign,2,12884,final-explicit-BenchmarkSqliBenign-2
explicit,final,BenchmarkSqliBenign,3,13060,final-explicit-BenchmarkSqliBenign-3
explicit,base,BenchmarkSqliBenign,3,13080,base-explicit-BenchmarkSqliBenign-3
explicit,base,BenchmarkSqliBenign,4,13180,base-explicit-BenchmarkSqliBenign-4
explicit,final,BenchmarkSqliBenign,4,12968,final-explicit-BenchmarkSqliBenign-4
explicit,final,BenchmarkSqliBenign,5,13152,final-explicit-BenchmarkSqliBenign-5
explicit,base,BenchmarkSqliBenign,5,13032,base-explicit-BenchmarkSqliBenign-5
explicit,base,BenchmarkDecode,0,103260,base-explicit-BenchmarkDecode-0
explicit,final,BenchmarkDecode,0,105240,final-explicit-BenchmarkDecode-0
explicit,final,BenchmarkDecode,1,102660,final-explicit-BenchmarkDecode-1
explicit,base,BenchmarkDecode,1,99192,base-explicit-BenchmarkDecode-1
explicit,base,BenchmarkDecode,2,110720,base-explicit-BenchmarkDecode-2
explicit,final,BenchmarkDecode,2,100000,final-explicit-BenchmarkDecode-2
explicit,final,BenchmarkDecode,3,113752,final-explicit-BenchmarkDecode-3
explicit,base,BenchmarkDecode,3,106448,base-explicit-BenchmarkDecode-3
explicit,base,BenchmarkDecode,4,106880,base-explicit-BenchmarkDecode-4
explicit,final,BenchmarkDecode,4,104388,final-explicit-BenchmarkDecode-4
explicit,final,BenchmarkDecode,5,96448,final-explicit-BenchmarkDecode-5
explicit,base,BenchmarkDecode,5,105688,base-explicit-BenchmarkDecode-5
explicit,base,BenchmarkValidate,0,88828,base-explicit-BenchmarkValidate-0
explicit,final,BenchmarkValidate,0,90628,final-explicit-BenchmarkValidate-0
explicit,final,BenchmarkValidate,1,91116,final-explicit-BenchmarkValidate-1
explicit,base,BenchmarkValidate,1,81608,base-explicit-BenchmarkValidate-1
explicit,base,BenchmarkValidate,2,84208,base-explicit-BenchmarkValidate-2
explicit,final,BenchmarkValidate,2,83372,final-explicit-BenchmarkValidate-2
explicit,final,BenchmarkValidate,3,82616,final-explicit-BenchmarkValidate-3
explicit,base,BenchmarkValidate,3,91112,base-explicit-BenchmarkValidate-3
explicit,base,BenchmarkValidate,4,89572,base-explicit-BenchmarkValidate-4
explicit,final,BenchmarkValidate,4,85960,final-explicit-BenchmarkValidate-4
explicit,final,BenchmarkValidate,5,90080,final-explicit-BenchmarkValidate-5
explicit,base,BenchmarkValidate,5,91396,base-explicit-BenchmarkValidate-5
explicit,base,BenchmarkValidateWorkers,0,92728,base-explicit-BenchmarkValidateWorkers-0
explicit,final,BenchmarkValidateWorkers,0,92508,final-explicit-BenchmarkValidateWorkers-0
explicit,final,BenchmarkValidateWorkers,1,93284,final-explicit-BenchmarkValidateWorkers-1
explicit,base,BenchmarkValidateWorkers,1,90780,base-explicit-BenchmarkValidateWorkers-1
explicit,base,BenchmarkValidateWorkers,2,88724,base-explicit-BenchmarkValidateWorkers-2
explicit,final,BenchmarkValidateWorkers,2,92700,final-explicit-BenchmarkValidateWorkers-2
explicit,final,BenchmarkValidateWorkers,3,91512,final-explicit-BenchmarkValidateWorkers-3
explicit,base,BenchmarkValidateWorkers,3,92020,base-explicit-BenchmarkValidateWorkers-3
explicit,base,BenchmarkValidateWorkers,4,90908,base-explicit-BenchmarkValidateWorkers-4
explicit,final,BenchmarkValidateWorkers,4,90180,final-explicit-BenchmarkValidateWorkers-4
explicit,final,BenchmarkValidateWorkers,5,92348,final-explicit-BenchmarkValidateWorkers-5
explicit,base,BenchmarkValidateWorkers,5,92916,base-explicit-BenchmarkValidateWorkers-5
explicit,base,BenchmarkCompile,0,1546984,base-explicit-BenchmarkCompile-0
explicit,final,BenchmarkCompile,0,1731480,final-explicit-BenchmarkCompile-0
explicit,final,BenchmarkCompile,1,1787620,final-explicit-BenchmarkCompile-1
explicit,base,BenchmarkCompile,1,1609940,base-explicit-BenchmarkCompile-1
explicit,base,BenchmarkCompile,2,1591048,base-explicit-BenchmarkCompile-2
explicit,final,BenchmarkCompile,2,1789400,final-explicit-BenchmarkCompile-2
explicit,final,BenchmarkCompile,3,1843196,final-explicit-BenchmarkCompile-3
explicit,base,BenchmarkCompile,3,1634340,base-explicit-BenchmarkCompile-3
explicit,base,BenchmarkCompile,4,1617164,base-explicit-BenchmarkCompile-4
explicit,final,BenchmarkCompile,4,1843624,final-explicit-BenchmarkCompile-4
explicit,final,BenchmarkCompile,5,1796428,final-explicit-BenchmarkCompile-5
explicit,base,BenchmarkCompile,5,1616164,base-explicit-BenchmarkCompile-5
explicit,base,BenchmarkCompileWorkers,0,764804,base-explicit-BenchmarkCompileWorkers-0
explicit,final,BenchmarkCompileWorkers,0,845020,final-explicit-BenchmarkCompileWorkers-0
explicit,final,BenchmarkCompileWorkers,1,834256,final-explicit-BenchmarkCompileWorkers-1
explicit,base,BenchmarkCompileWorkers,1,800976,base-explicit-BenchmarkCompileWorkers-1
explicit,base,BenchmarkCompileWorkers,2,808752,base-explicit-BenchmarkCompileWorkers-2
explicit,final,BenchmarkCompileWorkers,2,893344,final-explicit-BenchmarkCompileWorkers-2
explicit,final,BenchmarkCompileWorkers,3,872340,final-explicit-BenchmarkCompileWorkers-3
explicit,base,BenchmarkCompileWorkers,3,792764,base-explicit-BenchmarkCompileWorkers-3
explicit,base,BenchmarkCompileWorkers,4,796996,base-explicit-BenchmarkCompileWorkers-4
explicit,final,BenchmarkCompileWorkers,4,887468,final-explicit-BenchmarkCompileWorkers-4
explicit,final,BenchmarkCompileWorkers,5,865560,final-explicit-BenchmarkCompileWorkers-5
explicit,base,BenchmarkCompileWorkers,5,796128,base-explicit-BenchmarkCompileWorkers-5
explicit,base,BenchmarkCompileFullOptimizationAblation,0,12340,base-explicit-BenchmarkCompileFullOptimizationAblation-0
explicit,final,BenchmarkCompileFullOptimizationAblation,0,12944,final-explicit-BenchmarkCompileFullOptimizationAblation-0
explicit,final,BenchmarkCompileFullOptimizationAblation,1,12940,final-explicit-BenchmarkCompileFullOptimizationAblation-1
explicit,base,BenchmarkCompileFullOptimizationAblation,1,12232,base-explicit-BenchmarkCompileFullOptimizationAblation-1
explicit,base,BenchmarkCompileFullOptimizationAblation,2,12400,base-explicit-BenchmarkCompileFullOptimizationAblation-2
explicit,final,BenchmarkCompileFullOptimizationAblation,2,12988,final-explicit-BenchmarkCompileFullOptimizationAblation-2
explicit,final,BenchmarkCompileFullOptimizationAblation,3,15168,final-explicit-BenchmarkCompileFullOptimizationAblation-3
explicit,base,BenchmarkCompileFullOptimizationAblation,3,12448,base-explicit-BenchmarkCompileFullOptimizationAblation-3
explicit,base,BenchmarkCompileFullOptimizationAblation,4,12340,base-explicit-BenchmarkCompileFullOptimizationAblation-4
explicit,final,BenchmarkCompileFullOptimizationAblation,4,12936,final-explicit-BenchmarkCompileFullOptimizationAblation-4
explicit,final,BenchmarkCompileFullOptimizationAblation,5,12968,final-explicit-BenchmarkCompileFullOptimizationAblation-5
explicit,base,BenchmarkCompileFullOptimizationAblation,5,10168,base-explicit-BenchmarkCompileFullOptimizationAblation-5
explicit,base,BenchmarkCompileFullWorkers,0,231256,base-explicit-BenchmarkCompileFullWorkers-0
explicit,final,BenchmarkCompileFullWorkers,0,235196,final-explicit-BenchmarkCompileFullWorkers-0
explicit,final,BenchmarkCompileFullWorkers,1,228316,final-explicit-BenchmarkCompileFullWorkers-1
explicit,base,BenchmarkCompileFullWorkers,1,234500,base-explicit-BenchmarkCompileFullWorkers-1
explicit,base,BenchmarkCompileFullWorkers,2,231320,base-explicit-BenchmarkCompileFullWorkers-2
explicit,final,BenchmarkCompileFullWorkers,2,231860,final-explicit-BenchmarkCompileFullWorkers-2
explicit,final,BenchmarkCompileFullWorkers,3,231324,final-explicit-BenchmarkCompileFullWorkers-3
explicit,base,BenchmarkCompileFullWorkers,3,232036,base-explicit-BenchmarkCompileFullWorkers-3
explicit,base,BenchmarkCompileFullWorkers,4,231844,base-explicit-BenchmarkCompileFullWorkers-4
explicit,final,BenchmarkCompileFullWorkers,4,232900,final-explicit-BenchmarkCompileFullWorkers-4
explicit,final,BenchmarkCompileFullWorkers,5,230256,final-explicit-BenchmarkCompileFullWorkers-5
explicit,base,BenchmarkCompileFullWorkers,5,231824,base-explicit-BenchmarkCompileFullWorkers-5
explicit,base,BenchmarkCompileMultiModuleThroughput,0,202396,base-explicit-BenchmarkCompileMultiModuleThroughput-0
explicit,final,BenchmarkCompileMultiModuleThroughput,0,199936,final-explicit-BenchmarkCompileMultiModuleThroughput-0
explicit,final,BenchmarkCompileMultiModuleThroughput,1,207060,final-explicit-BenchmarkCompileMultiModuleThroughput-1
explicit,base,BenchmarkCompileMultiModuleThroughput,1,212296,base-explicit-BenchmarkCompileMultiModuleThroughput-1
explicit,base,BenchmarkCompileMultiModuleThroughput,2,194920,base-explicit-BenchmarkCompileMultiModuleThroughput-2
explicit,final,BenchmarkCompileMultiModuleThroughput,2,189216,final-explicit-BenchmarkCompileMultiModuleThroughput-2
explicit,final,BenchmarkCompileMultiModuleThroughput,3,208312,final-explicit-BenchmarkCompileMultiModuleThroughput-3
explicit,base,BenchmarkCompileMultiModuleThroughput,3,199112,base-explicit-BenchmarkCompileMultiModuleThroughput-3
explicit,base,BenchmarkCompileMultiModuleThroughput,4,203548,base-explicit-BenchmarkCompileMultiModuleThroughput-4
explicit,final,BenchmarkCompileMultiModuleThroughput,4,208764,final-explicit-BenchmarkCompileMultiModuleThroughput-4
explicit,final,BenchmarkCompileMultiModuleThroughput,5,207352,final-explicit-BenchmarkCompileMultiModuleThroughput-5
explicit,base,BenchmarkCompileMultiModuleThroughput,5,212868,base-explicit-BenchmarkCompileMultiModuleThroughput-5
explicit,base,BenchmarkInstantiate,0,81076,base-explicit-BenchmarkInstantiate-0
explicit,final,BenchmarkInstantiate,0,84032,final-explicit-BenchmarkInstantiate-0
explicit,final,BenchmarkInstantiate,1,80884,final-explicit-BenchmarkInstantiate-1
explicit,base,BenchmarkInstantiate,1,82696,base-explicit-BenchmarkInstantiate-1
explicit,base,BenchmarkInstantiate,2,79288,base-explicit-BenchmarkInstantiate-2
explicit,final,BenchmarkInstantiate,2,79536,final-explicit-BenchmarkInstantiate-2
explicit,final,BenchmarkInstantiate,3,80916,final-explicit-BenchmarkInstantiate-3
explicit,base,BenchmarkInstantiate,3,88292,base-explicit-BenchmarkInstantiate-3
explicit,base,BenchmarkInstantiate,4,81496,base-explicit-BenchmarkInstantiate-4
explicit,final,BenchmarkInstantiate,4,81636,final-explicit-BenchmarkInstantiate-4
explicit,final,BenchmarkInstantiate,5,95276,final-explicit-BenchmarkInstantiate-5
explicit,base,BenchmarkInstantiate,5,84708,base-explicit-BenchmarkInstantiate-5
