run,bounds,benchmark,unit,main_median,after_median,change_percent,p,samples_each,pre_fix_median,after_vs_pre_fix_percent,benchtime
compact-explicit,explicit,BenchmarkCompileWorkers/json-as/p2,ns/op,760146.5,509298,-33.00002039080625,0.0021645021645021645,6,504690.5,0.9129357497317692,500ms
compact-explicit,explicit,BenchmarkCompileWorkers/json-as/p2,code-B,57470,57470,0,1,6,57470,0,500ms
compact-explicit,explicit,BenchmarkCompileWorkers/json-as/p2,B/op,433653.5,437357.5,0.8541381540792425,0.0021645021645021645,6,438359.5,-0.22857951065278215,500ms
compact-explicit,explicit,BenchmarkCompileWorkers/json-as/p2,allocs/op,264,249,-5.681818181818176,0.0021645021645021645,6,285,-12.631578947368416,500ms
compact-explicit,explicit,BenchmarkCompileWorkers/json-as/p4,ns/op,618651.5,352480.5,-43.02438448787404,0.0021645021645021645,6,347780,1.3515728334004162,500ms
compact-explicit,explicit,BenchmarkCompileWorkers/json-as/p4,code-B,57470,57470,0,1,6,57470,0,500ms
compact-explicit,explicit,BenchmarkCompileWorkers/json-as/p4,B/op,551566,558108.5,1.18616811043466,0.0021645021645021645,6,558754,-0.11552490004546057,500ms
compact-explicit,explicit,BenchmarkCompileWorkers/json-as/p4,allocs/op,403,392,-2.7295285359801524,0.0021645021645021645,6,441,-11.111111111111116,500ms
compact-explicit,explicit,BenchmarkExec/coremark.coremark_run,ns/op,34440520,34376832,-0.18492171430628535,0.6991341991341992,6,34563777,-0.5408697087705416,500ms
compact-explicit,explicit,BenchmarkExec/coremark.coremark_run,calls/batch,1,1,0,1,6,1,0,500ms
compact-explicit,explicit,BenchmarkExec/coremark.coremark_run,B/op,0,0,0,1,6,0,NaN,500ms
compact-explicit,explicit,BenchmarkExec/coremark.coremark_run,allocs/op,0,0,0,1,6,0,NaN,500ms
compact-explicit,explicit,BenchmarkExec/coremark.coremark_run,B/call,0,0,0,1,6,0,NaN,500ms
compact-explicit,explicit,BenchmarkExec/coremark.coremark_run,allocs/call,0,0,0,1,6,0,NaN,500ms
compact-explicit,explicit,BenchmarkCompileWorkers/json-as/p8,ns/op,602054.5,330060,-45.17772062163807,0.0021645021645021645,6,325742.5,1.3254334328495654,500ms
compact-explicit,explicit,BenchmarkCompileWorkers/json-as/p8,code-B,57470,57470,0,1,6,57470,0,500ms
compact-explicit,explicit,BenchmarkCompileWorkers/json-as/p8,B/op,749497,758853,1.2483038624570897,0.0021645021645021645,6,759168,-0.041492792109254495,500ms
compact-explicit,explicit,BenchmarkCompileWorkers/json-as/p8,allocs/op,629,619,-1.5898251192368873,0.0021645021645021645,6,693,-10.678210678210675,500ms
compact-explicit,explicit,BenchmarkCompileWorkers/lua/p4,ns/op,8786588,4389986,-50.03764828850517,0.0021645021645021645,6,4441464,-1.1590322470248604,500ms
compact-explicit,explicit,BenchmarkCompileWorkers/lua/p4,code-B,889172,889172,0,1,6,889172,0,500ms
compact-explicit,explicit,BenchmarkCompileWorkers/lua/p4,B/op,4397873.5,4426198,0.6440499027541291,0.0021645021645021645,6,4429153.5,-0.06672832630433279,500ms
compact-explicit,explicit,BenchmarkCompileWorkers/lua/p4,allocs/op,1488,1470.5,-1.1760752688172005,0.0021645021645021645,6,1547.5,-4.975767366720518,500ms
compact-explicit,explicit,BenchmarkCompileWorkers/lua/p8,ns/op,7722727,3369097.5,-56.37425096083288,0.0021645021645021645,6,3367500.5,0.04742389793259694,500ms
compact-explicit,explicit,BenchmarkCompileWorkers/lua/p8,code-B,889172,889172,0,1,6,889172,0,500ms
compact-explicit,explicit,BenchmarkCompileWorkers/lua/p8,B/op,5284405.5,5335225,0.9616881217764162,0.0021645021645021645,6,5336682,-0.02730160800287207,500ms
compact-explicit,explicit,BenchmarkCompileWorkers/lua/p8,allocs/op,2214,2173,-1.851851851851849,0.0021645021645021645,6,2325,-6.537634408602155,500ms
compact-explicit,explicit,BenchmarkCompileWorkers/esbuild/p2,ns/op,279048764,176946973,-36.589228899075145,0.0021645021645021645,6,176844416,0.057992783894289524,500ms
compact-explicit,explicit,BenchmarkCompileWorkers/esbuild/p2,code-B,26612624,26612624,0,1,6,26612624,0,500ms
compact-explicit,explicit,BenchmarkCompileWorkers/esbuild/p2,B/op,111987278,112910125,0.82406414057139,0.24025974025974026,6,112883339.5,0.02372847943605816,500ms
compact-explicit,explicit,BenchmarkCompileWorkers/esbuild/p2,allocs/op,14010,14639,4.489650249821553,0.30952380952380953,6,14759.5,-0.8164233205731897,500ms
compact-explicit,explicit,BenchmarkCompileFull/many_funcs,ns/op,459741,402416.5,-12.468868341087703,0.0021645021645021645,6,391560,2.772627438962094,500ms
compact-explicit,explicit,BenchmarkCompileFull/many_funcs,code-B,7817,7817,0,1,6,7817,0,500ms
compact-explicit,explicit,BenchmarkCompileFull/many_funcs,B/op,159042.5,161536.5,1.5681343037238449,0.0021645021645021645,6,161536,0.00030952852614341,500ms
compact-explicit,explicit,BenchmarkCompileFull/many_funcs,allocs/op,83,85,2.4096385542168752,0.0021645021645021645,6,85,0,500ms
compact-explicit,explicit,BenchmarkCompileFull/json-as,ns/op,1898025,1298461,-31.588835763490998,0.0021645021645021645,6,1289733.5,0.6766901844450723,500ms
compact-explicit,explicit,BenchmarkCompileFull/json-as,code-B,66366,66366,0,1,6,66366,0,500ms
compact-explicit,explicit,BenchmarkCompileFull/json-as,B/op,217463,218415,0.4377756215999895,0.0021645021645021645,6,218414,0.0004578461087589858,500ms
compact-explicit,explicit,BenchmarkCompileFull/json-as,allocs/op,405,407,0.49382716049382047,0.0021645021645021645,6,407,0,500ms
compact-explicit,explicit,BenchmarkValidate/tiny,ns/op,699.45,703.85,0.629065694474229,0.9372294372294372,6,701.45,0.3421484068714786,500ms
compact-explicit,explicit,BenchmarkValidate/tiny,B/op,1560,1560,0,1,6,1560,0,500ms
compact-explicit,explicit,BenchmarkValidate/tiny,allocs/op,11,11,0,1,6,11,0,500ms
compact-explicit,explicit,BenchmarkPluginInstantiate/ruby,ns/op,1938280,1763144.5,-9.035614049569718,0.004329004329004329,6,1859631,-5.188475563162798,500ms
compact-explicit,explicit,BenchmarkPluginInstantiate/ruby,B/op,295340,79394,-73.11776257872282,0.0021645021645021645,6,79693,-0.37518979082228343,500ms
compact-explicit,explicit,BenchmarkPluginInstantiate/ruby,allocs/op,9182.5,539.5,-94.12469371086306,0.0021645021645021645,6,549.5,-1.8198362147406777,500ms
compact-memory-explicit,explicit,BenchmarkCompileWorkers/json-as/p2,ns/op,1028200,737224.5,-28.299503987551056,0.008658008658008658,6,773919,-4.741387664600561,1x
compact-memory-explicit,explicit,BenchmarkCompileWorkers/json-as/p2,code-B,57470,57470,0,1,6,57470,0,1x
compact-memory-explicit,explicit,BenchmarkCompileWorkers/json-as/p2,B/op,430168,439020,2.0578006732253407,0.008658008658008658,6,436956,0.4723587729656975,1x
compact-memory-explicit,explicit,BenchmarkCompileWorkers/json-as/p2,allocs/op,265,253,-4.528301886792452,0.0021645021645021645,6,284.5,-11.072056239015815,1x
compact-memory-explicit,explicit,BenchmarkCompileWorkers/json-as/p4,ns/op,887583.5,647885.5,-27.005684535595808,0.0021645021645021645,6,630387.5,2.7757530090618765,1x
compact-memory-explicit,explicit,BenchmarkCompileWorkers/json-as/p4,code-B,57470,57470,0,1,6,57470,0,1x
compact-memory-explicit,explicit,BenchmarkCompileWorkers/json-as/p4,B/op,557244,569372,2.1764254079003065,0.13203463203463203,6,540004,5.43847823349457,1x
compact-memory-explicit,explicit,BenchmarkCompileWorkers/json-as/p4,allocs/op,405.5,397.5,-1.9728729963008673,0.0021645021645021645,6,451,-11.862527716186255,1x
compact-memory-explicit,explicit,BenchmarkCompileWorkers/json-as/p8,ns/op,1022273.5,739438.5,-27.667253430711057,0.015151515151515152,6,637681.5,15.957339204602917,1x
compact-memory-explicit,explicit,BenchmarkCompileWorkers/json-as/p8,code-B,57470,57470,0,1,6,57470,0,1x
compact-memory-explicit,explicit,BenchmarkCompileWorkers/json-as/p8,B/op,757920,764568,0.8771374287523725,0.8181818181818182,6,764584,-0.002092641227124936,1x
compact-memory-explicit,explicit,BenchmarkCompileWorkers/json-as/p8,allocs/op,589,640,8.658743633276744,0.02813852813852814,6,698.5,-8.37508947745168,1x
compact-memory-explicit,explicit,BenchmarkCompileWorkers/lua/p4,ns/op,8870305.5,4500172,-49.2670010068988,0.0021645021645021645,6,4388612,2.542033791093856,1x
compact-memory-explicit,explicit,BenchmarkCompileWorkers/lua/p4,code-B,889172,889172,0,1,6,889172,0,1x
compact-memory-explicit,explicit,BenchmarkCompileWorkers/lua/p4,B/op,4411468,4377680,-0.7659128435251072,0.9372294372294372,6,4456824,-1.7757937042162775,1x
compact-memory-explicit,explicit,BenchmarkCompileWorkers/lua/p4,allocs/op,1507.5,1473.5,-2.255389718076284,0.08658008658008658,6,1559.5,-5.514588008977239,1x
compact-memory-explicit,explicit,BenchmarkCompileWorkers/lua/p8,ns/op,8113489.5,3384633,-58.28388019729365,0.0021645021645021645,6,3292939.5,2.784548577342516,1x
compact-memory-explicit,explicit,BenchmarkCompileWorkers/lua/p8,code-B,889172,889172,0,1,6,889172,0,1x
compact-memory-explicit,explicit,BenchmarkCompileWorkers/lua/p8,B/op,5401060,5334904,-1.2248706735344506,0.48484848484848486,6,5328324,0.12349098891133448,1x
compact-memory-explicit,explicit,BenchmarkCompileWorkers/lua/p8,allocs/op,2217.5,2187.5,-1.3528748590755368,0.09307359307359307,6,2351,-6.954487452148017,1x
compact-memory-explicit,explicit,BenchmarkCompileWorkers/esbuild/p2,ns/op,261603976.5,173604886,-33.63828473761751,0.0021645021645021645,6,170764685.5,1.6632247420969248,1x
compact-memory-explicit,explicit,BenchmarkCompileWorkers/esbuild/p2,code-B,26612624,26612624,0,1,6,26612624,0,1x
compact-memory-explicit,explicit,BenchmarkCompileWorkers/esbuild/p2,B/op,112619044,112744792,0.11165784713995652,0.3939393939393939,6,113584852,-0.7395880570412627,1x
compact-memory-explicit,explicit,BenchmarkCompileWorkers/esbuild/p2,allocs/op,14834,15557,4.873938249966292,0.48484848484848486,6,15160.5,2.615349097984887,1x
compact-memory-explicit,explicit,BenchmarkCompileFull/many_funcs,ns/op,806951.5,815557.5,1.0664829298910883,0.9372294372294372,6,819084.5,-0.43060270338408646,1x
compact-memory-explicit,explicit,BenchmarkCompileFull/many_funcs,code-B,7817,7817,0,1,6,7817,0,1x
compact-memory-explicit,explicit,BenchmarkCompileFull/many_funcs,B/op,166968,169464,1.4948972258157278,0.0021645021645021645,6,169464,0,1x
compact-memory-explicit,explicit,BenchmarkCompileFull/many_funcs,allocs/op,99,101,2.020202020202011,0.0021645021645021645,6,101,0,1x
compact-memory-explicit,explicit,BenchmarkCompileFull/json-as,ns/op,2283365.5,1527480.5,-33.103986199318506,0.0021645021645021645,6,1787377,-14.54066489610194,1x
compact-memory-explicit,explicit,BenchmarkCompileFull/json-as,code-B,66366,66366,0,1,6,66366,0,1x
compact-memory-explicit,explicit,BenchmarkCompileFull/json-as,B/op,225400,226360,0.42590949423246816,0.0021645021645021645,6,226360,0,1x
compact-memory-explicit,explicit,BenchmarkCompileFull/json-as,allocs/op,422,424,0.4739336492890933,0.0021645021645021645,6,424,0,1x
compact-instantiate-explicit,explicit,BenchmarkPluginInstantiate/ruby,ns/op,1712950,1567797.5,-8.473831693861467,0.004329004329004329,6,1562471.5,0.34087021747277735,128x
compact-instantiate-explicit,explicit,BenchmarkPluginInstantiate/ruby,B/op,302066,86630,-71.32083716803612,0.0021645021645021645,6,86627.5,0.002885919598272224,128x
compact-instantiate-explicit,explicit,BenchmarkPluginInstantiate/ruby,allocs/op,9405,779,-91.71717171717172,0.0021645021645021645,6,779,0,128x
compact-rss-explicit,explicit,BenchmarkCompileCompact/tiny,ns/op,131288,114817,-12.545701054170987,0.06493506493506493,6,105830.5,8.491408431406832,1x
compact-rss-explicit,explicit,BenchmarkCompileCompact/tiny,B/op,10784,10784,0,1,6,10784,0,1x
compact-rss-explicit,explicit,BenchmarkCompileCompact/tiny,allocs/op,27,27,0,1,6,27,0,1x
compact-rss-explicit,explicit,BenchmarkCompileCompact/fib_iter,ns/op,57378.5,63555.5,10.765356361703414,0.5887445887445888,6,55875.5,13.744843446591082,1x
compact-rss-explicit,explicit,BenchmarkCompileCompact/fib_iter,B/op,13184,12672,-3.8834951456310662,0.0021645021645021645,6,12672,0,1x
compact-rss-explicit,explicit,BenchmarkCompileCompact/fib_iter,allocs/op,28,28,0,1,6,28,0,1x
compact-rss-explicit,explicit,BenchmarkCompileCompact/fib_rec,ns/op,42505.5,56366.5,32.60989754267094,0.13203463203463203,6,49138.5,14.709443715213123,1x
compact-rss-explicit,explicit,BenchmarkCompileCompact/fib_rec,B/op,13264,12496,-5.79010856453559,0.0021645021645021645,6,12496,0,1x
compact-rss-explicit,explicit,BenchmarkCompileCompact/fib_rec,allocs/op,37,37,0,1,6,37,0,1x
compact-rss-explicit,explicit,BenchmarkCompileCompact/arith,ns/op,57479,48721.5,-15.235999234503039,0.3939393939393939,6,47009,3.6429194409581145,1x
compact-rss-explicit,explicit,BenchmarkCompileCompact/arith,B/op,27456,12864,-53.14685314685315,0.0021645021645021645,6,12864,0,1x
compact-rss-explicit,explicit,BenchmarkCompileCompact/arith,allocs/op,27,27,0,1,6,27,0,1x
compact-rss-explicit,explicit,BenchmarkCompileCompact/float,ns/op,40847,45656.5,11.774426518471358,0.24025974025974026,6,40417,12.963604423881048,1x
compact-rss-explicit,explicit,BenchmarkCompileCompact/float,B/op,28048,13456,-52.02509982886481,0.0021645021645021645,6,13456,0,1x
compact-rss-explicit,explicit,BenchmarkCompileCompact/float,allocs/op,41,41,0,1,6,41,0,1x
compact-rss-explicit,explicit,BenchmarkCompileCompact/memory,ns/op,58736,49363.5,-15.956994007082537,0.24025974025974026,6,48902.5,0.9426920914063608,1x
compact-rss-explicit,explicit,BenchmarkCompileCompact/memory,B/op,13584,12688,-6.595995288574796,0.0021645021645021645,6,12688,0,1x
compact-rss-explicit,explicit,BenchmarkCompileCompact/memory,allocs/op,34,34,0,1,6,34,0,1x
compact-rss-explicit,explicit,BenchmarkCompileCompact/memory_tree,ns/op,70428,61270.5,-13.002640995058778,0.3939393939393939,6,61862.5,-0.9569610022226671,1x
compact-rss-explicit,explicit,BenchmarkCompileCompact/memory_tree,B/op,28448,16928,-40.4949381327334,0.0021645021645021645,6,16928,0,1x
compact-rss-explicit,explicit,BenchmarkCompileCompact/memory_tree,allocs/op,51,51,0,1,6,51,0,1x
compact-rss-explicit,explicit,BenchmarkCompileCompact/globals,ns/op,42911,39920.5,-6.969075528419289,0.30952380952380953,6,46212,-13.61442915260106,1x
compact-rss-explicit,explicit,BenchmarkCompileCompact/globals,B/op,13672,12904,-5.617320070216502,0.0021645021645021645,6,12904,0,1x
compact-rss-explicit,explicit,BenchmarkCompileCompact/globals,allocs/op,40,40,0,1,6,40,0,1x
compact-rss-explicit,explicit,BenchmarkCompileCompact/dispatch,ns/op,50320,44835,-10.900238473767887,0.09307359307359307,6,49203,-8.877507469056766,1x
compact-rss-explicit,explicit,BenchmarkCompileCompact/dispatch,B/op,11304,11288,-0.14154281670205604,0.0021645021645021645,6,11288,0,1x
compact-rss-explicit,explicit,BenchmarkCompileCompact/dispatch,allocs/op,43,43,0,1,6,43,0,1x
compact-rss-explicit,explicit,BenchmarkCompileCompact/branches,ns/op,35742.5,36809.5,2.9852416590893105,0.9372294372294372,6,30302,21.475480166325656,1x
compact-rss-explicit,explicit,BenchmarkCompileCompact/branches,B/op,13248,12224,-7.729468599033817,0.0021645021645021645,6,12224,0,1x
compact-rss-explicit,explicit,BenchmarkCompileCompact/branches,allocs/op,25,25,0,1,6,25,0,1x
compact-rss-explicit,explicit,BenchmarkCompileCompact/many_funcs,ns/op,350468.5,309345.5,-11.733722146212855,0.0021645021645021645,6,331246.5,-6.6116925009019,1x
compact-rss-explicit,explicit,BenchmarkCompileCompact/many_funcs,B/op,53224,52968,-0.48098602134375446,0.0021645021645021645,6,52968,0,1x
compact-rss-explicit,explicit,BenchmarkCompileCompact/many_funcs,allocs/op,39,39,0,1,6,39,0,1x
compact-rss-explicit,explicit,BenchmarkCompileCompact/linked_list,ns/op,49729.5,43372,-12.784162318141146,0.07142857142857142,6,48687,-10.916671801507594,1x
compact-rss-explicit,explicit,BenchmarkCompileCompact/linked_list,B/op,16816,14896,-11.41769743101808,0.0021645021645021645,6,14896,0,1x
compact-rss-explicit,explicit,BenchmarkCompileCompact/linked_list,allocs/op,38,38,0,1,6,38,0,1x
compact-rss-explicit,explicit,BenchmarkCompileCompact/mandelbrot,ns/op,48141,48301.5,0.33339565027730167,0.9372294372294372,6,50641,-4.619774491025064,1x
compact-rss-explicit,explicit,BenchmarkCompileCompact/mandelbrot,B/op,30256,22064,-27.07562136435748,0.0021645021645021645,6,22064,0,1x
compact-rss-explicit,explicit,BenchmarkCompileCompact/mandelbrot,allocs/op,58,58,0,1,6,58,0,1x
compact-rss-explicit,explicit,BenchmarkCompileCompact/sieve,ns/op,49749.5,51592.5,3.7045598448225636,0.8181818181818182,6,43943.5,17.40644236348947,1x
compact-rss-explicit,explicit,BenchmarkCompileCompact/sieve,B/op,20928,17600,-15.902140672782872,0.0021645021645021645,6,17600,0,1x
compact-rss-explicit,explicit,BenchmarkCompileCompact/sieve,allocs/op,39,39,0,1,6,39,0,1x
compact-rss-explicit,explicit,BenchmarkCompileCompact/nbody,ns/op,142354,146687.5,3.0441715722775653,0.6991341991341992,6,118975,23.292708552216858,1x
compact-rss-explicit,explicit,BenchmarkCompileCompact/nbody,B/op,74160,74160,0,1,6,74160,0,1x
compact-rss-explicit,explicit,BenchmarkCompileCompact/nbody,allocs/op,92,92,0,1,6,92,0,1x
compact-rss-explicit,explicit,BenchmarkCompileCompact/spectralnorm,ns/op,138777.5,127952,-7.800616094107471,0.30952380952380953,6,99514,28.57688365456117,1x
compact-rss-explicit,explicit,BenchmarkCompileCompact/spectralnorm,B/op,63992,63992,0,1,6,63992,0,1x
compact-rss-explicit,explicit,BenchmarkCompileCompact/spectralnorm,allocs/op,81,81,0,1,6,81,0,1x
compact-rss-explicit,explicit,BenchmarkCompileCompact/fannkuch,ns/op,241928,194958.5,-19.414660560166663,0.09307359307359307,6,149027,30.820925067269698,1x
compact-rss-explicit,explicit,BenchmarkCompileCompact/fannkuch,B/op,69296,69296,0,1,6,69296,0,1x
compact-rss-explicit,explicit,BenchmarkCompileCompact/fannkuch,allocs/op,71,71,0,1,6,71,0,1x
compact-rss-explicit,explicit,BenchmarkCompileCompact/matmul,ns/op,119265.5,124971.5,4.784283803782308,0.48484848484848486,6,95060.5,31.465224777904588,1x
compact-rss-explicit,explicit,BenchmarkCompileCompact/matmul,B/op,64824,64824,0,1,6,64824,0,1x
compact-rss-explicit,explicit,BenchmarkCompileCompact/matmul,allocs/op,78,78,0,1,6,78,0,1x
compact-rss-explicit,explicit,BenchmarkCompileCompact/quicksort,ns/op,114592,90721.5,-20.830860793074557,0.13203463203463203,6,105134.5,-13.709105954753198,1x
compact-rss-explicit,explicit,BenchmarkCompileCompact/quicksort,B/op,30024,30024,0,1,6,30024,0,1x
compact-rss-explicit,explicit,BenchmarkCompileCompact/quicksort,allocs/op,72,72,0,1,6,72,0,1x
compact-rss-explicit,explicit,BenchmarkCompileCompact/crc32,ns/op,78704,72211.5,-8.249263061597889,0.3939393939393939,6,59552.5,21.256874186642037,1x
compact-rss-explicit,explicit,BenchmarkCompileCompact/crc32,B/op,28592,28592,0,1,6,28592,0,1x
compact-rss-explicit,explicit,BenchmarkCompileCompact/crc32,allocs/op,47,47,0,1,6,47,0,1x
compact-rss-explicit,explicit,BenchmarkCompileCompact/sha256,ns/op,131248.5,106156,-19.118313733109325,0.13203463203463203,6,120683.5,-12.037685350524308,1x
compact-rss-explicit,explicit,BenchmarkCompileCompact/sha256,B/op,65944,65944,0,1,6,65944,0,1x
compact-rss-explicit,explicit,BenchmarkCompileCompact/sha256,allocs/op,57,57,0,1,6,57,0,1x
compact-rss-explicit,explicit,BenchmarkCompileCompact/raytrace,ns/op,285716,245780,-13.97751613490319,0.17965367965367965,6,231728.5,6.0637772220508035,1x
compact-rss-explicit,explicit,BenchmarkCompileCompact/raytrace,B/op,145840,145840,0,1,6,145840,0,1x
compact-rss-explicit,explicit,BenchmarkCompileCompact/raytrace,allocs/op,119,119,0,1,6,119,0,1x
compact-rss-explicit,explicit,BenchmarkCompileCompact/regexmatch,ns/op,48077051,41704925.5,-13.253985773794652,0.0021645021645021645,6,41554993.5,0.3608038104975231,1x
compact-rss-explicit,explicit,BenchmarkCompileCompact/regexmatch,B/op,1397320,1395352,-0.1408410385595249,0.0021645021645021645,6,1395352,0,1x
compact-rss-explicit,explicit,BenchmarkCompileCompact/regexmatch,allocs/op,1947,1949,0.10272213662043672,0.0021645021645021645,6,1949,0,1x
compact-rss-explicit,explicit,BenchmarkCompileCompact/wasm3,ns/op,12135253.5,10367055,-14.570758657822847,0.0021645021645021645,6,10451116,-0.8043255858991571,1x
compact-rss-explicit,explicit,BenchmarkCompileCompact/wasm3,B/op,505536,502904,-0.520635523483981,0.0021645021645021645,6,502904,0,1x
compact-rss-explicit,explicit,BenchmarkCompileCompact/wasm3,allocs/op,837,839,0.2389486260454099,0.0021645021645021645,6,839,0,1x
compact-rss-explicit,explicit,BenchmarkCompileCompact/json-as,ns/op,1392149.5,1331605.5,-4.348958211743781,0.5887445887445888,6,1157460.5,15.045437835675601,1x
compact-rss-explicit,explicit,BenchmarkCompileCompact/json-as,B/op,136240,136784,0.39929536112741637,0.0021645021645021645,6,136784,0,1x
compact-rss-explicit,explicit,BenchmarkCompileCompact/json-as,allocs/op,148,148,0,1,6,148,0,1x
compact-rss-explicit,explicit,BenchmarkCompileCompact/blake-as,ns/op,422915.5,353729.5,-16.3592963606205,0.17965367965367965,6,408609,-13.430810383520676,1x
compact-rss-explicit,explicit,BenchmarkCompileCompact/blake-as,B/op,133816,133616,-0.14945895856998126,0.0021645021645021645,6,133616,0,1x
compact-rss-explicit,explicit,BenchmarkCompileCompact/blake-as,allocs/op,97,93,-4.123711340206182,0.0021645021645021645,6,93,0,1x
compact-rss-explicit,explicit,BenchmarkCompileCompact/utf-as,ns/op,266519.5,230892,-13.36768979380496,0.3939393939393939,6,238947,-3.371040439930195,1x
compact-rss-explicit,explicit,BenchmarkCompileCompact/utf-as,B/op,121896,121880,-0.01312594342718354,0.0021645021645021645,6,121880,0,1x
compact-rss-explicit,explicit,BenchmarkCompileCompact/utf-as,allocs/op,72,72,0,1,6,72,0,1x
compact-rss-explicit,explicit,BenchmarkCompileCompact/xjb-mulhi,ns/op,73128.5,74927,2.459369466076833,0.6991341991341992,6,58671,27.707044366041146,1x
compact-rss-explicit,explicit,BenchmarkCompileCompact/xjb-mulhi,B/op,28544,17024,-40.35874439461884,0.0021645021645021645,6,17024,0,1x
compact-rss-explicit,explicit,BenchmarkCompileCompact/xjb-mulhi,allocs/op,31,31,0,1,6,31,0,1x
compact-rss-explicit,explicit,BenchmarkCompileCompact/swar-pack-parse,ns/op,57549,59728,3.786338598411798,0.8181818181818182,6,50821,17.526219476200787,1x
compact-rss-explicit,explicit,BenchmarkCompileCompact/swar-pack-parse,B/op,26200,14680,-43.969465648854964,0.0021645021645021645,6,14680,0,1x
compact-rss-explicit,explicit,BenchmarkCompileCompact/swar-pack-parse,allocs/op,28,28,0,1,6,28,0,1x
compact-rss-explicit,explicit,BenchmarkCompileCompact/json-as-simd,ns/op,1499318,1302745.5,-13.110794374508938,0.06493506493506493,6,1282242,1.5990351275344317,1x
compact-rss-explicit,explicit,BenchmarkCompileCompact/json-as-simd,B/op,144456,145128,0.4651935537464791,0.0021645021645021645,6,145128,0,1x
compact-rss-explicit,explicit,BenchmarkCompileCompact/json-as-simd,allocs/op,183,183,0,1,6,183,0,1x
compact-rss-explicit,explicit,BenchmarkCompileCompact/blake-as-simd,ns/op,1306688.5,1011910,-22.559202135780644,0.0021645021645021645,6,1025651,-1.3397344710822656,1x
compact-rss-explicit,explicit,BenchmarkCompileCompact/blake-as-simd,B/op,284648,284800,0.05339928613585787,0.0021645021645021645,6,284800,0,1x
compact-rss-explicit,explicit,BenchmarkCompileCompact/blake-as-simd,allocs/op,139,138,-0.7194244604316502,0.0021645021645021645,6,138,0,1x
compact-rss-explicit,explicit,BenchmarkCompileCompact/utf-as-simd,ns/op,671576,481756,-28.264857588716687,0.004329004329004329,6,609423.5,-20.94889678524048,1x
compact-rss-explicit,explicit,BenchmarkCompileCompact/utf-as-simd,B/op,146712,146608,-0.07088718032608465,0.0021645021645021645,6,146608,0,1x
compact-rss-explicit,explicit,BenchmarkCompileCompact/utf-as-simd,allocs/op,137,135,-1.4598540145985384,0.0021645021645021645,6,135,0,1x
compact-rss-explicit,explicit,BenchmarkCompileCompact/coremark,ns/op,828243,670874.5,-19.000281318405342,0.13203463203463203,6,626966.5,7.003244989963586,1x
compact-rss-explicit,explicit,BenchmarkCompileCompact/coremark,B/op,131216,131200,-0.012193634922574859,0.0021645021645021645,6,131200,0,1x
compact-rss-explicit,explicit,BenchmarkCompileCompact/coremark,allocs/op,96,96,0,1,6,96,0,1x
compact-rss-explicit,explicit,BenchmarkCompileCompact/blake3,ns/op,1098459.5,934403.5,-14.935097743703796,0.17965367965367965,6,808640.5,15.552399366591207,1x
compact-rss-explicit,explicit,BenchmarkCompileCompact/blake3,B/op,139296,139264,-0.02297266253158403,0.0021645021645021645,6,139264,0,1x
compact-rss-explicit,explicit,BenchmarkCompileCompact/blake3,allocs/op,109,109,0,1,6,109,0,1x
compact-rss-explicit,explicit,BenchmarkCompileCompact/qoi,ns/op,361359,310798,-13.991902789193023,0.3939393939393939,6,213273.5,45.727434491392515,1x
compact-rss-explicit,explicit,BenchmarkCompileCompact/qoi,B/op,68064,68032,-0.04701457451810054,0.0021645021645021645,6,68032,0,1x
compact-rss-explicit,explicit,BenchmarkCompileCompact/qoi,allocs/op,92,92,0,1,6,92,0,1x
compact-rss-explicit,explicit,BenchmarkCompileCompact/lz4,ns/op,274154.5,237494.5,-13.372021980306725,0.30952380952380953,6,271193.5,-12.426182780929484,1x
compact-rss-explicit,explicit,BenchmarkCompileCompact/lz4,B/op,64064,64048,-0.024975024975026905,0.0021645021645021645,6,64048,0,1x
compact-rss-explicit,explicit,BenchmarkCompileCompact/lz4,allocs/op,68,68,0,1,6,68,0,1x
compact-rss-explicit,explicit,BenchmarkCompileCompact/zlib,ns/op,1124158,847048.5,-24.650405014241773,0.04112554112554113,6,793737,6.716519451657166,1x
compact-rss-explicit,explicit,BenchmarkCompileCompact/zlib,B/op,301256,301240,-0.0053110975383074965,0.0021645021645021645,6,301240,0,1x
compact-rss-explicit,explicit,BenchmarkCompileCompact/zlib,allocs/op,175,175,0,1,6,175,0,1x
compact-rss-explicit,explicit,BenchmarkCompileCompact/zstd,ns/op,3622446.5,2782987.5,-23.173813609117488,0.06493506493506493,6,2763229.5,0.7150328990045862,1x
compact-rss-explicit,explicit,BenchmarkCompileCompact/zstd,B/op,1007208,1007200,-0.0007942748667555399,0.0021645021645021645,6,1007200,0,1x
compact-rss-explicit,explicit,BenchmarkCompileCompact/zstd,allocs/op,228,230,0.8771929824561431,0.0021645021645021645,6,230,0,1x
compact-rss-explicit,explicit,BenchmarkCompileCompact/lua,ns/op,19035308.5,15123794.5,-20.548729220753103,0.0021645021645021645,6,15358704,-1.529487774489302,1x
compact-rss-explicit,explicit,BenchmarkCompileCompact/lua,B/op,813944,810704,-0.3980617831202182,0.0021645021645021645,6,810704,0,1x
compact-rss-explicit,explicit,BenchmarkCompileCompact/lua,allocs/op,761,761,0,1,6,761,0,1x
compact-rss-explicit,explicit,BenchmarkCompileCompact/sqlite3,ns/op,77228894,62713012,-18.795921122475225,0.0021645021645021645,6,62739649.5,-0.04245720244261397,1x
compact-rss-explicit,explicit,BenchmarkCompileCompact/sqlite3,B/op,2249168,2234888,-0.634901439109925,0.0021645021645021645,6,2234888,0,1x
compact-rss-explicit,explicit,BenchmarkCompileCompact/sqlite3,allocs/op,2150,2152,0.09302325581395099,0.0021645021645021645,6,2152,0,1x
compact-rss-explicit,explicit,BenchmarkCompileCompact/ruby,ns/op,818015024.5,650005848.5,-20.538641830288284,0.0021645021645021645,6,653404875,-0.5202021946958957,1x
compact-rss-explicit,explicit,BenchmarkCompileCompact/ruby,B/op,15186152,13858576,-8.742017069235185,0.0021645021645021645,6,13853112,0.03944240110091979,1x
compact-rss-explicit,explicit,BenchmarkCompileCompact/ruby,allocs/op,4487,4488,0.02228660574994379,0.4588744588744589,6,4482,0.1338688085676054,1x
compact-rss-explicit,explicit,BenchmarkCompileCompact/esbuild,ns/op,418254166.5,342806277.5,-18.038765670012758,0.0021645021645021645,6,336650683,1.8284812153492647,1x
compact-rss-explicit,explicit,BenchmarkCompileCompact/esbuild,B/op,18441704,18329272,-0.6096616668394672,0.0021645021645021645,6,18329272,0,1x
compact-rss-explicit,explicit,BenchmarkCompileCompact/esbuild,allocs/op,9214,9212,-0.021706099413931756,0.0021645021645021645,6,9212,0,1x
compact-rss-explicit,explicit,BenchmarkCompileCompact/isa_i32,ns/op,352512.5,298014.5,-15.459877309315273,0.09307359307359307,6,310507.5,-4.023413283093003,1x
compact-rss-explicit,explicit,BenchmarkCompileCompact/isa_i32,B/op,30904,30840,-0.20709293295366749,0.0021645021645021645,6,30840,0,1x
compact-rss-explicit,explicit,BenchmarkCompileCompact/isa_i32,allocs/op,43,43,0,1,6,43,0,1x
compact-rss-explicit,explicit,BenchmarkCompileCompact/isa_i64,ns/op,349657,259010.5,-25.924405917799444,0.025974025974025976,6,256987,0.7873939148672848,1x
compact-rss-explicit,explicit,BenchmarkCompileCompact/isa_i64,B/op,30904,30840,-0.20709293295366749,0.0021645021645021645,6,30840,0,1x
compact-rss-explicit,explicit,BenchmarkCompileCompact/isa_i64,allocs/op,43,43,0,1,6,43,0,1x
compact-rss-explicit,explicit,BenchmarkCompileCompact/isa_f32,ns/op,332760,226955,-31.796189445846856,0.06493506493506493,6,189954.5,19.47861198339602,1x
compact-rss-explicit,explicit,BenchmarkCompileCompact/isa_f32,B/op,34496,30368,-11.966604823747684,0.0021645021645021645,6,30368,0,1x
compact-rss-explicit,explicit,BenchmarkCompileCompact/isa_f32,allocs/op,69,69,0,1,6,69,0,1x
compact-rss-explicit,explicit,BenchmarkCompileCompact/isa_f64,ns/op,232239.5,172111,-25.890729182589524,0.17965367965367965,6,184519.5,-6.724763507379983,1x
compact-rss-explicit,explicit,BenchmarkCompileCompact/isa_f64,B/op,34528,30400,-11.955514365152919,0.0021645021645021645,6,30400,0,1x
compact-rss-explicit,explicit,BenchmarkCompileCompact/isa_f64,allocs/op,70,70,0,1,6,70,0,1x
compact-rss-explicit,explicit,BenchmarkCompileCompact/isa_mem,ns/op,216459.5,132591,-38.745585201850695,0.015151515151515152,6,149818.5,-11.49891368555953,1x
compact-rss-explicit,explicit,BenchmarkCompileCompact/isa_mem,B/op,28592,25760,-9.904868494683827,0.0021645021645021645,6,25760,0,1x
compact-rss-explicit,explicit,BenchmarkCompileCompact/isa_mem,allocs/op,39,39,0,1,6,39,0,1x
compact-rss-explicit,explicit,BenchmarkCompileCompact/isa_bulk_mem,ns/op,86939.5,77672,-10.659711638553249,0.04112554112554113,6,78799,-1.430221195700454,1x
compact-rss-explicit,explicit,BenchmarkCompileCompact/isa_bulk_mem,B/op,13984,13568,-2.9748283752860427,0.0021645021645021645,6,13568,0,1x
compact-rss-explicit,explicit,BenchmarkCompileCompact/isa_bulk_mem,allocs/op,41,41,0,1,6,41,0,1x
compact-rss-explicit,explicit,BenchmarkCompileCompact/isa_ctl,ns/op,170478,130952.5,-23.185103063151846,0.0021645021645021645,6,134845,-2.88664763246691,1x
compact-rss-explicit,explicit,BenchmarkCompileCompact/isa_ctl,B/op,61712,61696,-0.025926886180971387,0.0021645021645021645,6,61696,0,1x
compact-rss-explicit,explicit,BenchmarkCompileCompact/isa_ctl,allocs/op,43,43,0,1,6,43,0,1x
compact-rss-explicit,explicit,BenchmarkCompileCompact/isa_call,ns/op,80322,65183,-18.847887253803442,0.008658008658008658,6,65239,-0.08583822560125354,1x
compact-rss-explicit,explicit,BenchmarkCompileCompact/isa_call,B/op,20936,20296,-3.0569354222392042,0.0021645021645021645,6,20296,0,1x
compact-rss-explicit,explicit,BenchmarkCompileCompact/isa_call,allocs/op,65,65,0,1,6,65,0,1x
compact-rss-explicit,explicit,BenchmarkCompileCompact/isa_var,ns/op,64066.5,51282,-19.955046709278644,0.3939393939393939,6,53311,-3.805968749413813,1x
compact-rss-explicit,explicit,BenchmarkCompileCompact/isa_var,B/op,25664,24896,-2.9925187032418976,0.0021645021645021645,6,24896,0,1x
compact-rss-explicit,explicit,BenchmarkCompileCompact/isa_var,allocs/op,37,37,0,1,6,37,0,1x
compact-rss-explicit,explicit,BenchmarkCompileCompact/isa_cvt,ns/op,178843.5,123403.5,-30.999169665098258,0.06493506493506493,6,133338,-7.4506142285020065,1x
compact-rss-explicit,explicit,BenchmarkCompileCompact/isa_cvt,B/op,26232,23512,-10.369014943580357,0.0021645021645021645,6,23512,0,1x
compact-rss-explicit,explicit,BenchmarkCompileCompact/isa_cvt,allocs/op,52,52,0,1,6,52,0,1x
compact-rss-explicit,explicit,BenchmarkCompileCompact/isa_simd_v128,ns/op,119587,92695.5,-22.48697600909798,0.17965367965367965,6,99623.5,-6.954182497101591,1x
compact-rss-explicit,explicit,BenchmarkCompileCompact/isa_simd_v128,B/op,33080,33064,-0.04836759371221744,0.0021645021645021645,6,33064,0,1x
compact-rss-explicit,explicit,BenchmarkCompileCompact/isa_simd_v128,allocs/op,57,57,0,1,6,57,0,1x
compact-rss-explicit,explicit,BenchmarkCompileCompact/isa_simd_i8x16,ns/op,391571,252327.5,-35.560217687213814,0.0021645021645021645,6,256310,-1.5537825289688278,1x
compact-rss-explicit,explicit,BenchmarkCompileCompact/isa_simd_i8x16,B/op,46328,39288,-15.195993783457084,0.0021645021645021645,6,39288,0,1x
compact-rss-explicit,explicit,BenchmarkCompileCompact/isa_simd_i8x16,allocs/op,66,66,0,1,6,66,0,1x
compact-rss-explicit,explicit,BenchmarkCompileCompact/isa_simd_i16x8,ns/op,545121.5,386732,-29.05581599698416,0.0021645021645021645,6,412120,-6.160341648063672,1x
compact-rss-explicit,explicit,BenchmarkCompileCompact/isa_simd_i16x8,B/op,42816,36544,-14.648729446935727,0.0021645021645021645,6,36544,0,1x
compact-rss-explicit,explicit,BenchmarkCompileCompact/isa_simd_i16x8,allocs/op,51,51,0,1,6,51,0,1x
compact-rss-explicit,explicit,BenchmarkCompileCompact/isa_simd_i32x4,ns/op,498127.5,440464,-11.576052315923135,0.015151515151515152,6,365968,20.3558781095615,1x
compact-rss-explicit,explicit,BenchmarkCompileCompact/isa_simd_i32x4,B/op,39736,31016,-21.94483591705255,0.0021645021645021645,6,31016,0,1x
compact-rss-explicit,explicit,BenchmarkCompileCompact/isa_simd_i32x4,allocs/op,52,51,-1.9230769230769273,0.5454545454545454,6,51,0,1x
compact-rss-explicit,explicit,BenchmarkCompileCompact/isa_simd_i64x2,ns/op,393229,203605,-48.22228269023901,0.004329004329004329,6,195826,3.972404073003588,1x
compact-rss-explicit,explicit,BenchmarkCompileCompact/isa_simd_i64x2,B/op,37920,34160,-9.915611814345993,0.0021645021645021645,6,29264,16.730453799890643,1x
compact-rss-explicit,explicit,BenchmarkCompileCompact/isa_simd_i64x2,allocs/op,49,50,2.0408163265306145,0.5454545454545454,6,48,4.166666666666674,1x
compact-rss-explicit,explicit,BenchmarkCompileCompact/isa_simd_f32x4,ns/op,375180,197984.5,-47.229463191001656,0.0021645021645021645,6,291707.5,-32.129101925730396,1x
compact-rss-explicit,explicit,BenchmarkCompileCompact/isa_simd_f32x4,B/op,35752,29544,-17.36406354889237,0.0021645021645021645,6,29544,0,1x
compact-rss-explicit,explicit,BenchmarkCompileCompact/isa_simd_f32x4,allocs/op,50,50,0,1,6,50,0,1x
compact-rss-explicit,explicit,BenchmarkCompileCompact/isa_simd_f64x2,ns/op,440689.5,289668.5,-34.269253068203355,0.0021645021645021645,6,204827.5,41.42070766864801,1x
compact-rss-explicit,explicit,BenchmarkCompileCompact/isa_simd_f64x2,B/op,35704,29496,-17.387407573381132,0.0021645021645021645,6,29496,0,1x
compact-rss-explicit,explicit,BenchmarkCompileCompact/isa_simd_f64x2,allocs/op,49,49,0,1,6,49,0,1x
compact-rss-explicit,explicit,BenchmarkCompileCompact/isa_simd_reduce,ns/op,105775,116856,10.476010399432756,0.8181818181818182,6,115508.5,1.166580814398932,1x
compact-rss-explicit,explicit,BenchmarkCompileCompact/isa_simd_reduce,B/op,28552,25704,-9.974782852339592,0.0021645021645021645,6,25704,0,1x
compact-rss-explicit,explicit,BenchmarkCompileCompact/isa_simd_reduce,allocs/op,38,38,0,1,6,38,0,1x
compact-signals,signals,BenchmarkCompileWorkers/json-as/p2,ns/op,681594.5,533552,-21.720025616403895,0.0021645021645021645,6,520948,2.4194353371161714,500ms
compact-signals,signals,BenchmarkCompileWorkers/json-as/p2,code-B,57470,57470,0,1,6,57470,0,500ms
compact-signals,signals,BenchmarkCompileWorkers/json-as/p2,B/op,433600.5,437265.5,0.845248102804308,0.0021645021645021645,6,438110.5,-0.1928737156493665,500ms
compact-signals,signals,BenchmarkCompileWorkers/json-as/p2,allocs/op,264,248.5,-5.871212121212121,0.0021645021645021645,6,284,-12.5,500ms
compact-signals,signals,BenchmarkCompileWorkers/json-as/p4,ns/op,521059.5,352502,-32.34899277337809,0.0021645021645021645,6,345795,1.9395884845067268,500ms
compact-signals,signals,BenchmarkCompileWorkers/json-as/p4,code-B,57470,57470,0,1,6,57470,0,500ms
compact-signals,signals,BenchmarkCompileWorkers/json-as/p4,B/op,551462.5,558130.5,1.2091484008432074,0.0021645021645021645,6,559151,-0.18250883929386008,500ms
compact-signals,signals,BenchmarkCompileWorkers/json-as/p4,allocs/op,402,392,-2.487562189054726,0.0021645021645021645,6,441,-11.111111111111116,500ms
compact-signals,signals,BenchmarkExec/coremark.coremark_run,ns/op,32637907,32855179,0.665704452188054,0.06493506493506493,6,32650667.5,0.6263623860063516,500ms
compact-signals,signals,BenchmarkExec/coremark.coremark_run,calls/batch,1,1,0,1,6,1,0,500ms
compact-signals,signals,BenchmarkExec/coremark.coremark_run,B/op,0,0,0,1,6,0,NaN,500ms
compact-signals,signals,BenchmarkExec/coremark.coremark_run,allocs/op,0,0,0,1,6,0,NaN,500ms
compact-signals,signals,BenchmarkExec/coremark.coremark_run,B/call,0,0,0,1,6,0,NaN,500ms
compact-signals,signals,BenchmarkExec/coremark.coremark_run,allocs/call,0,0,0,1,6,0,NaN,500ms
compact-signals,signals,BenchmarkCompileWorkers/json-as/p8,ns/op,498846,329876,-33.872176984480184,0.0021645021645021645,6,323003.5,2.1276859229079514,500ms
compact-signals,signals,BenchmarkCompileWorkers/json-as/p8,code-B,57470,57470,0,1,6,57470,0,500ms
compact-signals,signals,BenchmarkCompileWorkers/json-as/p8,B/op,749502.5,759406,1.3213431576278856,0.0021645021645021645,6,759961,-0.07303006338482687,500ms
compact-signals,signals,BenchmarkCompileWorkers/json-as/p8,allocs/op,628.5,620,-1.352426412092278,0.0021645021645021645,6,693,-10.533910533910529,500ms
compact-signals,signals,BenchmarkCompileWorkers/lua/p4,ns/op,7944330.5,4578294,-42.37029791245468,0.0021645021645021645,6,4520386,1.2810410438400588,500ms
compact-signals,signals,BenchmarkCompileWorkers/lua/p4,code-B,889172,889172,0,1,6,889172,0,500ms
compact-signals,signals,BenchmarkCompileWorkers/lua/p4,B/op,4394012,4419492.5,0.5798914522764154,0.0021645021645021645,6,4430553.5,-0.24965278040317562,500ms
compact-signals,signals,BenchmarkCompileWorkers/lua/p4,allocs/op,1488,1469.5,-1.2432795698924748,0.0021645021645021645,6,1546.5,-4.978984804397024,500ms
compact-signals,signals,BenchmarkCompileWorkers/lua/p8,ns/op,6828178,3542063,-48.1257957832968,0.0021645021645021645,6,3445639,2.798435935975885,500ms
compact-signals,signals,BenchmarkCompileWorkers/lua/p8,code-B,889172,889172,0,1,6,889172,0,500ms
compact-signals,signals,BenchmarkCompileWorkers/lua/p8,B/op,5281609.5,5333888,0.9898213792594923,0.0021645021645021645,6,5336778,-0.05415252423840444,500ms
compact-signals,signals,BenchmarkCompileWorkers/lua/p8,allocs/op,2211,2173,-1.7186793306196324,0.0021645021645021645,6,2323.5,-6.47729718097697,500ms
compact-signals,signals,BenchmarkCompileWorkers/esbuild/p2,ns/op,266672343,179576693,-32.66017353738104,0.0021645021645021645,6,176612741.5,1.678220650914919,500ms
compact-signals,signals,BenchmarkCompileWorkers/esbuild/p2,code-B,26612624,26612624,0,1,6,26612624,0,500ms
compact-signals,signals,BenchmarkCompileWorkers/esbuild/p2,B/op,112686316,113120125,0.3849704342095972,0.17965367965367965,6,113391278.5,-0.23913082521598295,500ms
compact-signals,signals,BenchmarkCompileWorkers/esbuild/p2,allocs/op,14650,14797.5,1.0068259385665579,0.8181818181818182,6,14860,-0.42059219380887747,500ms
compact-signals,signals,BenchmarkCompileFull/many_funcs,ns/op,437379,392557.5,-10.247748520162148,0.0021645021645021645,6,386197.5,1.6468257821451449,500ms
compact-signals,signals,BenchmarkCompileFull/many_funcs,code-B,7817,7817,0,1,6,7817,0,500ms
compact-signals,signals,BenchmarkCompileFull/many_funcs,B/op,159042,161535.5,1.5678248512971393,0.0021645021645021645,6,161536,-0.0003095285261545122,500ms
compact-signals,signals,BenchmarkCompileFull/many_funcs,allocs/op,83,85,2.4096385542168752,0.0021645021645021645,6,85,0,500ms
compact-signals,signals,BenchmarkCompileFull/json-as,ns/op,1736043.5,1218056,-29.83724198155173,0.0021645021645021645,6,1203331,1.2236865833257893,500ms
compact-signals,signals,BenchmarkCompileFull/json-as,code-B,55821,55821,0,1,6,55821,0,500ms
compact-signals,signals,BenchmarkCompileFull/json-as,B/op,214695.5,215645.5,0.4424871504060457,0.0021645021645021645,6,215646,-0.00023186147667386692,500ms
compact-signals,signals,BenchmarkCompileFull/json-as,allocs/op,404,406,0.4950495049504955,0.0021645021645021645,6,406,0,500ms
compact-signals,signals,BenchmarkValidate/tiny,ns/op,692.75,713.0999999999999,2.937567665102847,0.30952380952380953,6,696.8499999999999,2.3319222214249757,500ms
compact-signals,signals,BenchmarkValidate/tiny,B/op,1560,1560,0,1,6,1560,0,500ms
compact-signals,signals,BenchmarkValidate/tiny,allocs/op,11,11,0,1,6,11,0,500ms
compact-signals,signals,BenchmarkPluginInstantiate/ruby,ns/op,1954820.5,1783403.5,-8.768938119893877,0.0021645021645021645,6,1833712.5,-2.743559854666422,500ms
compact-signals,signals,BenchmarkPluginInstantiate/ruby,B/op,295362.5,79514.5,-73.07901307715096,0.0021645021645021645,6,79441,0.09252149393890186,500ms
compact-signals,signals,BenchmarkPluginInstantiate/ruby,allocs/op,9183.5,543.5,-94.0817771002341,0.0021645021645021645,6,541,0.46210720887245316,500ms
compact-memory-signals,signals,BenchmarkCompileWorkers/json-as/p2,ns/op,917111,753070,-17.8867116412299,0.06493506493506493,6,762794.5,-1.2748518768816552,1x
compact-memory-signals,signals,BenchmarkCompileWorkers/json-as/p2,code-B,57470,57470,0,1,6,57470,0,1x
compact-memory-signals,signals,BenchmarkCompileWorkers/json-as/p2,B/op,432452,435124,0.6178720412901351,0.06493506493506493,6,436532,-0.3225422191271199,1x
compact-memory-signals,signals,BenchmarkCompileWorkers/json-as/p2,allocs/op,265.5,247,-6.9679849340866244,0.0021645021645021645,6,285.5,-13.485113835376527,1x
compact-memory-signals,signals,BenchmarkCompileWorkers/json-as/p4,ns/op,846007,700966.5,-17.144125285015377,0.015151515151515152,6,633769.5,10.60275068459433,1x
compact-memory-signals,signals,BenchmarkCompileWorkers/json-as/p4,code-B,57470,57470,0,1,6,57470,0,1x
compact-memory-signals,signals,BenchmarkCompileWorkers/json-as/p4,B/op,559320,571084,2.103268254308799,0.06493506493506493,6,572536,-0.25360850671398705,1x
compact-memory-signals,signals,BenchmarkCompileWorkers/json-as/p4,allocs/op,405,398.5,-1.6049382716049387,0.030303030303030304,6,457,-12.800875273522971,1x
compact-memory-signals,signals,BenchmarkCompileWorkers/json-as/p8,ns/op,1043691,681350,-34.71726785035034,0.015151515151515152,6,739926,-7.916467322407916,1x
compact-memory-signals,signals,BenchmarkCompileWorkers/json-as/p8,code-B,57470,57470,0,1,6,57470,0,1x
compact-memory-signals,signals,BenchmarkCompileWorkers/json-as/p8,B/op,740840,769204,3.8286269639868253,0.48484848484848486,6,753888,2.031601511099801,1x
compact-memory-signals,signals,BenchmarkCompileWorkers/json-as/p8,allocs/op,585,635.5,8.632478632478623,0.06493506493506493,6,678.5,-6.33750921149595,1x
compact-memory-signals,signals,BenchmarkCompileWorkers/lua/p4,ns/op,7657071,4418945.5,-42.28934928251286,0.0021645021645021645,6,4442670,-0.53401445527127,1x
compact-memory-signals,signals,BenchmarkCompileWorkers/lua/p4,code-B,889172,889172,0,1,6,889172,0,1x
compact-memory-signals,signals,BenchmarkCompileWorkers/lua/p4,B/op,4421032,4443796,0.5149024028778815,0.5887445887445888,6,4452888,-0.20418209485618677,1x
compact-memory-signals,signals,BenchmarkCompileWorkers/lua/p4,allocs/op,1493,1477,-1.0716677829872734,0.29004329004329005,6,1559.5,-5.29015710163514,1x
compact-memory-signals,signals,BenchmarkCompileWorkers/lua/p8,ns/op,6895555.5,3323136.5,-51.807559231449886,0.0021645021645021645,6,3285915.5,1.1327436752405884,1x
compact-memory-signals,signals,BenchmarkCompileWorkers/lua/p8,code-B,889172,889172,0,1,6,889172,0,1x
compact-memory-signals,signals,BenchmarkCompileWorkers/lua/p8,B/op,5292120,5464524,3.257749257386444,0.17965367965367965,6,5335176,2.4244373568931943,1x
compact-memory-signals,signals,BenchmarkCompileWorkers/lua/p8,allocs/op,2227,2193.5,-1.504265828468787,0.24025974025974026,6,2358.5,-6.99597201611194,1x
compact-memory-signals,signals,BenchmarkCompileWorkers/esbuild/p2,ns/op,255712736,175645011,-31.31159059672335,0.0021645021645021645,6,169303674.5,3.745539793349262,1x
compact-memory-signals,signals,BenchmarkCompileWorkers/esbuild/p2,code-B,26612624,26612624,0,1,6,26612624,0,1x
compact-memory-signals,signals,BenchmarkCompileWorkers/esbuild/p2,B/op,111807604,113541712,1.5509750123971822,0.008658008658008658,6,113561884,-0.017763002241144576,1x
compact-memory-signals,signals,BenchmarkCompileWorkers/esbuild/p2,allocs/op,14221.5,15241,7.168723411735756,0.24025974025974026,6,14832.5,2.7540873082757544,1x
compact-memory-signals,signals,BenchmarkCompileFull/many_funcs,ns/op,870934,826816,-5.065596244950821,0.0021645021645021645,6,761206,8.619217399757751,1x
compact-memory-signals,signals,BenchmarkCompileFull/many_funcs,code-B,7817,7817,0,1,6,7817,0,1x
compact-memory-signals,signals,BenchmarkCompileFull/many_funcs,B/op,166968,169464,1.4948972258157278,0.0021645021645021645,6,169464,0,1x
compact-memory-signals,signals,BenchmarkCompileFull/many_funcs,allocs/op,99,101,2.020202020202011,0.0021645021645021645,6,101,0,1x
compact-memory-signals,signals,BenchmarkCompileFull/json-as,ns/op,2013116.5,1683041.5,-16.396219493506713,0.0021645021645021645,6,1625377.5,3.547729681258671,1x
compact-memory-signals,signals,BenchmarkCompileFull/json-as,code-B,55821,55821,0,1,6,55821,0,1x
compact-memory-signals,signals,BenchmarkCompileFull/json-as,B/op,222616,223576,0.4312358500736746,0.0021645021645021645,6,223576,0,1x
compact-memory-signals,signals,BenchmarkCompileFull/json-as,allocs/op,421,423,0.47505938242280443,0.0021645021645021645,6,423,0,1x
compact-instantiate-signals,signals,BenchmarkPluginInstantiate/ruby,ns/op,1713647,1560652.5,-8.928005592750432,0.004329004329004329,6,1550265,0.6700467339454841,128x
compact-instantiate-signals,signals,BenchmarkPluginInstantiate/ruby,B/op,302068.5,86629,-71.32140557522548,0.0021645021645021645,6,86629,0,128x
compact-instantiate-signals,signals,BenchmarkPluginInstantiate/ruby,allocs/op,9405,779,-91.71717171717172,0.0021645021645021645,6,779,0,128x
compact-rss-signals,signals,BenchmarkCompileCompact/tiny,ns/op,118614,130021.5,9.617330163387127,0.30952380952380953,6,127922,1.6412345022748243,1x
compact-rss-signals,signals,BenchmarkCompileCompact/tiny,B/op,10784,10784,0,1,6,10784,0,1x
compact-rss-signals,signals,BenchmarkCompileCompact/tiny,allocs/op,27,27,0,1,6,27,0,1x
compact-rss-signals,signals,BenchmarkCompileCompact/fib_iter,ns/op,53972.5,56221,4.166010468294035,0.8181818181818182,6,56492.5,-0.4805947692171575,1x
compact-rss-signals,signals,BenchmarkCompileCompact/fib_iter,B/op,13184,12672,-3.8834951456310662,0.0021645021645021645,6,12672,0,1x
compact-rss-signals,signals,BenchmarkCompileCompact/fib_iter,allocs/op,28,28,0,1,6,28,0,1x
compact-rss-signals,signals,BenchmarkCompileCompact/fib_rec,ns/op,57554,54307.5,-5.640789519407862,0.48484848484848486,6,53165.5,2.1480095174502223,1x
compact-rss-signals,signals,BenchmarkCompileCompact/fib_rec,B/op,13264,12496,-5.79010856453559,0.0021645021645021645,6,12496,0,1x
compact-rss-signals,signals,BenchmarkCompileCompact/fib_rec,allocs/op,37,37,0,1,6,37,0,1x
compact-rss-signals,signals,BenchmarkCompileCompact/arith,ns/op,52118.5,43322,-16.87788405268763,0.09307359307359307,6,47204,-8.223879332259976,1x
compact-rss-signals,signals,BenchmarkCompileCompact/arith,B/op,27456,12864,-53.14685314685315,0.0021645021645021645,6,12864,0,1x
compact-rss-signals,signals,BenchmarkCompileCompact/arith,allocs/op,27,27,0,1,6,27,0,1x
compact-rss-signals,signals,BenchmarkCompileCompact/float,ns/op,42741,50029.5,17.052712851828456,0.3939393939393939,6,44714.5,11.886524505473606,1x
compact-rss-signals,signals,BenchmarkCompileCompact/float,B/op,28048,13456,-52.02509982886481,0.0021645021645021645,6,13456,0,1x
compact-rss-signals,signals,BenchmarkCompileCompact/float,allocs/op,41,41,0,1,6,41,0,1x
compact-rss-signals,signals,BenchmarkCompileCompact/memory,ns/op,47720.5,45766.5,-4.09467629215955,0.5887445887445888,6,51222,-10.650696966147354,1x
compact-rss-signals,signals,BenchmarkCompileCompact/memory,B/op,13584,12688,-6.595995288574796,0.0021645021645021645,6,12688,0,1x
compact-rss-signals,signals,BenchmarkCompileCompact/memory,allocs/op,34,34,0,1,6,34,0,1x
compact-rss-signals,signals,BenchmarkCompileCompact/memory_tree,ns/op,56061,54343,-3.0645190060826555,0.6991341991341992,6,53085,2.3697843081849967,1x
compact-rss-signals,signals,BenchmarkCompileCompact/memory_tree,B/op,28448,16928,-40.4949381327334,0.0021645021645021645,6,16928,0,1x
compact-rss-signals,signals,BenchmarkCompileCompact/memory_tree,allocs/op,51,51,0,1,6,51,0,1x
compact-rss-signals,signals,BenchmarkCompileCompact/globals,ns/op,46408,41900,-9.713842440958453,0.5887445887445888,6,48928,-14.36396337475474,1x
compact-rss-signals,signals,BenchmarkCompileCompact/globals,B/op,13672,12904,-5.617320070216502,0.0021645021645021645,6,12904,0,1x
compact-rss-signals,signals,BenchmarkCompileCompact/globals,allocs/op,40,40,0,1,6,40,0,1x
compact-rss-signals,signals,BenchmarkCompileCompact/dispatch,ns/op,49083.5,47650.5,-2.9195147045341097,0.8181818181818182,6,55320,-13.86388286334056,1x
compact-rss-signals,signals,BenchmarkCompileCompact/dispatch,B/op,11304,11288,-0.14154281670205604,0.0021645021645021645,6,11288,0,1x
compact-rss-signals,signals,BenchmarkCompileCompact/dispatch,allocs/op,43,43,0,1,6,43,0,1x
compact-rss-signals,signals,BenchmarkCompileCompact/branches,ns/op,32130.5,31715.5,-1.2916076625013595,0.9372294372294372,6,36804.5,-13.82711353231263,1x
compact-rss-signals,signals,BenchmarkCompileCompact/branches,B/op,13248,12224,-7.729468599033817,0.0021645021645021645,6,12224,0,1x
compact-rss-signals,signals,BenchmarkCompileCompact/branches,allocs/op,25,25,0,1,6,25,0,1x
compact-rss-signals,signals,BenchmarkCompileCompact/many_funcs,ns/op,342198,335506,-1.9555929608004674,0.24025974025974026,6,319459.5,5.02301543701158,1x
compact-rss-signals,signals,BenchmarkCompileCompact/many_funcs,B/op,53224,52968,-0.48098602134375446,0.0021645021645021645,6,52968,0,1x
compact-rss-signals,signals,BenchmarkCompileCompact/many_funcs,allocs/op,39,39,0,1,6,39,0,1x
compact-rss-signals,signals,BenchmarkCompileCompact/linked_list,ns/op,42961.5,40246,-6.320775578133908,0.13203463203463203,6,62498.5,-35.6048545165084,1x
compact-rss-signals,signals,BenchmarkCompileCompact/linked_list,B/op,16816,14896,-11.41769743101808,0.0021645021645021645,6,14896,0,1x
compact-rss-signals,signals,BenchmarkCompileCompact/linked_list,allocs/op,38,38,0,1,6,38,0,1x
compact-rss-signals,signals,BenchmarkCompileCompact/mandelbrot,ns/op,47605.5,52890.5,11.101658421821003,0.5887445887445888,6,53150.5,-0.4891769597651918,1x
compact-rss-signals,signals,BenchmarkCompileCompact/mandelbrot,B/op,30256,22064,-27.07562136435748,0.0021645021645021645,6,22064,0,1x
compact-rss-signals,signals,BenchmarkCompileCompact/mandelbrot,allocs/op,58,58,0,1,6,58,0,1x
compact-rss-signals,signals,BenchmarkCompileCompact/sieve,ns/op,62508.5,58000,-7.212619083804606,0.6991341991341992,6,43703,32.71400132714002,1x
compact-rss-signals,signals,BenchmarkCompileCompact/sieve,B/op,20928,17600,-15.902140672782872,0.0021645021645021645,6,17600,0,1x
compact-rss-signals,signals,BenchmarkCompileCompact/sieve,allocs/op,39,39,0,1,6,39,0,1x
compact-rss-signals,signals,BenchmarkCompileCompact/nbody,ns/op,183893,144844.5,-21.234359111004764,0.30952380952380953,6,167948.5,-13.756598004745502,1x
compact-rss-signals,signals,BenchmarkCompileCompact/nbody,B/op,74160,74160,0,1,6,74160,0,1x
compact-rss-signals,signals,BenchmarkCompileCompact/nbody,allocs/op,92,92,0,1,6,92,0,1x
compact-rss-signals,signals,BenchmarkCompileCompact/spectralnorm,ns/op,101858,110269,8.25757427006224,0.9372294372294372,6,127932.5,-13.806890352334234,1x
compact-rss-signals,signals,BenchmarkCompileCompact/spectralnorm,B/op,63992,63992,0,1,6,63992,0,1x
compact-rss-signals,signals,BenchmarkCompileCompact/spectralnorm,allocs/op,81,81,0,1,6,81,0,1x
compact-rss-signals,signals,BenchmarkCompileCompact/fannkuch,ns/op,164426.5,184895,12.448419202500816,0.6991341991341992,6,179675,2.9052455823013856,1x
compact-rss-signals,signals,BenchmarkCompileCompact/fannkuch,B/op,69296,69296,0,1,6,69296,0,1x
compact-rss-signals,signals,BenchmarkCompileCompact/fannkuch,allocs/op,71,71,0,1,6,71,0,1x
compact-rss-signals,signals,BenchmarkCompileCompact/matmul,ns/op,152314,107053,-29.715587536273745,0.04112554112554113,6,117798,-9.121547055128264,1x
compact-rss-signals,signals,BenchmarkCompileCompact/matmul,B/op,64824,64824,0,1,6,64824,0,1x
compact-rss-signals,signals,BenchmarkCompileCompact/matmul,allocs/op,78,78,0,1,6,78,0,1x
compact-rss-signals,signals,BenchmarkCompileCompact/quicksort,ns/op,109497,97599.5,-10.865594491173269,0.17965367965367965,6,90321,8.058480309119687,1x
compact-rss-signals,signals,BenchmarkCompileCompact/quicksort,B/op,30024,30024,0,1,6,30024,0,1x
compact-rss-signals,signals,BenchmarkCompileCompact/quicksort,allocs/op,72,72,0,1,6,72,0,1x
compact-rss-signals,signals,BenchmarkCompileCompact/crc32,ns/op,68449.5,66225.5,-3.249110658222487,0.30952380952380953,6,81700,-18.940636474908203,1x
compact-rss-signals,signals,BenchmarkCompileCompact/crc32,B/op,28592,28592,0,1,6,28592,0,1x
compact-rss-signals,signals,BenchmarkCompileCompact/crc32,allocs/op,47,47,0,1,6,47,0,1x
compact-rss-signals,signals,BenchmarkCompileCompact/sha256,ns/op,121890.5,112894,-7.380804902761085,0.09307359307359307,6,131724.5,-14.295366465615732,1x
compact-rss-signals,signals,BenchmarkCompileCompact/sha256,B/op,65944,65944,0,1,6,65944,0,1x
compact-rss-signals,signals,BenchmarkCompileCompact/sha256,allocs/op,57,57,0,1,6,57,0,1x
compact-rss-signals,signals,BenchmarkCompileCompact/raytrace,ns/op,295440,231168,-21.754670999187653,0.09307359307359307,6,235656.5,-1.9046790561686233,1x
compact-rss-signals,signals,BenchmarkCompileCompact/raytrace,B/op,145840,145840,0,1,6,145840,0,1x
compact-rss-signals,signals,BenchmarkCompileCompact/raytrace,allocs/op,119,119,0,1,6,119,0,1x
compact-rss-signals,signals,BenchmarkCompileCompact/regexmatch,ns/op,48112655.5,41648553,-13.435347587497015,0.06493506493506493,6,41547595.5,0.24299240132921174,1x
compact-rss-signals,signals,BenchmarkCompileCompact/regexmatch,B/op,1397320,1395352,-0.1408410385595249,0.0021645021645021645,6,1395352,0,1x
compact-rss-signals,signals,BenchmarkCompileCompact/regexmatch,allocs/op,1947,1949,0.10272213662043672,0.0021645021645021645,6,1949,0,1x
compact-rss-signals,signals,BenchmarkCompileCompact/wasm3,ns/op,12167177,10575629.5,-13.0806636576422,0.04112554112554113,6,10464228.5,1.0645887558743627,1x
compact-rss-signals,signals,BenchmarkCompileCompact/wasm3,B/op,505536,502904,-0.520635523483981,0.0021645021645021645,6,502904,0,1x
compact-rss-signals,signals,BenchmarkCompileCompact/wasm3,allocs/op,837,839,0.2389486260454099,0.0021645021645021645,6,839,0,1x
compact-rss-signals,signals,BenchmarkCompileCompact/json-as,ns/op,1399520,1249796.5,-10.698203669829653,0.3939393939393939,6,1233776.5,1.2984523534043557,1x
compact-rss-signals,signals,BenchmarkCompileCompact/json-as,B/op,136240,136784,0.39929536112741637,0.0021645021645021645,6,136784,0,1x
compact-rss-signals,signals,BenchmarkCompileCompact/json-as,allocs/op,148,148,0,1,6,148,0,1x
compact-rss-signals,signals,BenchmarkCompileCompact/blake-as,ns/op,451590,442102.5,-2.1009101175845313,0.3939393939393939,6,472405,-6.4145172045173116,1x
compact-rss-signals,signals,BenchmarkCompileCompact/blake-as,B/op,133816,133616,-0.14945895856998126,0.0021645021645021645,6,133616,0,1x
compact-rss-signals,signals,BenchmarkCompileCompact/blake-as,allocs/op,97,93,-4.123711340206182,0.0021645021645021645,6,93,0,1x
compact-rss-signals,signals,BenchmarkCompileCompact/utf-as,ns/op,259155.5,233512,-9.895024415843,0.6991341991341992,6,231854,0.7151051955109677,1x
compact-rss-signals,signals,BenchmarkCompileCompact/utf-as,B/op,121896,121880,-0.01312594342718354,0.0021645021645021645,6,121880,0,1x
compact-rss-signals,signals,BenchmarkCompileCompact/utf-as,allocs/op,72,72,0,1,6,72,0,1x
compact-rss-signals,signals,BenchmarkCompileCompact/xjb-mulhi,ns/op,55906,64552.5,15.466139591457084,1,6,65799.5,-1.8951511789603304,1x
compact-rss-signals,signals,BenchmarkCompileCompact/xjb-mulhi,B/op,28544,17024,-40.35874439461884,0.0021645021645021645,6,17024,0,1x
compact-rss-signals,signals,BenchmarkCompileCompact/xjb-mulhi,allocs/op,31,31,0,1,6,31,0,1x
compact-rss-signals,signals,BenchmarkCompileCompact/swar-pack-parse,ns/op,58676,67834,15.607744222510057,0.8181818181818182,6,75107,-9.683518180728823,1x
compact-rss-signals,signals,BenchmarkCompileCompact/swar-pack-parse,B/op,26200,14680,-43.969465648854964,0.0021645021645021645,6,14680,0,1x
compact-rss-signals,signals,BenchmarkCompileCompact/swar-pack-parse,allocs/op,28,28,0,1,6,28,0,1x
compact-rss-signals,signals,BenchmarkCompileCompact/json-as-simd,ns/op,1384055.5,1259465,-9.001842772923485,0.24025974025974026,6,1214766,3.6796387123116725,1x
compact-rss-signals,signals,BenchmarkCompileCompact/json-as-simd,B/op,144456,145128,0.4651935537464791,0.0021645021645021645,6,145128,0,1x
compact-rss-signals,signals,BenchmarkCompileCompact/json-as-simd,allocs/op,183,183,0,1,6,183,0,1x
compact-rss-signals,signals,BenchmarkCompileCompact/blake-as-simd,ns/op,1174980,1009296.5,-14.100963420653967,0.06493506493506493,6,962031.5,4.913040789204937,1x
compact-rss-signals,signals,BenchmarkCompileCompact/blake-as-simd,B/op,284648,284800,0.05339928613585787,0.0021645021645021645,6,284800,0,1x
compact-rss-signals,signals,BenchmarkCompileCompact/blake-as-simd,allocs/op,139,138,-0.7194244604316502,0.0021645021645021645,6,138,0,1x
compact-rss-signals,signals,BenchmarkCompileCompact/utf-as-simd,ns/op,735342.5,606889.5,-17.46845857542574,0.13203463203463203,6,643088,-5.628856392904236,1x
compact-rss-signals,signals,BenchmarkCompileCompact/utf-as-simd,B/op,146712,146608,-0.07088718032608465,0.0021645021645021645,6,146608,0,1x
compact-rss-signals,signals,BenchmarkCompileCompact/utf-as-simd,allocs/op,137,135,-1.4598540145985384,0.0021645021645021645,6,135,0,1x
compact-rss-signals,signals,BenchmarkCompileCompact/coremark,ns/op,791719,611603.5,-22.749927688990667,0.04112554112554113,6,576336.5,6.119168228977334,1x
compact-rss-signals,signals,BenchmarkCompileCompact/coremark,B/op,131216,131200,-0.012193634922574859,0.0021645021645021645,6,131200,0,1x
compact-rss-signals,signals,BenchmarkCompileCompact/coremark,allocs/op,96,96,0,1,6,96,0,1x
compact-rss-signals,signals,BenchmarkCompileCompact/blake3,ns/op,882000.5,954317.5,8.199201701132818,0.8181818181818182,6,899048,6.147558306119372,1x
compact-rss-signals,signals,BenchmarkCompileCompact/blake3,B/op,139296,139264,-0.02297266253158403,0.0021645021645021645,6,139264,0,1x
compact-rss-signals,signals,BenchmarkCompileCompact/blake3,allocs/op,109,109,0,1,6,109,0,1x
compact-rss-signals,signals,BenchmarkCompileCompact/qoi,ns/op,343265,220107,-35.878402983117994,0.025974025974025976,6,313333.5,-29.753122471743364,1x
compact-rss-signals,signals,BenchmarkCompileCompact/qoi,B/op,68064,68032,-0.04701457451810054,0.0021645021645021645,6,68032,0,1x
compact-rss-signals,signals,BenchmarkCompileCompact/qoi,allocs/op,92,92,0,1,6,92,0,1x
compact-rss-signals,signals,BenchmarkCompileCompact/lz4,ns/op,304717.5,272802,-10.473799502818181,0.3939393939393939,6,266880,2.218974820143882,1x
compact-rss-signals,signals,BenchmarkCompileCompact/lz4,B/op,64064,64048,-0.024975024975026905,0.0021645021645021645,6,64048,0,1x
compact-rss-signals,signals,BenchmarkCompileCompact/lz4,allocs/op,68,68,0,1,6,68,0,1x
compact-rss-signals,signals,BenchmarkCompileCompact/zlib,ns/op,1017135.5,957433,-5.869670265171156,0.8181818181818182,6,868800,10.201772559852662,1x
compact-rss-signals,signals,BenchmarkCompileCompact/zlib,B/op,301256,301240,-0.0053110975383074965,0.0021645021645021645,6,301240,0,1x
compact-rss-signals,signals,BenchmarkCompileCompact/zlib,allocs/op,175,175,0,1,6,175,0,1x
compact-rss-signals,signals,BenchmarkCompileCompact/zstd,ns/op,3229044.5,2960522,-8.315850091257648,0.015151515151515152,6,2732084,8.361309535138739,1x
compact-rss-signals,signals,BenchmarkCompileCompact/zstd,B/op,1007208,1007200,-0.0007942748667555399,0.0021645021645021645,6,1007200,0,1x
compact-rss-signals,signals,BenchmarkCompileCompact/zstd,allocs/op,228,230,0.8771929824561431,0.0021645021645021645,6,230,0,1x
compact-rss-signals,signals,BenchmarkCompileCompact/lua,ns/op,17372842,15449790,-11.06930000284352,0.0021645021645021645,6,15091365.5,2.375030278075241,1x
compact-rss-signals,signals,BenchmarkCompileCompact/lua,B/op,813944,810704,-0.3980617831202182,0.0021645021645021645,6,810704,0,1x
compact-rss-signals,signals,BenchmarkCompileCompact/lua,allocs/op,761,761,0,1,6,761,0,1x
compact-rss-signals,signals,BenchmarkCompileCompact/sqlite3,ns/op,72196190.5,63618136,-11.881588821504375,0.0021645021645021645,6,62787674,1.3226513216590963,1x
compact-rss-signals,signals,BenchmarkCompileCompact/sqlite3,B/op,2249168,2234888,-0.634901439109925,0.0021645021645021645,6,2234888,0,1x
compact-rss-signals,signals,BenchmarkCompileCompact/sqlite3,allocs/op,2150,2152,0.09302325581395099,0.0021645021645021645,6,2152,0,1x
compact-rss-signals,signals,BenchmarkCompileCompact/ruby,ns/op,804565514,663663719,-17.512780817498474,0.0021645021645021645,6,646516278,2.652282948396234,1x
compact-rss-signals,signals,BenchmarkCompileCompact/ruby,B/op,15186152,13853000,-8.778734731484317,0.0021645021645021645,6,13853000,0,1x
compact-rss-signals,signals,BenchmarkCompileCompact/ruby,allocs/op,4487,4481,-0.13371963449966273,0.23376623376623376,6,4481,0,1x
compact-rss-signals,signals,BenchmarkCompileCompact/esbuild,ns/op,410804181,345842696,-15.8132482590288,0.0021645021645021645,6,336852938,2.668748580129643,1x
compact-rss-signals,signals,BenchmarkCompileCompact/esbuild,B/op,18441704,18329272,-0.6096616668394672,0.0021645021645021645,6,18329272,0,1x
compact-rss-signals,signals,BenchmarkCompileCompact/esbuild,allocs/op,9214,9212,-0.021706099413931756,0.0021645021645021645,6,9212,0,1x
compact-rss-signals,signals,BenchmarkCompileCompact/isa_i32,ns/op,368463,312111,-15.293801548595109,0.24025974025974026,6,333692,-6.4673411409323585,1x
compact-rss-signals,signals,BenchmarkCompileCompact/isa_i32,B/op,30904,30840,-0.20709293295366749,0.0021645021645021645,6,30840,0,1x
compact-rss-signals,signals,BenchmarkCompileCompact/isa_i32,allocs/op,43,43,0,1,6,43,0,1x
compact-rss-signals,signals,BenchmarkCompileCompact/isa_i64,ns/op,279284,360338,29.02207072370777,0.5887445887445888,6,260143,38.515355016279514,1x
compact-rss-signals,signals,BenchmarkCompileCompact/isa_i64,B/op,30904,30840,-0.20709293295366749,0.0021645021645021645,6,30840,0,1x
compact-rss-signals,signals,BenchmarkCompileCompact/isa_i64,allocs/op,43,43,0,1,6,43,0,1x
compact-rss-signals,signals,BenchmarkCompileCompact/isa_f32,ns/op,232736,214701.5,-7.7489086346762,0.3939393939393939,6,227551,-5.6468659772973995,1x
compact-rss-signals,signals,BenchmarkCompileCompact/isa_f32,B/op,34496,30368,-11.966604823747684,0.0021645021645021645,6,30368,0,1x
compact-rss-signals,signals,BenchmarkCompileCompact/isa_f32,allocs/op,69,69,0,1,6,69,0,1x
compact-rss-signals,signals,BenchmarkCompileCompact/isa_f64,ns/op,202889.5,177065.5,-12.728110621791666,0.17965367965367965,6,169696,4.342765887233635,1x
compact-rss-signals,signals,BenchmarkCompileCompact/isa_f64,B/op,34528,30400,-11.955514365152919,0.0021645021645021645,6,30400,0,1x
compact-rss-signals,signals,BenchmarkCompileCompact/isa_f64,allocs/op,70,70,0,1,6,70,0,1x
compact-rss-signals,signals,BenchmarkCompileCompact/isa_mem,ns/op,191903.5,184374,-3.923586594303907,0.3939393939393939,6,129685.5,42.17009611714493,1x
compact-rss-signals,signals,BenchmarkCompileCompact/isa_mem,B/op,28592,25760,-9.904868494683827,0.0021645021645021645,6,25760,0,1x
compact-rss-signals,signals,BenchmarkCompileCompact/isa_mem,allocs/op,39,39,0,1,6,39,0,1x
compact-rss-signals,signals,BenchmarkCompileCompact/isa_bulk_mem,ns/op,84219.5,87065,3.378671210349138,0.8181818181818182,6,79465.5,9.56326959498146,1x
compact-rss-signals,signals,BenchmarkCompileCompact/isa_bulk_mem,B/op,13984,13568,-2.9748283752860427,0.0021645021645021645,6,13568,0,1x
compact-rss-signals,signals,BenchmarkCompileCompact/isa_bulk_mem,allocs/op,41,41,0,1,6,41,0,1x
compact-rss-signals,signals,BenchmarkCompileCompact/isa_ctl,ns/op,146618,149653.5,2.070346069377571,1,6,132511,12.936661862034104,1x
compact-rss-signals,signals,BenchmarkCompileCompact/isa_ctl,B/op,61712,61696,-0.025926886180971387,0.0021645021645021645,6,61696,0,1x
compact-rss-signals,signals,BenchmarkCompileCompact/isa_ctl,allocs/op,43,43,0,1,6,43,0,1x
compact-rss-signals,signals,BenchmarkCompileCompact/isa_call,ns/op,83303,95270.5,14.366229307467915,0.48484848484848486,6,70103,35.900746045105066,1x
compact-rss-signals,signals,BenchmarkCompileCompact/isa_call,B/op,20936,20296,-3.0569354222392042,0.0021645021645021645,6,20296,0,1x
compact-rss-signals,signals,BenchmarkCompileCompact/isa_call,allocs/op,65,65,0,1,6,65,0,1x
compact-rss-signals,signals,BenchmarkCompileCompact/isa_var,ns/op,64402,53501.5,-16.925716592652407,0.17965367965367965,6,58711.5,-8.873900343203633,1x
compact-rss-signals,signals,BenchmarkCompileCompact/isa_var,B/op,25664,24896,-2.9925187032418976,0.0021645021645021645,6,24896,0,1x
compact-rss-signals,signals,BenchmarkCompileCompact/isa_var,allocs/op,37,37,0,1,6,37,0,1x
compact-rss-signals,signals,BenchmarkCompileCompact/isa_cvt,ns/op,133037,122151.5,-8.1823101843848,0.3939393939393939,6,150445,-18.80654059623118,1x
compact-rss-signals,signals,BenchmarkCompileCompact/isa_cvt,B/op,26232,23512,-10.369014943580357,0.0021645021645021645,6,23512,0,1x
compact-rss-signals,signals,BenchmarkCompileCompact/isa_cvt,allocs/op,52,52,0,1,6,52,0,1x
compact-rss-signals,signals,BenchmarkCompileCompact/isa_simd_v128,ns/op,137129.5,102555,-25.213028560594186,0.06493506493506493,6,105114,-2.434499686055136,1x
compact-rss-signals,signals,BenchmarkCompileCompact/isa_simd_v128,B/op,33080,33064,-0.04836759371221744,0.0021645021645021645,6,33064,0,1x
compact-rss-signals,signals,BenchmarkCompileCompact/isa_simd_v128,allocs/op,57,57,0,1,6,57,0,1x
compact-rss-signals,signals,BenchmarkCompileCompact/isa_simd_i8x16,ns/op,329033,289698.5,-11.954575984779648,0.30952380952380953,6,325711.5,-11.056717371047686,1x
compact-rss-signals,signals,BenchmarkCompileCompact/isa_simd_i8x16,B/op,46328,39288,-15.195993783457084,0.0021645021645021645,6,39288,0,1x
compact-rss-signals,signals,BenchmarkCompileCompact/isa_simd_i8x16,allocs/op,66,66,0,1,6,66,0,1x
compact-rss-signals,signals,BenchmarkCompileCompact/isa_simd_i16x8,ns/op,423477,339117,-19.920798532151686,0.06493506493506493,6,338275.5,0.24876173414865033,1x
compact-rss-signals,signals,BenchmarkCompileCompact/isa_simd_i16x8,B/op,42816,36544,-14.648729446935727,0.0021645021645021645,6,36544,0,1x
compact-rss-signals,signals,BenchmarkCompileCompact/isa_simd_i16x8,allocs/op,51,51,0,1,6,51,0,1x
compact-rss-signals,signals,BenchmarkCompileCompact/isa_simd_i32x4,ns/op,528866.5,321519,-39.20601891025429,0.004329004329004329,6,401224.5,-19.86556154970597,1x
compact-rss-signals,signals,BenchmarkCompileCompact/isa_simd_i32x4,B/op,37288,31016,-16.820424801544732,0.0021645021645021645,6,31016,0,1x
compact-rss-signals,signals,BenchmarkCompileCompact/isa_simd_i32x4,allocs/op,51,51,0,1,6,51,0,1x
compact-rss-signals,signals,BenchmarkCompileCompact/isa_simd_i64x2,ns/op,322761,295094,-8.571977407431508,0.5887445887445888,6,246011,19.951546882049985,1x
compact-rss-signals,signals,BenchmarkCompileCompact/isa_simd_i64x2,B/op,40368,34160,-15.378517637732859,0.0021645021645021645,6,34160,0,1x
compact-rss-signals,signals,BenchmarkCompileCompact/isa_simd_i64x2,allocs/op,50,50,0,1,6,50,0,1x
compact-rss-signals,signals,BenchmarkCompileCompact/isa_simd_f32x4,ns/op,264165.5,266645,0.9386161326895515,0.3939393939393939,6,221785,20.226796221565934,1x
compact-rss-signals,signals,BenchmarkCompileCompact/isa_simd_f32x4,B/op,35752,29544,-17.36406354889237,0.0021645021645021645,6,29544,0,1x
compact-rss-signals,signals,BenchmarkCompileCompact/isa_simd_f32x4,allocs/op,50,50,0,1,6,50,0,1x
compact-rss-signals,signals,BenchmarkCompileCompact/isa_simd_f64x2,ns/op,355674,229569,-35.45522022976096,0.025974025974025976,6,208314.5,10.203082358645222,1x
compact-rss-signals,signals,BenchmarkCompileCompact/isa_simd_f64x2,B/op,35704,29496,-17.387407573381132,0.0021645021645021645,6,29496,0,1x
compact-rss-signals,signals,BenchmarkCompileCompact/isa_simd_f64x2,allocs/op,49,49,0,1,6,49,0,1x
compact-rss-signals,signals,BenchmarkCompileCompact/isa_simd_reduce,ns/op,97409.5,106121,8.943172893814255,0.8181818181818182,6,84666,25.340750714572557,1x
compact-rss-signals,signals,BenchmarkCompileCompact/isa_simd_reduce,B/op,28552,25704,-9.974782852339592,0.0021645021645021645,6,25704,0,1x
compact-rss-signals,signals,BenchmarkCompileCompact/isa_simd_reduce,allocs/op,38,38,0,1,6,38,0,1x
