file,exit,peak_rss_kib,user_seconds,system_seconds,minor_faults,major_faults,voluntary_switches,involuntary_switches
diagnostic-block1-1-M.resource,0,22044,0.027131,0.009042999999999999,1642,0,157,154
diagnostic-block1-2-P.resource,0,27180,0.023395,0.011696999999999999,2071,0,67,65
diagnostic-block1-3-F.resource,0,27128,0.020499,0.016399,1046,91,164,12
diagnostic-block1-4-F.resource,0,29232,0.01765,0.013236999999999999,1661,0,105,106
diagnostic-block1-5-P.resource,0,23972,0.020869,0.012521,2306,0,66,68
diagnostic-block1-6-M.resource,0,22800,0.011266,0.018777,1446,0,66,69
diagnostic-block2-1-M.resource,0,22448,0.024281999999999998,0.008094,2229,0,119,121
diagnostic-block2-2-P.resource,0,24720,0.031286999999999995,0.003909999999999999,2581,0,108,104
diagnostic-block2-3-F.resource,0,29356,0.01193,0.019882999999999998,1980,0,98,98
diagnostic-block2-4-F.resource,0,27384,0.022737999999999998,0.007579,1068,0,67,67
diagnostic-block2-5-P.resource,0,25144,0.026358,0.015061999999999999,2528,0,203,205
diagnostic-block2-6-M.resource,0,22696,0.032556,0.008139,2480,1,110,107
diagnostic-block3-1-M.resource,0,25144,0.022298,0.007431999999999999,1153,0,110,108
diagnostic-block3-2-P.resource,0,45972,0.020281,0.012168,1494,0,65,67
diagnostic-block3-3-F.resource,0,45400,0.021977,0.010988,2577,0,66,69
diagnostic-block3-4-F.resource,0,27236,0.018956999999999998,0.011373999999999999,1562,0,66,65
diagnostic-block3-5-P.resource,0,43472,0.027563999999999998,0.0039369999999999995,1536,0,66,66
diagnostic-block3-6-M.resource,0,23444,0.022459999999999997,0.022459999999999997,1907,0,123,122
long-block1-1-M.resource,0,19592,14.583067,0.003999,1725,0,18262,18358
long-block1-2-P.resource,0,22356,14.440048,0.027999999999999997,1825,0,15083,15190
long-block1-3-F.resource,0,23480,14.179041,0.023998,1577,0,15997,16093
long-block1-4-F.resource,0,23496,14.398054,0.003999,1664,0,16163,16258
long-block1-5-P.resource,0,23376,14.602883,0.020003,1344,0,16713,16840
long-block1-6-M.resource,0,18992,14.241735,0.015997,2124,0,18330,18457
long-block2-1-M.resource,0,20964,14.589222,0.015996,1771,0,17197,17312
long-block2-2-P.resource,0,18648,14.371668,0.011996,2012,0,16193,16311
long-block2-3-F.resource,0,20916,14.970989,0.008001,1951,0,16786,16897
long-block2-4-F.resource,0,23504,14.802216,0.031996,1401,0,14978,15101
long-block2-5-P.resource,0,23296,15.312624,0.004,1427,0,17805,17934
long-block2-6-M.resource,0,20932,16.085452,0.008,1889,0,17206,17344
long-block3-1-M.resource,0,20756,14.46296,0.011999,2075,0,18175,18296
long-block3-2-P.resource,0,21260,14.332049,0.036,1537,0,15706,15818
long-block3-3-F.resource,0,22912,14.342256,0.007999,1983,0,14857,14965
long-block3-4-F.resource,0,23516,14.474475,0.035996,1400,0,15716,15842
long-block3-5-P.resource,0,21268,14.428803,0.027992999999999997,2201,0,15921,16035
long-block3-6-M.resource,0,20816,15.293775,0.023996,2065,0,18752,18866
memory-auto-block1-1-M.resource,0,22460,0.275238,0.033172,5303,0,1781,113
memory-auto-block1-10-M.resource,0,20432,0.279537,0.021092,4471,0,1545,52
memory-auto-block1-2-P.resource,0,24152,0.217477,0.022307999999999998,4010,0,1287,28
memory-auto-block1-3-P0.resource,0,24380,0.253359,0.03738,5600,0,1829,54
memory-auto-block1-4-F.resource,0,23960,0.214725,0.024886,4567,0,1247,67
memory-auto-block1-5-F0.resource,0,22540,0.22897699999999999,0.032991,4503,0,1570,59
memory-auto-block1-6-F0.resource,0,24236,0.259708,0.015054999999999999,5481,0,1841,77
memory-auto-block1-7-F.resource,0,24956,0.22780199999999998,0.021762999999999998,4093,0,1220,26
memory-auto-block1-8-P0.resource,0,24700,0.251969,0.027996,4665,0,1676,52
memory-auto-block1-9-P.resource,0,24172,0.23984,0.003931,4241,0,1377,55
memory-auto-block2-1-M.resource,0,22136,0.24373999999999998,0.015233,4713,0,1555,57
memory-auto-block2-10-M.resource,0,22540,0.254135,0.016673,4676,0,1553,90
memory-auto-block2-2-P.resource,0,24724,0.220765,0.019778999999999998,4226,0,1308,35
memory-auto-block2-3-P0.resource,0,24588,0.30522499999999997,0.024755,5314,0,1756,167
memory-auto-block2-4-F.resource,0,25312,0.190878,0.029581,4575,0,1305,103
memory-auto-block2-5-F0.resource,0,24152,0.216502,0.026535999999999997,4312,0,1959,33
memory-auto-block2-6-F0.resource,0,22560,0.274018,0.042453,5903,0,1954,140
memory-auto-block2-7-F.resource,0,24428,0.226662,0.020236999999999998,4504,0,1394,94
memory-auto-block2-8-P0.resource,0,24588,0.231648,0.039938999999999995,4886,0,1596,78
memory-auto-block2-9-P.resource,0,24152,0.229786,0.014015,4738,0,1390,41
memory-auto-block3-1-M.resource,0,21132,0.27741699999999997,0.025932999999999998,5454,0,1631,58
memory-auto-block3-10-M.resource,0,22624,0.261186,0.014038,4511,0,1610,81
memory-auto-block3-2-P.resource,0,24388,0.20617,0.025907,3809,0,1251,50
memory-auto-block3-3-P0.resource,0,24412,0.245033,0.026799999999999997,4222,0,1620,65
memory-auto-block3-4-F.resource,0,23960,0.21101299999999998,0.022109,4246,0,1315,47
memory-auto-block3-5-F0.resource,0,24476,0.23091399999999998,0.030497999999999997,4036,0,1581,60
memory-auto-block3-6-F0.resource,0,23960,0.237845,0.031412999999999996,4501,0,1684,70
memory-auto-block3-7-F.resource,0,24336,0.208983,0.022428,4179,0,1282,61
memory-auto-block3-8-P0.resource,0,22720,0.25832099999999997,0.012107999999999999,4906,0,1615,76
memory-auto-block3-9-P.resource,0,24792,0.21348799999999998,0.025116,4240,0,1377,60
memory-block1-1-M.resource,0,20728,0.192957,0.005598,3238,4,86,82
memory-block1-10-M.resource,0,20836,0.19688799999999998,0.009139,3507,0,84,87
memory-block1-2-P.resource,0,22800,0.154452,0.013354999999999999,2888,3,82,81
memory-block1-3-P0.resource,0,22912,0.18478699999999998,0.008034,2985,0,83,86
memory-block1-4-F.resource,0,24624,0.15587099999999998,0.00906,2787,0,80,80
memory-block1-5-F0.resource,0,23396,0.19127999999999998,0.004129,3613,0,84,88
memory-block1-6-F0.resource,0,24804,0.175483,0.012884,2796,0,83,89
memory-block1-7-F.resource,0,23000,0.154776,0.008013,2754,0,139,140
memory-block1-8-P0.resource,0,23468,0.179835,0.012032,3042,0,83,85
memory-block1-9-P.resource,0,22948,0.154507,0.011987,2955,0,136,139
memory-block2-1-M.resource,0,21128,0.18761799999999998,0.009370999999999999,3476,0,83,86
memory-block2-10-M.resource,0,20924,0.192054,0.004029,3084,0,84,89
memory-block2-2-P.resource,0,22312,0.145709,0.020440999999999997,2731,0,79,80
memory-block2-3-P0.resource,0,22952,0.191484,0.017005,3343,0,85,88
memory-block2-4-F.resource,0,24788,0.163887,0.012143,2836,0,138,142
memory-block2-5-F0.resource,0,22948,0.207612,0.008032,3805,0,143,147
memory-block2-6-F0.resource,0,22768,0.18784499999999998,0.015986,3576,0,140,143
memory-block2-7-F.resource,0,23000,0.167674,0.000834,2843,0,80,84
memory-block2-8-P0.resource,0,23516,0.177781,0.024315999999999997,4134,0,82,87
memory-block2-9-P.resource,0,23020,0.168908,0.016502,2873,0,82,85
memory-block3-1-M.resource,0,22712,0.250084,0.004142,2864,0,89,103
memory-block3-10-M.resource,0,22400,0.19936299999999998,0.003992,4027,0,83,88
memory-block3-2-P.resource,0,22696,0.183032,0.004907,2837,0,82,86
memory-block3-3-P0.resource,0,25156,0.187155,0.012164999999999999,3750,0,84,87
memory-block3-4-F.resource,0,23020,0.156572,0.008087,2978,0,93,94
memory-block3-5-F0.resource,0,24916,0.18106799999999998,0.008047,2819,0,82,85
memory-block3-6-F0.resource,0,22552,0.183276,0.008855,2817,0,82,82
memory-block3-7-F.resource,0,22992,0.146648,0.016322,2665,0,79,86
memory-block3-8-P0.resource,0,23324,0.178395,0.008032,3020,0,101,108
memory-block3-9-P.resource,0,22868,0.15900799999999998,0.008085,2765,0,152,155
no-thp-memory-auto-block1-1-M.resource,0,19220,0.217526,0.041155,6446,0,1911,18
no-thp-memory-auto-block1-2-F.resource,0,18864,0.212506,0.023740999999999998,6859,0,1684,15
no-thp-memory-auto-block1-3-F.resource,0,19144,0.215004,0.030213,6355,0,1578,20
no-thp-memory-auto-block1-4-M.resource,0,19080,0.228739,0.036892999999999995,6852,0,1787,13
no-thp-memory-auto-block2-1-M.resource,0,20084,0.218606,0.058855,7625,0,1662,29
no-thp-memory-auto-block2-2-F.resource,0,19040,0.20226999999999998,0.033243999999999996,7032,0,1515,9
no-thp-memory-auto-block2-3-F.resource,0,19276,0.207941,0.023291,6512,0,1577,11
no-thp-memory-auto-block2-4-M.resource,0,19536,0.23494299999999999,0.019136,6915,0,1849,8
no-thp-memory-auto-block3-1-M.resource,0,19724,0.246193,0.004495,6242,0,1795,12
no-thp-memory-auto-block3-2-F.resource,0,19592,0.22166999999999998,0.020524999999999998,6545,0,1415,18
no-thp-memory-auto-block3-3-F.resource,0,19148,0.19519599999999998,0.039291,5905,0,1537,12
no-thp-memory-auto-block3-4-M.resource,0,19112,0.22827899999999998,0.033226,6680,0,1828,18
no-thp-memory-block1-1-M.resource,0,19524,0.205788,0.009075999999999999,6116,7,102,84
no-thp-memory-block1-2-F.resource,0,19208,0.17649499999999999,0.0,5109,1,79,77
no-thp-memory-block1-3-F.resource,0,19104,0.156166,0.020021,5258,0,138,138
no-thp-memory-block1-4-M.resource,0,20348,0.21507099999999998,0.00401,6190,0,142,147
no-thp-memory-block2-1-M.resource,0,19596,0.185244,0.024444999999999998,5637,0,82,84
no-thp-memory-block2-2-F.resource,0,19232,0.144527,0.032117,5215,0,80,84
no-thp-memory-block2-3-F.resource,0,19308,0.160994,0.016099,5132,0,81,83
no-thp-memory-block2-4-M.resource,0,19492,0.21151799999999998,0.007981,6255,0,84,92
no-thp-memory-block3-1-M.resource,0,19732,0.20246599999999998,0.019849,6167,0,201,202
no-thp-memory-block3-2-F.resource,0,19256,0.159487,0.024294,5181,0,80,81
no-thp-memory-block3-3-F.resource,0,18992,0.166766,0.011942999999999999,5178,0,79,82
no-thp-memory-block3-4-M.resource,0,19524,0.195075,0.019964,6519,0,84,87
no-thp-runtime-auto-block1-1-M.resource,0,14516,0.152304,0.035692999999999996,7046,2,1567,12
no-thp-runtime-auto-block1-2-F.resource,0,14688,0.16220199999999999,0.018059,6830,3,1486,7
no-thp-runtime-auto-block1-3-F.resource,0,14600,0.16119999999999998,0.024218999999999997,7636,1,1510,26
no-thp-runtime-auto-block1-4-M.resource,0,14576,0.16605999999999999,0.027228,7101,0,1487,8
no-thp-runtime-auto-block2-1-M.resource,0,14544,0.17293,0.023278999999999998,7313,0,1676,20
no-thp-runtime-auto-block2-2-F.resource,0,14540,0.15355,0.027918,6993,0,1446,12
no-thp-runtime-auto-block2-3-F.resource,0,14796,0.164209,0.012879,6749,0,1338,7
no-thp-runtime-auto-block2-4-M.resource,0,14592,0.163346,0.027223999999999998,7056,1,1593,9
no-thp-runtime-auto-block3-1-M.resource,0,14472,0.153605,0.041211,7592,0,1534,28
no-thp-runtime-auto-block3-2-F.resource,0,14200,0.154115,0.024517999999999998,6572,1,1305,4
no-thp-runtime-auto-block3-3-F.resource,0,14612,0.165153,0.014055,7193,1,1325,11
no-thp-runtime-auto-block3-4-M.resource,0,14808,0.16567099999999998,0.02485,7221,0,1601,8
no-thp-runtime-block1-1-M.resource,0,14024,0.120584,0.024116,6296,70,155,19
no-thp-runtime-block1-2-F.resource,0,13800,0.10731299999999999,0.016862,6155,71,150,18
no-thp-runtime-block1-3-F.resource,0,13704,0.096729,0.024182,6047,0,71,75
no-thp-runtime-block1-4-M.resource,0,14060,0.139779,0.004667,6352,1,77,80
no-thp-runtime-block2-1-M.resource,0,14184,0.126718,0.015160999999999999,6223,0,75,77
no-thp-runtime-block2-2-F.resource,0,13724,0.110844,0.011925,6084,0,72,78
no-thp-runtime-block2-3-F.resource,0,13752,0.103089,0.018664,6373,0,72,75
no-thp-runtime-block2-4-M.resource,0,14316,0.137588,0.0040479999999999995,6390,0,83,85
no-thp-runtime-block3-1-M.resource,0,14444,0.12725999999999998,0.008891,6276,0,74,78
no-thp-runtime-block3-2-F.resource,0,13932,0.09643099999999999,0.022777,6087,0,82,84
no-thp-runtime-block3-3-F.resource,0,13804,0.10409299999999999,0.020017,6010,0,74,77
no-thp-runtime-block3-4-M.resource,0,14152,0.147892,0.022685999999999998,6310,1,89,91
runtime-auto-block1-1-M.resource,0,89080,0.181465,0.030643999999999998,5221,0,1346,51
runtime-auto-block1-2-P.resource,0,90852,0.15515199999999998,0.025979,4654,0,1050,43
runtime-auto-block1-3-F.resource,0,90064,0.16446,0.024215,5402,0,1074,46
runtime-auto-block1-4-F.resource,0,91520,0.156573,0.024721999999999997,4492,0,1015,42
runtime-auto-block1-5-P.resource,0,88956,0.160584,0.022303,4436,0,1041,32
runtime-auto-block1-6-M.resource,0,88428,0.18054399999999998,0.031914,4983,1,1547,71
runtime-auto-block2-1-M.resource,0,90740,0.184822,0.032857,4463,0,1373,49
runtime-auto-block2-2-P.resource,0,90740,0.162426,0.031317,5082,1,1199,55
runtime-auto-block2-3-F.resource,0,90680,0.148087,0.036021,4940,0,995,59
runtime-auto-block2-4-F.resource,0,90940,0.14574299999999998,0.043695,4479,0,1051,28
runtime-auto-block2-5-P.resource,0,90692,0.15848399999999999,0.027733999999999998,4803,0,1129,55
runtime-auto-block2-6-M.resource,0,88736,0.18001799999999998,0.028238,5178,0,1657,78
runtime-auto-block3-1-M.resource,0,90404,0.19178199999999998,0.01791,4600,0,1507,48
runtime-auto-block3-2-P.resource,0,90736,0.153586,0.032917,4962,0,1175,39
runtime-auto-block3-3-F.resource,0,88716,0.151755,0.031792,5137,0,1071,38
runtime-auto-block3-4-F.resource,0,90704,0.160946,0.029691,4920,0,1398,39
runtime-auto-block3-5-P.resource,0,88276,0.158502,0.027170999999999997,4569,0,1112,42
runtime-auto-block3-6-M.resource,0,90728,0.177673,0.032632999999999995,5071,0,1417,63
runtime-block1-1-M.resource,0,88852,0.149898,0.019341999999999998,4001,1,87,85
runtime-block1-2-P.resource,0,90392,0.11262499999999999,0.020228,3632,1,76,80
runtime-block1-3-F.resource,0,88148,0.096387,0.029115,3899,0,74,75
runtime-block1-4-F.resource,0,89120,0.094788,0.031974999999999996,3707,0,75,78
runtime-block1-5-P.resource,0,88852,0.11059999999999999,0.01695,3701,0,74,76
runtime-block1-6-M.resource,0,89412,0.12978199999999998,0.008799999999999999,3813,0,75,79
runtime-block2-1-M.resource,0,89096,0.10980899999999999,0.03132,3897,0,76,77
runtime-block2-2-P.resource,0,88528,0.10167699999999999,0.027666,3793,0,81,83
runtime-block2-3-F.resource,0,88540,0.11227899999999999,0.016748,3605,0,83,84
runtime-block2-4-F.resource,0,90984,0.103507,0.028161,3600,0,74,76
runtime-block2-5-P.resource,0,89792,0.13369599999999998,0.016205,3931,0,76,78
runtime-block2-6-M.resource,0,89116,0.1261,0.020978,3956,0,76,77
runtime-block3-1-M.resource,0,88844,0.130687,0.019445999999999998,3928,0,77,78
runtime-block3-2-P.resource,0,88508,0.114184,0.023735,3887,0,83,85
runtime-block3-3-F.resource,0,88828,0.11411099999999999,0.012225999999999999,3562,0,74,76
runtime-block3-4-F.resource,0,89404,0.097261,0.033308,3711,0,75,77
runtime-block3-5-P.resource,0,88720,0.10415999999999999,0.026836,3591,0,74,76
runtime-block3-6-M.resource,0,91232,0.11691499999999999,0.032251999999999996,3961,0,77,78
timing-block1-1-M.resource,0,29056,12.390015,1.8087900000000001,314590,0,14607,15108
timing-block1-2-P.resource,0,29992,11.971092,2.111134,351953,0,14693,15051
timing-block1-3-F.resource,0,25972,12.590631,1.981895,359789,0,14872,15453
timing-block1-4-F.resource,0,31668,12.352936,2.06747,358732,0,13131,13561
timing-block1-5-P.resource,0,25216,12.363663,2.249028,353158,0,14462,15011
timing-block1-6-M.resource,0,29760,12.078257,1.871391,352291,0,14378,14851
timing-block2-1-M.resource,0,25008,12.335856,2.027374,356919,0,15344,15890
timing-block2-2-P.resource,0,26580,12.267315,2.263445,390829,0,13850,14413
timing-block2-3-F.resource,0,29868,12.047362,2.198773,391529,0,14384,14929
timing-block2-4-F.resource,0,28592,13.014257,2.103193,397168,0,15574,16348
timing-block2-5-P.resource,0,29384,12.083613,2.283391,397069,0,14778,15371
timing-block2-6-M.resource,0,27728,13.215568,2.005863,357982,0,14684,15370
timing-block3-1-M.resource,0,24152,13.592291,1.914407,348819,0,14907,15733
timing-block3-2-P.resource,0,32996,12.161807,2.114056,353779,0,15334,15867
timing-block3-3-F.resource,0,32308,11.962724,2.185574,368598,3,15803,16326
timing-block3-4-F.resource,0,31228,12.007549,2.057753,379861,1,13395,13850
timing-block3-5-P.resource,0,28444,12.622344,2.23217,357706,0,14967,15535
timing-block3-6-M.resource,0,22964,13.054845,1.941878,342233,0,14355,15023
workers-block1-1-M.resource,0,23920,2.115473,0.213641,25263,0,41214,1090
workers-block1-2-P.resource,0,25500,3.362797,0.23990399999999998,32511,0,63326,672
workers-block1-3-F.resource,0,25444,2.6059,0.16313,25558,0,44043,773
workers-block1-4-F.resource,0,27764,2.313075,0.19311299999999998,22840,2,36243,481
workers-block1-5-P.resource,0,25480,2.6565909999999997,0.231924,30686,0,62336,882
workers-block1-6-M.resource,0,23296,3.281023,0.27696899999999997,30282,1,67779,1596
workers-block2-1-M.resource,0,23204,2.948176,0.196266,26409,0,59396,744
workers-block2-2-P.resource,0,25472,2.494504,0.223388,24392,0,48343,540
workers-block2-3-F.resource,0,24704,2.420784,0.195704,27945,0,44274,472
workers-block2-4-F.resource,0,25664,2.900423,0.262903,35939,0,79123,630
workers-block2-5-P.resource,0,25500,2.671843,0.200075,27998,0,65187,701
workers-block2-6-M.resource,0,23332,2.736918,0.208892,26697,0,63316,607
workers-block3-1-M.resource,0,23704,2.4311,0.18700699999999998,24249,0,43974,547
workers-block3-2-P.resource,0,25380,2.702283,0.20560799999999999,29208,0,63580,600
workers-block3-3-F.resource,0,29128,2.804633,0.16783599999999999,28789,0,52051,1244
workers-block3-4-F.resource,0,25720,2.912695,0.229949,33604,0,78142,488
workers-block3-5-P.resource,0,24328,2.899528,0.17965299999999998,27086,0,63030,671
workers-block3-6-M.resource,0,22012,2.710527,0.196293,26672,0,48935,655
