file,revision,name,functions,body_bytes,migrated_functions,migrated_body_bytes,admission_ns,function_attempts
final-diagnostic-block1-1-M.txt,M,small,1,6,0,0,0,1
final-diagnostic-block1-1-M.txt,M,pressure,1,320,0,0,0,1
final-diagnostic-block1-1-M.txt,M,join,1,18,0,0,0,1
final-diagnostic-block1-1-M.txt,M,large,1,7003,0,0,0,1
final-diagnostic-block1-1-M.txt,M,deep,1,75,0,0,0,1
final-diagnostic-block1-1-M.txt,M,locals,1,837,0,0,0,1
final-diagnostic-block1-1-M.txt,M,many,512,3072,0,0,0,512
final-diagnostic-block1-1-M.txt,M,large_then_small,513,10075,0,0,0,513
final-diagnostic-block1-1-M.txt,M,fallback,1,6,0,0,0,1
final-diagnostic-block1-1-M.txt,M,tiny,2,9,0,0,0,2
final-diagnostic-block1-1-M.txt,M,fib_rec,1,28,0,0,0,1
final-diagnostic-block1-1-M.txt,M,many_funcs,301,2053,0,0,0,301
final-diagnostic-block1-1-M.txt,M,json-as,43,16651,0,0,0,43
final-diagnostic-block1-1-M.txt,M,xxhash,1,2328,0,0,0,1
final-diagnostic-block1-2-B.txt,B,small,1,6,0,0,0,1
final-diagnostic-block1-2-B.txt,B,pressure,1,320,0,0,0,1
final-diagnostic-block1-2-B.txt,B,join,1,18,0,0,0,1
final-diagnostic-block1-2-B.txt,B,large,1,7003,0,0,0,1
final-diagnostic-block1-2-B.txt,B,deep,1,75,0,0,0,1
final-diagnostic-block1-2-B.txt,B,locals,1,837,0,0,0,1
final-diagnostic-block1-2-B.txt,B,many,512,3072,0,0,0,512
final-diagnostic-block1-2-B.txt,B,large_then_small,513,10075,0,0,0,513
final-diagnostic-block1-2-B.txt,B,fallback,1,6,0,0,0,1
final-diagnostic-block1-2-B.txt,B,tiny,2,9,0,0,0,2
final-diagnostic-block1-2-B.txt,B,fib_rec,1,28,0,0,0,1
final-diagnostic-block1-2-B.txt,B,many_funcs,301,2053,0,0,0,301
final-diagnostic-block1-2-B.txt,B,json-as,43,16651,0,0,0,43
final-diagnostic-block1-2-B.txt,B,xxhash,1,2328,0,0,0,1
final-diagnostic-block1-3-R.txt,R,small,1,6,1,6,702,1
final-diagnostic-block1-3-R.txt,R,pressure,1,320,1,320,962,1
final-diagnostic-block1-3-R.txt,R,join,1,18,1,18,350,1
final-diagnostic-block1-3-R.txt,R,large,1,7003,1,7003,11602,1
final-diagnostic-block1-3-R.txt,R,deep,1,75,1,75,431,1
final-diagnostic-block1-3-R.txt,R,locals,1,837,1,837,2104,1
final-diagnostic-block1-3-R.txt,R,many,512,3072,512,3072,62794,512
final-diagnostic-block1-3-R.txt,R,large_then_small,513,10075,513,10075,70695,513
final-diagnostic-block1-3-R.txt,R,fallback,1,6,0,0,551,1
final-diagnostic-block1-3-R.txt,R,tiny,2,9,2,9,601,2
final-diagnostic-block1-3-R.txt,R,fib_rec,1,28,0,0,321,1
final-diagnostic-block1-3-R.txt,R,many_funcs,301,2053,300,2036,34391,301
final-diagnostic-block1-3-R.txt,R,json-as,43,16651,0,0,7227,43
final-diagnostic-block1-3-R.txt,R,xxhash,1,2328,0,0,451,1
final-diagnostic-block1-4-P.txt,P,small,1,6,1,6,661,1
final-diagnostic-block1-4-P.txt,P,pressure,1,320,1,320,921,1
final-diagnostic-block1-4-P.txt,P,join,1,18,1,18,371,1
final-diagnostic-block1-4-P.txt,P,large,1,7003,1,7003,11362,1
final-diagnostic-block1-4-P.txt,P,deep,1,75,1,75,371,1
final-diagnostic-block1-4-P.txt,P,locals,1,837,1,837,2525,1
final-diagnostic-block1-4-P.txt,P,many,512,3072,512,3072,67268,512
final-diagnostic-block1-4-P.txt,P,large_then_small,513,10075,513,10075,82399,513
final-diagnostic-block1-4-P.txt,P,fallback,1,6,0,0,591,1
final-diagnostic-block1-4-P.txt,P,tiny,2,9,2,9,602,2
final-diagnostic-block1-4-P.txt,P,fib_rec,1,28,0,0,290,1
final-diagnostic-block1-4-P.txt,P,many_funcs,301,2053,300,2036,43121,301
final-diagnostic-block1-4-P.txt,P,json-as,43,16651,0,0,7966,43
final-diagnostic-block1-4-P.txt,P,xxhash,1,2328,0,0,531,1
final-diagnostic-block1-5-P.txt,P,small,1,6,1,6,952,1
final-diagnostic-block1-5-P.txt,P,pressure,1,320,1,320,972,1
final-diagnostic-block1-5-P.txt,P,join,1,18,1,18,371,1
final-diagnostic-block1-5-P.txt,P,large,1,7003,1,7003,11382,1
final-diagnostic-block1-5-P.txt,P,deep,1,75,1,75,390,1
final-diagnostic-block1-5-P.txt,P,locals,1,837,1,837,2505,1
final-diagnostic-block1-5-P.txt,P,many,512,3072,512,3072,76850,512
final-diagnostic-block1-5-P.txt,P,large_then_small,513,10075,513,10075,89221,513
final-diagnostic-block1-5-P.txt,P,fallback,1,6,0,0,721,1
final-diagnostic-block1-5-P.txt,P,tiny,2,9,2,9,2335,2
final-diagnostic-block1-5-P.txt,P,fib_rec,1,28,0,0,310,1
final-diagnostic-block1-5-P.txt,P,many_funcs,301,2053,300,2036,40568,301
final-diagnostic-block1-5-P.txt,P,json-as,43,16651,0,0,8211,43
final-diagnostic-block1-5-P.txt,P,xxhash,1,2328,0,0,531,1
final-diagnostic-block1-6-R.txt,R,small,1,6,1,6,741,1
final-diagnostic-block1-6-R.txt,R,pressure,1,320,1,320,1022,1
final-diagnostic-block1-6-R.txt,R,join,1,18,1,18,350,1
final-diagnostic-block1-6-R.txt,R,large,1,7003,1,7003,11431,1
final-diagnostic-block1-6-R.txt,R,deep,1,75,1,75,380,1
final-diagnostic-block1-6-R.txt,R,locals,1,837,1,837,2144,1
final-diagnostic-block1-6-R.txt,R,many,512,3072,512,3072,56198,512
final-diagnostic-block1-6-R.txt,R,large_then_small,513,10075,513,10075,68831,513
final-diagnostic-block1-6-R.txt,R,fallback,1,6,0,0,571,1
final-diagnostic-block1-6-R.txt,R,tiny,2,9,2,9,731,2
final-diagnostic-block1-6-R.txt,R,fib_rec,1,28,0,0,321,1
final-diagnostic-block1-6-R.txt,R,many_funcs,301,2053,300,2036,37713,301
final-diagnostic-block1-6-R.txt,R,json-as,43,16651,0,0,7444,43
final-diagnostic-block1-6-R.txt,R,xxhash,1,2328,0,0,440,1
final-diagnostic-block1-7-B.txt,B,small,1,6,0,0,0,1
final-diagnostic-block1-7-B.txt,B,pressure,1,320,0,0,0,1
final-diagnostic-block1-7-B.txt,B,join,1,18,0,0,0,1
final-diagnostic-block1-7-B.txt,B,large,1,7003,0,0,0,1
final-diagnostic-block1-7-B.txt,B,deep,1,75,0,0,0,1
final-diagnostic-block1-7-B.txt,B,locals,1,837,0,0,0,1
final-diagnostic-block1-7-B.txt,B,many,512,3072,0,0,0,512
final-diagnostic-block1-7-B.txt,B,large_then_small,513,10075,0,0,0,513
final-diagnostic-block1-7-B.txt,B,fallback,1,6,0,0,0,1
final-diagnostic-block1-7-B.txt,B,tiny,2,9,0,0,0,2
final-diagnostic-block1-7-B.txt,B,fib_rec,1,28,0,0,0,1
final-diagnostic-block1-7-B.txt,B,many_funcs,301,2053,0,0,0,301
final-diagnostic-block1-7-B.txt,B,json-as,43,16651,0,0,0,43
final-diagnostic-block1-7-B.txt,B,xxhash,1,2328,0,0,0,1
final-diagnostic-block1-8-M.txt,M,small,1,6,0,0,0,1
final-diagnostic-block1-8-M.txt,M,pressure,1,320,0,0,0,1
final-diagnostic-block1-8-M.txt,M,join,1,18,0,0,0,1
final-diagnostic-block1-8-M.txt,M,large,1,7003,0,0,0,1
final-diagnostic-block1-8-M.txt,M,deep,1,75,0,0,0,1
final-diagnostic-block1-8-M.txt,M,locals,1,837,0,0,0,1
final-diagnostic-block1-8-M.txt,M,many,512,3072,0,0,0,512
final-diagnostic-block1-8-M.txt,M,large_then_small,513,10075,0,0,0,513
final-diagnostic-block1-8-M.txt,M,fallback,1,6,0,0,0,1
final-diagnostic-block1-8-M.txt,M,tiny,2,9,0,0,0,2
final-diagnostic-block1-8-M.txt,M,fib_rec,1,28,0,0,0,1
final-diagnostic-block1-8-M.txt,M,many_funcs,301,2053,0,0,0,301
final-diagnostic-block1-8-M.txt,M,json-as,43,16651,0,0,0,43
final-diagnostic-block1-8-M.txt,M,xxhash,1,2328,0,0,0,1
final-diagnostic-block2-1-M.txt,M,small,1,6,0,0,0,1
final-diagnostic-block2-1-M.txt,M,pressure,1,320,0,0,0,1
final-diagnostic-block2-1-M.txt,M,join,1,18,0,0,0,1
final-diagnostic-block2-1-M.txt,M,large,1,7003,0,0,0,1
final-diagnostic-block2-1-M.txt,M,deep,1,75,0,0,0,1
final-diagnostic-block2-1-M.txt,M,locals,1,837,0,0,0,1
final-diagnostic-block2-1-M.txt,M,many,512,3072,0,0,0,512
final-diagnostic-block2-1-M.txt,M,large_then_small,513,10075,0,0,0,513
final-diagnostic-block2-1-M.txt,M,fallback,1,6,0,0,0,1
final-diagnostic-block2-1-M.txt,M,tiny,2,9,0,0,0,2
final-diagnostic-block2-1-M.txt,M,fib_rec,1,28,0,0,0,1
final-diagnostic-block2-1-M.txt,M,many_funcs,301,2053,0,0,0,301
final-diagnostic-block2-1-M.txt,M,json-as,43,16651,0,0,0,43
final-diagnostic-block2-1-M.txt,M,xxhash,1,2328,0,0,0,1
final-diagnostic-block2-2-B.txt,B,small,1,6,0,0,0,1
final-diagnostic-block2-2-B.txt,B,pressure,1,320,0,0,0,1
final-diagnostic-block2-2-B.txt,B,join,1,18,0,0,0,1
final-diagnostic-block2-2-B.txt,B,large,1,7003,0,0,0,1
final-diagnostic-block2-2-B.txt,B,deep,1,75,0,0,0,1
final-diagnostic-block2-2-B.txt,B,locals,1,837,0,0,0,1
final-diagnostic-block2-2-B.txt,B,many,512,3072,0,0,0,512
final-diagnostic-block2-2-B.txt,B,large_then_small,513,10075,0,0,0,513
final-diagnostic-block2-2-B.txt,B,fallback,1,6,0,0,0,1
final-diagnostic-block2-2-B.txt,B,tiny,2,9,0,0,0,2
final-diagnostic-block2-2-B.txt,B,fib_rec,1,28,0,0,0,1
final-diagnostic-block2-2-B.txt,B,many_funcs,301,2053,0,0,0,301
final-diagnostic-block2-2-B.txt,B,json-as,43,16651,0,0,0,43
final-diagnostic-block2-2-B.txt,B,xxhash,1,2328,0,0,0,1
final-diagnostic-block2-3-R.txt,R,small,1,6,1,6,841,1
final-diagnostic-block2-3-R.txt,R,pressure,1,320,1,320,1102,1
final-diagnostic-block2-3-R.txt,R,join,1,18,1,18,371,1
final-diagnostic-block2-3-R.txt,R,large,1,7003,1,7003,11471,1
final-diagnostic-block2-3-R.txt,R,deep,1,75,1,75,391,1
final-diagnostic-block2-3-R.txt,R,locals,1,837,1,837,2104,1
final-diagnostic-block2-3-R.txt,R,many,512,3072,512,3072,56342,512
final-diagnostic-block2-3-R.txt,R,large_then_small,513,10075,513,10075,69234,513
final-diagnostic-block2-3-R.txt,R,fallback,1,6,0,0,1002,1
final-diagnostic-block2-3-R.txt,R,tiny,2,9,2,9,711,2
final-diagnostic-block2-3-R.txt,R,fib_rec,1,28,0,0,311,1
final-diagnostic-block2-3-R.txt,R,many_funcs,301,2053,300,2036,35252,301
final-diagnostic-block2-3-R.txt,R,json-as,43,16651,0,0,7747,43
final-diagnostic-block2-3-R.txt,R,xxhash,1,2328,0,0,551,1
final-diagnostic-block2-4-P.txt,P,small,1,6,1,6,691,1
final-diagnostic-block2-4-P.txt,P,pressure,1,320,1,320,1012,1
final-diagnostic-block2-4-P.txt,P,join,1,18,1,18,360,1
final-diagnostic-block2-4-P.txt,P,large,1,7003,1,7003,15549,1
final-diagnostic-block2-4-P.txt,P,deep,1,75,1,75,380,1
final-diagnostic-block2-4-P.txt,P,locals,1,837,1,837,2495,1
final-diagnostic-block2-4-P.txt,P,many,512,3072,512,3072,76559,512
final-diagnostic-block2-4-P.txt,P,large_then_small,513,10075,513,10075,80440,513
final-diagnostic-block2-4-P.txt,P,fallback,1,6,0,0,421,1
final-diagnostic-block2-4-P.txt,P,tiny,2,9,2,9,501,2
final-diagnostic-block2-4-P.txt,P,fib_rec,1,28,0,0,341,1
final-diagnostic-block2-4-P.txt,P,many_funcs,301,2053,300,2036,45113,301
final-diagnostic-block2-4-P.txt,P,json-as,43,16651,0,0,8373,43
final-diagnostic-block2-4-P.txt,P,xxhash,1,2328,0,0,531,1
final-diagnostic-block2-5-P.txt,P,small,1,6,1,6,671,1
final-diagnostic-block2-5-P.txt,P,pressure,1,320,1,320,951,1
final-diagnostic-block2-5-P.txt,P,join,1,18,1,18,351,1
final-diagnostic-block2-5-P.txt,P,large,1,7003,1,7003,11412,1
final-diagnostic-block2-5-P.txt,P,deep,1,75,1,75,401,1
final-diagnostic-block2-5-P.txt,P,locals,1,837,1,837,2484,1
final-diagnostic-block2-5-P.txt,P,many,512,3072,512,3072,67731,512
final-diagnostic-block2-5-P.txt,P,large_then_small,513,10075,513,10075,83179,513
final-diagnostic-block2-5-P.txt,P,fallback,1,6,0,0,1293,1
final-diagnostic-block2-5-P.txt,P,tiny,2,9,2,9,761,2
final-diagnostic-block2-5-P.txt,P,fib_rec,1,28,0,0,321,1
final-diagnostic-block2-5-P.txt,P,many_funcs,301,2053,300,2036,44435,301
final-diagnostic-block2-5-P.txt,P,json-as,43,16651,0,0,8049,43
final-diagnostic-block2-5-P.txt,P,xxhash,1,2328,0,0,571,1
final-diagnostic-block2-6-R.txt,R,small,1,6,1,6,1152,1
final-diagnostic-block2-6-R.txt,R,pressure,1,320,1,320,1012,1
final-diagnostic-block2-6-R.txt,R,join,1,18,1,18,360,1
final-diagnostic-block2-6-R.txt,R,large,1,7003,1,7003,11632,1
final-diagnostic-block2-6-R.txt,R,deep,1,75,1,75,371,1
final-diagnostic-block2-6-R.txt,R,locals,1,837,1,837,2044,1
final-diagnostic-block2-6-R.txt,R,many,512,3072,512,3072,56425,512
final-diagnostic-block2-6-R.txt,R,large_then_small,513,10075,513,10075,68452,513
final-diagnostic-block2-6-R.txt,R,fallback,1,6,0,0,1022,1
final-diagnostic-block2-6-R.txt,R,tiny,2,9,2,9,772,2
final-diagnostic-block2-6-R.txt,R,fib_rec,1,28,0,0,321,1
final-diagnostic-block2-6-R.txt,R,many_funcs,301,2053,300,2036,34771,301
final-diagnostic-block2-6-R.txt,R,json-as,43,16651,0,0,7191,43
final-diagnostic-block2-6-R.txt,R,xxhash,1,2328,0,0,431,1
final-diagnostic-block2-7-B.txt,B,small,1,6,0,0,0,1
final-diagnostic-block2-7-B.txt,B,pressure,1,320,0,0,0,1
final-diagnostic-block2-7-B.txt,B,join,1,18,0,0,0,1
final-diagnostic-block2-7-B.txt,B,large,1,7003,0,0,0,1
final-diagnostic-block2-7-B.txt,B,deep,1,75,0,0,0,1
final-diagnostic-block2-7-B.txt,B,locals,1,837,0,0,0,1
final-diagnostic-block2-7-B.txt,B,many,512,3072,0,0,0,512
final-diagnostic-block2-7-B.txt,B,large_then_small,513,10075,0,0,0,513
final-diagnostic-block2-7-B.txt,B,fallback,1,6,0,0,0,1
final-diagnostic-block2-7-B.txt,B,tiny,2,9,0,0,0,2
final-diagnostic-block2-7-B.txt,B,fib_rec,1,28,0,0,0,1
final-diagnostic-block2-7-B.txt,B,many_funcs,301,2053,0,0,0,301
final-diagnostic-block2-7-B.txt,B,json-as,43,16651,0,0,0,43
final-diagnostic-block2-7-B.txt,B,xxhash,1,2328,0,0,0,1
final-diagnostic-block2-8-M.txt,M,small,1,6,0,0,0,1
final-diagnostic-block2-8-M.txt,M,pressure,1,320,0,0,0,1
final-diagnostic-block2-8-M.txt,M,join,1,18,0,0,0,1
final-diagnostic-block2-8-M.txt,M,large,1,7003,0,0,0,1
final-diagnostic-block2-8-M.txt,M,deep,1,75,0,0,0,1
final-diagnostic-block2-8-M.txt,M,locals,1,837,0,0,0,1
final-diagnostic-block2-8-M.txt,M,many,512,3072,0,0,0,512
final-diagnostic-block2-8-M.txt,M,large_then_small,513,10075,0,0,0,513
final-diagnostic-block2-8-M.txt,M,fallback,1,6,0,0,0,1
final-diagnostic-block2-8-M.txt,M,tiny,2,9,0,0,0,2
final-diagnostic-block2-8-M.txt,M,fib_rec,1,28,0,0,0,1
final-diagnostic-block2-8-M.txt,M,many_funcs,301,2053,0,0,0,301
final-diagnostic-block2-8-M.txt,M,json-as,43,16651,0,0,0,43
final-diagnostic-block2-8-M.txt,M,xxhash,1,2328,0,0,0,1
final-diagnostic-block3-1-M.txt,M,small,1,6,0,0,0,1
final-diagnostic-block3-1-M.txt,M,pressure,1,320,0,0,0,1
final-diagnostic-block3-1-M.txt,M,join,1,18,0,0,0,1
final-diagnostic-block3-1-M.txt,M,large,1,7003,0,0,0,1
final-diagnostic-block3-1-M.txt,M,deep,1,75,0,0,0,1
final-diagnostic-block3-1-M.txt,M,locals,1,837,0,0,0,1
final-diagnostic-block3-1-M.txt,M,many,512,3072,0,0,0,512
final-diagnostic-block3-1-M.txt,M,large_then_small,513,10075,0,0,0,513
final-diagnostic-block3-1-M.txt,M,fallback,1,6,0,0,0,1
final-diagnostic-block3-1-M.txt,M,tiny,2,9,0,0,0,2
final-diagnostic-block3-1-M.txt,M,fib_rec,1,28,0,0,0,1
final-diagnostic-block3-1-M.txt,M,many_funcs,301,2053,0,0,0,301
final-diagnostic-block3-1-M.txt,M,json-as,43,16651,0,0,0,43
final-diagnostic-block3-1-M.txt,M,xxhash,1,2328,0,0,0,1
final-diagnostic-block3-2-B.txt,B,small,1,6,0,0,0,1
final-diagnostic-block3-2-B.txt,B,pressure,1,320,0,0,0,1
final-diagnostic-block3-2-B.txt,B,join,1,18,0,0,0,1
final-diagnostic-block3-2-B.txt,B,large,1,7003,0,0,0,1
final-diagnostic-block3-2-B.txt,B,deep,1,75,0,0,0,1
final-diagnostic-block3-2-B.txt,B,locals,1,837,0,0,0,1
final-diagnostic-block3-2-B.txt,B,many,512,3072,0,0,0,512
final-diagnostic-block3-2-B.txt,B,large_then_small,513,10075,0,0,0,513
final-diagnostic-block3-2-B.txt,B,fallback,1,6,0,0,0,1
final-diagnostic-block3-2-B.txt,B,tiny,2,9,0,0,0,2
final-diagnostic-block3-2-B.txt,B,fib_rec,1,28,0,0,0,1
final-diagnostic-block3-2-B.txt,B,many_funcs,301,2053,0,0,0,301
final-diagnostic-block3-2-B.txt,B,json-as,43,16651,0,0,0,43
final-diagnostic-block3-2-B.txt,B,xxhash,1,2328,0,0,0,1
final-diagnostic-block3-3-R.txt,R,small,1,6,1,6,641,1
final-diagnostic-block3-3-R.txt,R,pressure,1,320,1,320,1052,1
final-diagnostic-block3-3-R.txt,R,join,1,18,1,18,361,1
final-diagnostic-block3-3-R.txt,R,large,1,7003,1,7003,11632,1
final-diagnostic-block3-3-R.txt,R,deep,1,75,1,75,391,1
final-diagnostic-block3-3-R.txt,R,locals,1,837,1,837,2134,1
final-diagnostic-block3-3-R.txt,R,many,512,3072,512,3072,56590,512
final-diagnostic-block3-3-R.txt,R,large_then_small,513,10075,513,10075,69551,513
final-diagnostic-block3-3-R.txt,R,fallback,1,6,0,0,871,1
final-diagnostic-block3-3-R.txt,R,tiny,2,9,2,9,562,2
final-diagnostic-block3-3-R.txt,R,fib_rec,1,28,0,0,310,1
final-diagnostic-block3-3-R.txt,R,many_funcs,301,2053,300,2036,34243,301
final-diagnostic-block3-3-R.txt,R,json-as,43,16651,0,0,7236,43
final-diagnostic-block3-3-R.txt,R,xxhash,1,2328,0,0,461,1
final-diagnostic-block3-4-P.txt,P,small,1,6,1,6,1092,1
final-diagnostic-block3-4-P.txt,P,pressure,1,320,1,320,982,1
final-diagnostic-block3-4-P.txt,P,join,1,18,1,18,381,1
final-diagnostic-block3-4-P.txt,P,large,1,7003,1,7003,11492,1
final-diagnostic-block3-4-P.txt,P,deep,1,75,1,75,421,1
final-diagnostic-block3-4-P.txt,P,locals,1,837,1,837,2515,1
final-diagnostic-block3-4-P.txt,P,many,512,3072,512,3072,77044,512
final-diagnostic-block3-4-P.txt,P,large_then_small,513,10075,513,10075,80729,513
final-diagnostic-block3-4-P.txt,P,fallback,1,6,0,0,741,1
final-diagnostic-block3-4-P.txt,P,tiny,2,9,2,9,1142,2
final-diagnostic-block3-4-P.txt,P,fib_rec,1,28,0,0,501,1
final-diagnostic-block3-4-P.txt,P,many_funcs,301,2053,300,2036,41862,301
final-diagnostic-block3-4-P.txt,P,json-as,43,16651,0,0,8125,43
final-diagnostic-block3-4-P.txt,P,xxhash,1,2328,0,0,551,1
final-diagnostic-block3-5-P.txt,P,small,1,6,1,6,721,1
final-diagnostic-block3-5-P.txt,P,pressure,1,320,1,320,922,1
final-diagnostic-block3-5-P.txt,P,join,1,18,1,18,361,1
final-diagnostic-block3-5-P.txt,P,large,1,7003,1,7003,11421,1
final-diagnostic-block3-5-P.txt,P,deep,1,75,1,75,481,1
final-diagnostic-block3-5-P.txt,P,locals,1,837,1,837,3597,1
final-diagnostic-block3-5-P.txt,P,many,512,3072,512,3072,83585,512
final-diagnostic-block3-5-P.txt,P,large_then_small,513,10075,513,10075,84471,513
final-diagnostic-block3-5-P.txt,P,fallback,1,6,0,0,571,1
final-diagnostic-block3-5-P.txt,P,tiny,2,9,2,9,560,2
final-diagnostic-block3-5-P.txt,P,fib_rec,1,28,0,0,300,1
final-diagnostic-block3-5-P.txt,P,many_funcs,301,2053,300,2036,43369,301
final-diagnostic-block3-5-P.txt,P,json-as,43,16651,0,0,7883,43
final-diagnostic-block3-5-P.txt,P,xxhash,1,2328,0,0,531,1
final-diagnostic-block3-6-R.txt,R,small,1,6,1,6,692,1
final-diagnostic-block3-6-R.txt,R,pressure,1,320,1,320,1032,1
final-diagnostic-block3-6-R.txt,R,join,1,18,1,18,371,1
final-diagnostic-block3-6-R.txt,R,large,1,7003,1,7003,15590,1
final-diagnostic-block3-6-R.txt,R,deep,1,75,1,75,401,1
final-diagnostic-block3-6-R.txt,R,locals,1,837,1,837,2155,1
final-diagnostic-block3-6-R.txt,R,many,512,3072,512,3072,56563,512
final-diagnostic-block3-6-R.txt,R,large_then_small,513,10075,513,10075,69131,513
final-diagnostic-block3-6-R.txt,R,fallback,1,6,0,0,771,1
final-diagnostic-block3-6-R.txt,R,tiny,2,9,2,9,821,2
final-diagnostic-block3-6-R.txt,R,fib_rec,1,28,0,0,341,1
final-diagnostic-block3-6-R.txt,R,many_funcs,301,2053,300,2036,34313,301
final-diagnostic-block3-6-R.txt,R,json-as,43,16651,0,0,7843,43
final-diagnostic-block3-6-R.txt,R,xxhash,1,2328,0,0,460,1
final-diagnostic-block3-7-B.txt,B,small,1,6,0,0,0,1
final-diagnostic-block3-7-B.txt,B,pressure,1,320,0,0,0,1
final-diagnostic-block3-7-B.txt,B,join,1,18,0,0,0,1
final-diagnostic-block3-7-B.txt,B,large,1,7003,0,0,0,1
final-diagnostic-block3-7-B.txt,B,deep,1,75,0,0,0,1
final-diagnostic-block3-7-B.txt,B,locals,1,837,0,0,0,1
final-diagnostic-block3-7-B.txt,B,many,512,3072,0,0,0,512
final-diagnostic-block3-7-B.txt,B,large_then_small,513,10075,0,0,0,513
final-diagnostic-block3-7-B.txt,B,fallback,1,6,0,0,0,1
final-diagnostic-block3-7-B.txt,B,tiny,2,9,0,0,0,2
final-diagnostic-block3-7-B.txt,B,fib_rec,1,28,0,0,0,1
final-diagnostic-block3-7-B.txt,B,many_funcs,301,2053,0,0,0,301
final-diagnostic-block3-7-B.txt,B,json-as,43,16651,0,0,0,43
final-diagnostic-block3-7-B.txt,B,xxhash,1,2328,0,0,0,1
final-diagnostic-block3-8-M.txt,M,small,1,6,0,0,0,1
final-diagnostic-block3-8-M.txt,M,pressure,1,320,0,0,0,1
final-diagnostic-block3-8-M.txt,M,join,1,18,0,0,0,1
final-diagnostic-block3-8-M.txt,M,large,1,7003,0,0,0,1
final-diagnostic-block3-8-M.txt,M,deep,1,75,0,0,0,1
final-diagnostic-block3-8-M.txt,M,locals,1,837,0,0,0,1
final-diagnostic-block3-8-M.txt,M,many,512,3072,0,0,0,512
final-diagnostic-block3-8-M.txt,M,large_then_small,513,10075,0,0,0,513
final-diagnostic-block3-8-M.txt,M,fallback,1,6,0,0,0,1
final-diagnostic-block3-8-M.txt,M,tiny,2,9,0,0,0,2
final-diagnostic-block3-8-M.txt,M,fib_rec,1,28,0,0,0,1
final-diagnostic-block3-8-M.txt,M,many_funcs,301,2053,0,0,0,301
final-diagnostic-block3-8-M.txt,M,json-as,43,16651,0,0,0,43
final-diagnostic-block3-8-M.txt,M,xxhash,1,2328,0,0,0,1
