run,bounds,benchmark,version,unit,main_median,after_median,absolute_change,change_percent,p,prior_PR_median,change_vs_prior_percent,p_vs_prior,samples_each,note
cold-explicit,explicit,BenchmarkCompileFullWorkers/sqlite3/p2,final,allocs/op,8329,8409,80,0.9604994597190553,1,8322,1.0454217736121096,0.5541125541125541,6,"One timed operation; memory check, not a timing claim."
timed-explicit,explicit,BenchmarkCompileFullWorkers/sqlite3/p2,final,allocs/op,8343.5,8344,0.5,0.005992688919520539,0.8528138528138528,8336,0.09596928982724684,0.5887445887445888,6,250 ms requested timing; batched allocation counters need per-call interpretation.
timed-explicit,explicit,BenchmarkCompileCompact/json-as,final,B/op,136409,136521,112,0.08210601939755424,0.0021645021645021645,136936,-0.30306128410352295,0.0021645021645021645,6,250 ms requested timing; batched allocation counters need per-call interpretation.
timed-explicit,explicit,BenchmarkExec/coremark.coremark_run,final,ns/op,34224215,34514618,290403,0.8485307844168233,0.24025974025974026,34056480.5,1.3452285534907293,0.09307359307359307,6,250 ms requested timing; batched allocation counters need per-call interpretation.
timed-explicit,explicit,BenchmarkExec/isa_f32.min,final,ns/op,32156.5,32525.5,369,1.1475129445057686,0.3939393939393939,32102.5,1.3176543882875258,0.09307359307359307,6,250 ms requested timing; batched allocation counters need per-call interpretation.
timed-explicit,explicit,BenchmarkExec/tiny.add,final,ns/op,8.276499999999999,8.5545,0.27800000000000225,3.3589077508608955,0.015151515151515152,8.792,-2.7013193812556735,0.06493506493506493,6,250 ms requested timing; batched allocation counters need per-call interpretation.
cold-signals,signals,BenchmarkCompileWorkers/json-as/p8,final,allocs/op,572.5,596,23.5,4.104803493449771,0.6688311688311688,606,-1.650165016501648,0.2878787878787879,6,"One timed operation; memory check, not a timing claim."
timed-signals,signals,BenchmarkCompileCompact/json-as,final,B/op,136400.5,136517,116.5,0.08541024409733922,0.0021645021645021645,136932,-0.3030701370023037,0.0021645021645021645,6,250 ms requested timing; batched allocation counters need per-call interpretation.
timed-signals,signals,BenchmarkExecParallel/process/isa_bulk_mem.copy_fwd_64,final,ns/op,332.1,352.8,20.69999999999999,6.233062330623307,0.5887445887445888,337.70000000000005,4.471424341131169,0.9372294372294372,6,250 ms requested timing; batched allocation counters need per-call interpretation.
