cohort,benchmark,comparison,metric,before,after,absolute_delta,percent_delta,before_n,after_n,before_min,before_max,after_min,after_max,bootstrap_95_low,bootstrap_95_high
long,BenchmarkExec/many_funcs.run,A/R,ns/op,14.73,14.65,-0.08000000000000007,-0.5431093007467802,6,6,14.67,17.16,14.57,14.77,-8.30460670636164,0.16983695652175168
long,BenchmarkExec/many_funcs.run,C/R,ns/op,14.719999999999999,14.65,-0.06999999999999851,-0.47554347826086474,6,6,14.63,17.26,14.57,14.77,-8.619612742036232,0.40997608472839175
long,BenchmarkExec/many_funcs.run,A/C,ns/op,14.73,14.719999999999999,-0.010000000000001563,-0.06788866259336279,6,6,14.67,17.16,14.63,17.26,-7.90464240903389,8.797554347826075
long,BenchmarkExec/tiny.add,A/R,ns/op,14.809999999999999,14.76,-0.049999999999998934,-0.33760972316001503,6,6,14.78,14.9,14.73,14.84,-0.7063572149344166,0.13522650439488082
long,BenchmarkExec/tiny.add,C/R,ns/op,14.79,14.76,-0.02999999999999936,-0.20283975659228792,6,6,14.7,15.0,14.73,14.84,-1.039919490104002,0.3727549983056688
long,BenchmarkExec/tiny.add,A/C,ns/op,14.809999999999999,14.79,-0.019999999999999574,-0.13504388926400823,6,6,14.78,14.9,14.7,15.0,-0.7063572149344166,0.7775524002704648
long,BenchmarkSharingExec/join,A/R,B/op,0.0,0.0,0.0,,6,6,0.0,0.0,0.0,0.0,,
long,BenchmarkSharingExec/join,C/R,B/op,0.0,0.0,0.0,,6,6,0.0,0.0,0.0,0.0,,
long,BenchmarkSharingExec/join,A/C,B/op,0.0,0.0,0.0,,6,6,0.0,0.0,0.0,0.0,,
long,BenchmarkSharingExec/join,A/R,allocs/op,0.0,0.0,0.0,,6,6,0.0,0.0,0.0,0.0,,
long,BenchmarkSharingExec/join,C/R,allocs/op,0.0,0.0,0.0,,6,6,0.0,0.0,0.0,0.0,,
long,BenchmarkSharingExec/join,A/C,allocs/op,0.0,0.0,0.0,,6,6,0.0,0.0,0.0,0.0,,
long,BenchmarkSharingExec/join,A/R,ns/op,15.35,15.524999999999999,0.17499999999999893,1.140065146579805,6,6,15.26,15.43,15.45,15.62,0.5528455284552924,1.7348608837970625
long,BenchmarkSharingExec/join,C/R,ns/op,15.504999999999999,15.524999999999999,0.019999999999999574,0.12899064817799566,6,6,15.46,15.99,15.45,15.62,-1.6200762388818402,0.5821474773609392
long,BenchmarkSharingExec/join,A/C,ns/op,15.35,15.504999999999999,0.15499999999999936,1.0097719869706756,6,6,15.26,15.43,15.46,15.99,0.5832793259883395,2.8031290743155024
long,BenchmarkSharingExec/large_then_small,A/R,B/op,0.0,0.0,0.0,,6,6,0.0,0.0,0.0,0.0,,
long,BenchmarkSharingExec/large_then_small,C/R,B/op,0.0,0.0,0.0,,6,6,0.0,0.0,0.0,0.0,,
long,BenchmarkSharingExec/large_then_small,A/C,B/op,0.0,0.0,0.0,,6,6,0.0,0.0,0.0,0.0,,
long,BenchmarkSharingExec/large_then_small,A/R,allocs/op,0.0,0.0,0.0,,6,6,0.0,0.0,0.0,0.0,,
long,BenchmarkSharingExec/large_then_small,C/R,allocs/op,0.0,0.0,0.0,,6,6,0.0,0.0,0.0,0.0,,
long,BenchmarkSharingExec/large_then_small,A/C,allocs/op,0.0,0.0,0.0,,6,6,0.0,0.0,0.0,0.0,,
long,BenchmarkSharingExec/large_then_small,A/R,ns/op,235.64999999999998,235.7,0.05000000000001137,0.021217907914294898,6,6,232.6,240.2,234.5,236.9,-1.1125104953820242,0.8985879332477742
long,BenchmarkSharingExec/large_then_small,C/R,ns/op,235.25,235.7,0.44999999999998863,0.1912858660998884,6,6,234.8,237.5,234.5,236.9,-0.5286529921759375,0.7019783024888149
long,BenchmarkSharingExec/large_then_small,A/C,ns/op,235.64999999999998,235.25,-0.39999999999997726,-0.16974326331422596,6,6,232.6,240.2,234.8,237.5,-1.197730615675563,0.7488232777064674
long,BenchmarkSharingExec/locals,A/R,B/op,0.0,0.0,0.0,,6,6,0.0,0.0,0.0,0.0,,
long,BenchmarkSharingExec/locals,C/R,B/op,0.0,0.0,0.0,,6,6,0.0,0.0,0.0,0.0,,
long,BenchmarkSharingExec/locals,A/C,B/op,0.0,0.0,0.0,,6,6,0.0,0.0,0.0,0.0,,
long,BenchmarkSharingExec/locals,A/R,allocs/op,0.0,0.0,0.0,,6,6,0.0,0.0,0.0,0.0,,
long,BenchmarkSharingExec/locals,C/R,allocs/op,0.0,0.0,0.0,,6,6,0.0,0.0,0.0,0.0,,
long,BenchmarkSharingExec/locals,A/C,allocs/op,0.0,0.0,0.0,,6,6,0.0,0.0,0.0,0.0,,
long,BenchmarkSharingExec/locals,A/R,ns/op,80.72,39.18,-41.54,-51.46184340931615,6,6,80.43,82.22,39.05,39.3,-51.98823601495006,-51.3263914714268
long,BenchmarkSharingExec/locals,C/R,ns/op,39.25,39.18,-0.07000000000000028,-0.1783439490445904,6,6,39.14,39.5,39.05,39.3,-0.886524822695034,0.15317845289761767
long,BenchmarkSharingExec/locals,A/C,ns/op,80.72,39.25,-41.47,-51.37512388503469,6,6,80.43,82.22,39.14,39.5,-51.90619436429491,-51.08466592289575
long,BenchmarkSharingExec/many,A/R,B/op,0.0,0.0,0.0,,6,6,0.0,0.0,0.0,0.0,,
long,BenchmarkSharingExec/many,C/R,B/op,0.0,0.0,0.0,,6,6,0.0,0.0,0.0,0.0,,
long,BenchmarkSharingExec/many,A/C,B/op,0.0,0.0,0.0,,6,6,0.0,0.0,0.0,0.0,,
long,BenchmarkSharingExec/many,A/R,allocs/op,0.0,0.0,0.0,,6,6,0.0,0.0,0.0,0.0,,
long,BenchmarkSharingExec/many,C/R,allocs/op,0.0,0.0,0.0,,6,6,0.0,0.0,0.0,0.0,,
long,BenchmarkSharingExec/many,A/C,allocs/op,0.0,0.0,0.0,,6,6,0.0,0.0,0.0,0.0,,
long,BenchmarkSharingExec/many,A/R,ns/op,15.129999999999999,15.190000000000001,0.060000000000002274,0.3965631196299002,6,6,15.08,15.22,15.15,15.22,-0.032992411745302874,0.6949040370615611
long,BenchmarkSharingExec/many,C/R,ns/op,15.205,15.190000000000001,-0.014999999999998792,-0.09865175928970293,6,6,15.12,15.26,15.15,15.22,-0.39447731755424265,0.29712776493893145
long,BenchmarkSharingExec/many,A/C,ns/op,15.129999999999999,15.205,0.07500000000000107,0.4957038995373475,6,6,15.08,15.22,15.12,15.26,-0.03300330033003673,0.7957559681697646
long,BenchmarkSharingExec/pressure,A/R,B/op,0.0,0.0,0.0,,6,6,0.0,0.0,0.0,0.0,,
long,BenchmarkSharingExec/pressure,C/R,B/op,0.0,0.0,0.0,,6,6,0.0,0.0,0.0,0.0,,
long,BenchmarkSharingExec/pressure,A/C,B/op,0.0,0.0,0.0,,6,6,0.0,0.0,0.0,0.0,,
long,BenchmarkSharingExec/pressure,A/R,allocs/op,0.0,0.0,0.0,,6,6,0.0,0.0,0.0,0.0,,
long,BenchmarkSharingExec/pressure,C/R,allocs/op,0.0,0.0,0.0,,6,6,0.0,0.0,0.0,0.0,,
long,BenchmarkSharingExec/pressure,A/C,allocs/op,0.0,0.0,0.0,,6,6,0.0,0.0,0.0,0.0,,
long,BenchmarkSharingExec/pressure,A/R,ns/op,46.595,44.85,-1.7449999999999974,-3.7450370211395967,6,6,46.34,46.89,44.69,44.97,-4.366858851163791,-3.3918380531926418
long,BenchmarkSharingExec/pressure,C/R,ns/op,45.055,44.85,-0.2049999999999983,-0.454999445122628,6,6,44.95,45.57,44.69,44.97,-1.2146643109540722,-0.22246941045606095
long,BenchmarkSharingExec/pressure,A/C,ns/op,46.595,45.055,-1.5399999999999991,-3.305075651893974,6,6,46.34,46.89,44.95,45.57,-3.901656867985026,-2.6004728132387744
long,BenchmarkSharingExec/small,A/R,B/op,0.0,0.0,0.0,,6,6,0.0,0.0,0.0,0.0,,
long,BenchmarkSharingExec/small,C/R,B/op,0.0,0.0,0.0,,6,6,0.0,0.0,0.0,0.0,,
long,BenchmarkSharingExec/small,A/C,B/op,0.0,0.0,0.0,,6,6,0.0,0.0,0.0,0.0,,
long,BenchmarkSharingExec/small,A/R,allocs/op,0.0,0.0,0.0,,6,6,0.0,0.0,0.0,0.0,,
long,BenchmarkSharingExec/small,C/R,allocs/op,0.0,0.0,0.0,,6,6,0.0,0.0,0.0,0.0,,
long,BenchmarkSharingExec/small,A/C,allocs/op,0.0,0.0,0.0,,6,6,0.0,0.0,0.0,0.0,,
long,BenchmarkSharingExec/small,A/R,ns/op,15.18,15.195,0.015000000000000568,0.09881422924902239,6,6,15.12,15.23,15.14,25.94,-0.3285151116951379,35.71899736147759
long,BenchmarkSharingExec/small,C/R,ns/op,15.165,15.195,0.030000000000001137,0.1978239366963397,6,6,15.07,15.21,15.14,25.94,-0.19736842105262387,35.806132542037595
long,BenchmarkSharingExec/small,A/C,ns/op,15.18,15.165,-0.015000000000000568,-0.09881422924901129,6,6,15.12,15.23,15.07,15.21,-0.493258796448548,0.33046926635822427
timing,BenchmarkAggregate/AllExec,A/R,ns/op,269.85709154821205,258.16272509303036,-11.694366455181694,-4.333540537359715,6,6,267.9276169137617,271.9300616113451,255.84582930432364,269.3042689603405,-5.366172501494715,-1.0679280290351034
timing,BenchmarkAggregate/AllExec,C/R,ns/op,256.48413050040364,258.16272509303036,1.6785945926267232,0.6544633343793071,6,6,256.1286776478445,259.7259750106971,255.84582930432364,269.3042689603405,-0.3531271613974707,4.16537186885626
timing,BenchmarkAggregate/AllExec,A/C,ns/op,269.85709154821205,256.48413050040364,-13.372961047808417,-4.955571473436427,6,6,267.9276169137617,271.9300616113451,256.1286776478445,259.7259750106971,-5.466587708208226,-4.114598349661669
timing,BenchmarkAggregate/AllFull,A/R,ns/op,73882.01239043646,67807.773621248,-6074.238769188465,-8.221539414882983,6,6,73585.15905477369,76251.11113529914,66953.40328156356,69415.78297132236,-9.83599334765415,-6.995202131863964
timing,BenchmarkAggregate/AllFull,C/R,ns/op,68222.9470025847,67807.773621248,-415.17338133670273,-0.6085538657850331,6,6,67878.96816411265,68856.79558054527,66953.40328156356,69415.78297132236,-1.4391312753772367,0.7735585781502019
timing,BenchmarkAggregate/AllFull,A/C,ns/op,73882.01239043646,68222.9470025847,-5659.065387851762,-7.659598330843909,6,6,73585.15905477369,76251.11113529914,67878.96816411265,68856.79558054527,-9.260087570430242,-7.142324630640806
timing,BenchmarkAggregate/AllNative,A/R,ns/op,58730.285611385145,51221.846003762665,-7508.43960762248,-12.784612792972583,6,6,57862.53714456963,59571.81365617939,50553.6035436659,53667.010922961024,-14.057312625660067,-10.444072373378432
timing,BenchmarkAggregate/AllNative,C/R,ns/op,51489.47467533669,51221.846003762665,-267.628671574028,-0.5197735522872282,6,6,51243.84914086586,51760.06682456524,50553.6035436659,53667.010922961024,-1.9277350211883149,2.0493905991349592
timing,BenchmarkAggregate/AllNative,A/C,ns/op,58730.285611385145,51489.47467533669,-7240.810936048452,-12.328921715042341,6,6,57862.53714456963,59571.81365617939,51243.84914086586,51760.06682456524,-13.074390659852641,-11.568787230205935
timing,BenchmarkAggregate/MigratedExec,A/R,ns/op,43.048354713117845,39.517356176922604,-3.5309985361952414,-8.202400671817689,6,6,42.899764176200556,43.44926270337732,39.2109960391875,42.03072087469345,-9.060933234810065,-4.6480951721703185
timing,BenchmarkAggregate/MigratedExec,C/R,ns/op,39.27193553037247,39.517356176922604,0.24542064655013718,0.6249262819254975,6,6,39.130562306944,40.18970495497016,39.2109960391875,42.03072087469345,-0.9868564218882048,4.4431932901256355
timing,BenchmarkAggregate/MigratedExec,A/C,ns/op,43.048354713117845,39.27193553037247,-3.7764191827453786,-8.772505262772833,6,6,42.899764176200556,43.44926270337732,39.130562306944,40.18970495497016,-9.33633585400523,-7.515659595226243
timing,BenchmarkAggregate/MigratedNative,A/R,ns/op,54071.10008116213,42251.17925333071,-11819.920827831418,-21.85995996029193,6,6,53434.438658329724,54518.55891972366,41685.01049823386,44402.309501997115,-22.728347938311167,-19.612169284290594
timing,BenchmarkAggregate/MigratedNative,C/R,ns/op,41961.25144630774,42251.17925333071,289.9278070229702,0.6909417546660857,6,6,41562.18153527618,42401.52789315138,41685.01049823386,44402.309501997115,-0.4454615545416041,3.4720067966622636
timing,BenchmarkAggregate/MigratedNative,A/C,ns/op,54071.10008116213,41961.25144630774,-12109.848634854388,-22.39615731264426,6,6,53434.438658329724,54518.55891972366,41562.18153527618,42401.52789315138,-23.352892091164566,-21.403977535709352
timing,BenchmarkCompile/fib_rec,A/R,B/op,26792.0,27048.0,256.0,0.955509107196173,6,6,26792.0,26792.0,27048.0,27048.0,0.955509107196173,0.955509107196173
timing,BenchmarkCompile/fib_rec,C/R,B/op,27048.0,27048.0,0.0,0.0,6,6,27048.0,27048.0,27048.0,27048.0,0.0,0.0
timing,BenchmarkCompile/fib_rec,A/C,B/op,26792.0,27048.0,256.0,0.955509107196173,6,6,26792.0,26792.0,27048.0,27048.0,0.955509107196173,0.955509107196173
timing,BenchmarkCompile/fib_rec,A/R,allocs/op,50.0,50.0,0.0,0.0,6,6,50.0,50.0,50.0,50.0,0.0,0.0
timing,BenchmarkCompile/fib_rec,C/R,allocs/op,50.0,50.0,0.0,0.0,6,6,50.0,50.0,50.0,50.0,0.0,0.0
timing,BenchmarkCompile/fib_rec,A/C,allocs/op,50.0,50.0,0.0,0.0,6,6,50.0,50.0,50.0,50.0,0.0,0.0
timing,BenchmarkCompile/fib_rec,A/R,ns/op,20065.5,20211.5,146.0,0.7276170541476557,6,6,18435.0,20556.0,18485.0,21144.0,-6.068459657701708,6.6748033631678805
timing,BenchmarkCompile/fib_rec,C/R,ns/op,21229.5,20211.5,-1018.0,-4.795214206646414,6,6,18797.0,21888.0,18485.0,21144.0,-11.479028697571747,2.3600313995594036
timing,BenchmarkCompile/fib_rec,A/C,ns/op,20065.5,21229.5,1164.0,5.801001719369059,6,6,18435.0,20556.0,18797.0,21888.0,-1.594777104981182,12.761052346080826
timing,BenchmarkCompile/json-as,A/R,B/op,134624.0,134880.0,256.0,0.1901592583788858,6,6,134624.0,134624.0,134880.0,134880.0,0.1901592583788858,0.1901592583788858
timing,BenchmarkCompile/json-as,C/R,B/op,134880.0,134880.0,0.0,0.0,6,6,134880.0,134880.0,134880.0,134880.0,0.0,0.0
timing,BenchmarkCompile/json-as,A/C,B/op,134624.0,134880.0,256.0,0.1901592583788858,6,6,134624.0,134624.0,134880.0,134880.0,0.1901592583788858,0.1901592583788858
timing,BenchmarkCompile/json-as,A/R,allocs/op,125.0,125.0,0.0,0.0,6,6,125.0,125.0,125.0,125.0,0.0,0.0
timing,BenchmarkCompile/json-as,C/R,allocs/op,125.0,125.0,0.0,0.0,6,6,125.0,125.0,125.0,125.0,0.0,0.0
timing,BenchmarkCompile/json-as,A/C,allocs/op,125.0,125.0,0.0,0.0,6,6,125.0,125.0,125.0,125.0,0.0,0.0
timing,BenchmarkCompile/json-as,A/R,ns/op,1106448.0,1095158.5,-11289.5,-1.0203371509551307,6,6,1079900.0,1155814.0,1081399.0,1123708.0,-3.832883099516471,1.1790108771940977
timing,BenchmarkCompile/json-as,C/R,ns/op,1125594.5,1095158.5,-30436.0,-2.703993311978692,6,6,1074796.0,1139128.0,1081399.0,1123708.0,-4.123087512135271,0.38916943880951127
timing,BenchmarkCompile/json-as,A/C,ns/op,1106448.0,1125594.5,19146.5,1.7304473414023969,6,6,1079900.0,1155814.0,1074796.0,1139128.0,-2.2705678172606603,3.673008944566769
timing,BenchmarkCompile/many_funcs,A/R,B/op,69272.0,69680.0,408.0,0.5889825614967092,6,6,69272.0,69272.0,69680.0,69680.0,0.5889825614967092,0.5889825614967092
timing,BenchmarkCompile/many_funcs,C/R,B/op,69680.0,69680.0,0.0,0.0,6,6,69680.0,69680.0,69680.0,69680.0,0.0,0.0
timing,BenchmarkCompile/many_funcs,A/C,B/op,69272.0,69680.0,408.0,0.5889825614967092,6,6,69272.0,69272.0,69680.0,69680.0,0.5889825614967092,0.5889825614967092
timing,BenchmarkCompile/many_funcs,A/R,allocs/op,31.0,35.0,4.0,12.903225806451623,6,6,31.0,31.0,35.0,35.0,12.903225806451623,12.903225806451623
timing,BenchmarkCompile/many_funcs,C/R,allocs/op,35.0,35.0,0.0,0.0,6,6,35.0,35.0,35.0,35.0,0.0,0.0
timing,BenchmarkCompile/many_funcs,A/C,allocs/op,31.0,35.0,4.0,12.903225806451623,6,6,31.0,31.0,35.0,35.0,12.903225806451623,12.903225806451623
timing,BenchmarkCompile/many_funcs,A/R,ns/op,379090.0,365541.0,-13549.0,-3.5740853095570957,6,6,373424.0,391844.0,359422.0,375775.0,-5.690938691995506,-1.0963095834762182
timing,BenchmarkCompile/many_funcs,C/R,ns/op,374611.5,365541.0,-9070.5,-2.421308475580697,6,6,363793.0,376454.0,359422.0,375775.0,-3.700767328285437,0.3105884362866629
timing,BenchmarkCompile/many_funcs,A/C,ns/op,379090.0,374611.5,-4478.5,-1.1813817299322071,6,6,373424.0,391844.0,363793.0,376454.0,-3.597460277579312,-0.3456935285213736
timing,BenchmarkCompile/tiny,A/R,B/op,8344.0,8672.0,328.0,3.9309683604985546,6,6,8344.0,8344.0,8672.0,8672.0,3.9309683604985546,3.9309683604985546
timing,BenchmarkCompile/tiny,C/R,B/op,8672.0,8672.0,0.0,0.0,6,6,8672.0,8672.0,8672.0,8672.0,0.0,0.0
timing,BenchmarkCompile/tiny,A/C,B/op,8344.0,8672.0,328.0,3.9309683604985546,6,6,8344.0,8344.0,8672.0,8672.0,3.9309683604985546,3.9309683604985546
timing,BenchmarkCompile/tiny,A/R,allocs/op,22.0,24.0,2.0,9.090909090909083,6,6,22.0,22.0,24.0,24.0,9.090909090909083,9.090909090909083
timing,BenchmarkCompile/tiny,C/R,allocs/op,24.0,24.0,0.0,0.0,6,6,24.0,24.0,24.0,24.0,0.0,0.0
timing,BenchmarkCompile/tiny,A/C,allocs/op,22.0,24.0,2.0,9.090909090909083,6,6,22.0,22.0,24.0,24.0,9.090909090909083,9.090909090909083
timing,BenchmarkCompile/tiny,A/R,ns/op,10611.0,11524.0,913.0,8.60427857883328,6,6,9753.0,11808.0,9899.0,12056.0,-11.00706713780919,21.326771249871832
timing,BenchmarkCompile/tiny,C/R,ns/op,11740.5,11524.0,-216.5,-1.8440441207784986,6,6,10313.0,12228.0,9899.0,12056.0,-15.037530572657499,6.4129989531655385
timing,BenchmarkCompile/tiny,A/C,ns/op,10611.0,11740.5,1129.5,10.644614079728587,6,6,9753.0,11808.0,10313.0,12228.0,-1.953315320901805,21.162505116659847
timing,BenchmarkCompile/xxhash,A/R,B/op,65720.0,65976.0,256.0,0.38953134510042453,6,6,65720.0,65720.0,65976.0,65976.0,0.38953134510042453,0.38953134510042453
timing,BenchmarkCompile/xxhash,C/R,B/op,65976.0,65976.0,0.0,0.0,6,6,65976.0,65976.0,65976.0,65976.0,0.0,0.0
timing,BenchmarkCompile/xxhash,A/C,B/op,65720.0,65976.0,256.0,0.38953134510042453,6,6,65720.0,65720.0,65976.0,65976.0,0.38953134510042453,0.38953134510042453
timing,BenchmarkCompile/xxhash,A/R,allocs/op,58.0,58.0,0.0,0.0,6,6,58.0,58.0,58.0,58.0,0.0,0.0
timing,BenchmarkCompile/xxhash,C/R,allocs/op,58.0,58.0,0.0,0.0,6,6,58.0,58.0,58.0,58.0,0.0,0.0
timing,BenchmarkCompile/xxhash,A/C,allocs/op,58.0,58.0,0.0,0.0,6,6,58.0,58.0,58.0,58.0,0.0,0.0
timing,BenchmarkCompile/xxhash,A/R,ns/op,103535.5,104655.5,1120.0,1.081754567274018,6,6,101436.0,107189.0,103896.0,105845.0,-0.9328764400185485,2.9810878270219776
timing,BenchmarkCompile/xxhash,C/R,ns/op,106544.5,104655.5,-1889.0,-1.772968102529926,6,6,104160.0,111647.0,103896.0,105845.0,-4.476928011730741,-0.10395602517729863
timing,BenchmarkCompile/xxhash,A/C,ns/op,103535.5,106544.5,3009.0,2.906249547256734,6,6,101436.0,107189.0,104160.0,111647.0,0.855255061955118,6.126478369125432
timing,BenchmarkCompileFull/fib_rec,A/R,B/op,35497.0,35753.0,256.0,0.7211877060033345,6,6,35497.0,35497.0,35753.0,35753.0,0.7211877060033345,0.7211877060033345
timing,BenchmarkCompileFull/fib_rec,C/R,B/op,35753.0,35753.0,0.0,0.0,6,6,35753.0,35753.0,35753.0,35753.0,0.0,0.0
timing,BenchmarkCompileFull/fib_rec,A/C,B/op,35497.0,35753.0,256.0,0.7211877060033345,6,6,35497.0,35497.0,35753.0,35753.0,0.7211877060033345,0.7211877060033345
timing,BenchmarkCompileFull/fib_rec,A/R,allocs/op,107.0,107.0,0.0,0.0,6,6,107.0,107.0,107.0,107.0,0.0,0.0
timing,BenchmarkCompileFull/fib_rec,C/R,allocs/op,107.0,107.0,0.0,0.0,6,6,107.0,107.0,107.0,107.0,0.0,0.0
timing,BenchmarkCompileFull/fib_rec,A/C,allocs/op,107.0,107.0,0.0,0.0,6,6,107.0,107.0,107.0,107.0,0.0,0.0
timing,BenchmarkCompileFull/fib_rec,A/R,ns/op,21350.0,21372.0,22.0,0.10304449648712577,6,6,21233.0,21975.0,21027.0,21702.0,-2.0649651972157734,1.6645085344320298
timing,BenchmarkCompileFull/fib_rec,C/R,ns/op,21934.0,21372.0,-562.0,-2.5622321509984447,6,6,21705.0,22204.0,21027.0,21702.0,-4.22141585341117,-1.039701890785294
timing,BenchmarkCompileFull/fib_rec,A/C,ns/op,21350.0,21934.0,584.0,2.735362997658086,6,6,21233.0,21975.0,21705.0,22204.0,0.7880528431935652,4.36727486756916
timing,BenchmarkCompileFull/json-as,A/R,B/op,309674.0,309930.0,256.0,0.08266757945452063,6,6,309674.0,309674.0,309929.0,309930.0,0.08250611933839913,0.08266757945452063
timing,BenchmarkCompileFull/json-as,C/R,B/op,309929.0,309930.0,1.0,0.0003226545434609207,6,6,309929.0,309930.0,309929.0,309930.0,0.0,0.0003226545434609207
timing,BenchmarkCompileFull/json-as,A/C,B/op,309674.0,309929.0,255.0,0.08234465922227763,6,6,309674.0,309674.0,309929.0,309930.0,0.08234465922227763,0.08266757945452063
timing,BenchmarkCompileFull/json-as,A/R,allocs/op,399.0,399.0,0.0,0.0,6,6,399.0,399.0,399.0,399.0,0.0,0.0
timing,BenchmarkCompileFull/json-as,C/R,allocs/op,399.0,399.0,0.0,0.0,6,6,399.0,399.0,399.0,399.0,0.0,0.0
timing,BenchmarkCompileFull/json-as,A/C,allocs/op,399.0,399.0,0.0,0.0,6,6,399.0,399.0,399.0,399.0,0.0,0.0
timing,BenchmarkCompileFull/json-as,A/R,ns/op,1642132.5,1661088.5,18956.0,1.1543526481571975,6,6,1595690.0,1736994.0,1636149.0,1689712.0,-2.4627861920265115,3.7131592131918856
timing,BenchmarkCompileFull/json-as,C/R,ns/op,1664601.5,1661088.5,-3513.0,-0.21104150152453371,6,6,1610292.0,1706364.0,1636149.0,1689712.0,-2.4328276048329878,2.539564071710365
timing,BenchmarkCompileFull/json-as,A/C,ns/op,1642132.5,1664601.5,22469.0,1.3682817921209178,6,6,1595690.0,1736994.0,1610292.0,1706364.0,-2.9366291121638133,4.784749190115245
timing,BenchmarkCompileFull/many_funcs,A/R,B/op,179337.0,179745.0,408.0,0.22750464209839727,6,6,179337.0,179337.0,179745.0,179745.0,0.22750464209839727,0.22750464209839727
timing,BenchmarkCompileFull/many_funcs,C/R,B/op,179745.0,179745.0,0.0,0.0,6,6,179745.0,179745.0,179745.0,179745.0,0.0,0.0
timing,BenchmarkCompileFull/many_funcs,A/C,B/op,179337.0,179745.0,408.0,0.22750464209839727,6,6,179337.0,179337.0,179745.0,179745.0,0.22750464209839727,0.22750464209839727
timing,BenchmarkCompileFull/many_funcs,A/R,allocs/op,85.0,89.0,4.0,4.705882352941182,6,6,85.0,85.0,89.0,89.0,4.705882352941182,4.705882352941182
timing,BenchmarkCompileFull/many_funcs,C/R,allocs/op,89.0,89.0,0.0,0.0,6,6,89.0,89.0,89.0,89.0,0.0,0.0
timing,BenchmarkCompileFull/many_funcs,A/C,allocs/op,85.0,89.0,4.0,4.705882352941182,6,6,85.0,85.0,89.0,89.0,4.705882352941182,4.705882352941182
timing,BenchmarkCompileFull/many_funcs,A/R,ns/op,505884.0,491710.5,-14173.5,-2.8017292501838376,6,6,498076.0,509674.0,481334.0,498000.0,-4.4624586031338005,-1.883176227381933
timing,BenchmarkCompileFull/many_funcs,C/R,ns/op,488379.5,491710.5,3331.0,0.682051560313246,6,6,479701.0,493397.0,481334.0,498000.0,-1.2839219756402787,1.991823506338286
timing,BenchmarkCompileFull/many_funcs,A/C,ns/op,505884.0,488379.5,-17504.5,-3.4601805947608533,6,6,498076.0,509674.0,479701.0,493397.0,-4.6739550930823714,-2.3762441434466486
timing,BenchmarkCompileFull/tiny,A/R,B/op,18416.0,18752.0,336.0,1.8245004344048743,6,6,18416.0,18416.0,18752.0,18752.0,1.8245004344048743,1.8245004344048743
timing,BenchmarkCompileFull/tiny,C/R,B/op,18752.0,18752.0,0.0,0.0,6,6,18752.0,18752.0,18752.0,18752.0,0.0,0.0
timing,BenchmarkCompileFull/tiny,A/C,B/op,18416.0,18752.0,336.0,1.8245004344048743,6,6,18416.0,18416.0,18752.0,18752.0,1.8245004344048743,1.8245004344048743
timing,BenchmarkCompileFull/tiny,A/R,allocs/op,91.0,93.0,2.0,2.19780219780219,6,6,91.0,91.0,93.0,93.0,2.19780219780219,2.19780219780219
timing,BenchmarkCompileFull/tiny,C/R,allocs/op,93.0,93.0,0.0,0.0,6,6,93.0,93.0,93.0,93.0,0.0,0.0
timing,BenchmarkCompileFull/tiny,A/C,allocs/op,91.0,93.0,2.0,2.19780219780219,6,6,91.0,91.0,93.0,93.0,2.19780219780219,2.19780219780219
timing,BenchmarkCompileFull/tiny,A/R,ns/op,14192.5,14503.0,310.5,2.187775233397926,6,6,13895.0,15368.0,14167.0,14925.0,-3.3316741330678634,5.3182339449541205
timing,BenchmarkCompileFull/tiny,C/R,ns/op,14509.5,14503.0,-6.5,-0.044798235638721096,6,6,14130.0,14795.0,14167.0,14925.0,-2.454486896972574,3.106864826610045
timing,BenchmarkCompileFull/tiny,A/C,ns/op,14192.5,14509.5,317.0,2.233574070812039,6,6,13895.0,15368.0,14130.0,14795.0,-3.7033349925336023,5.375573394495414
timing,BenchmarkCompileFull/xxhash,A/R,B/op,107228.0,107500.0,272.0,0.25366508747715066,6,6,107228.0,107228.0,107500.0,107500.0,0.25366508747715066,0.25366508747715066
timing,BenchmarkCompileFull/xxhash,C/R,B/op,107500.0,107500.0,0.0,0.0,6,6,107500.0,107500.0,107500.0,107500.0,0.0,0.0
timing,BenchmarkCompileFull/xxhash,A/C,B/op,107228.0,107500.0,272.0,0.25366508747715066,6,6,107228.0,107228.0,107500.0,107500.0,0.25366508747715066,0.25366508747715066
timing,BenchmarkCompileFull/xxhash,A/R,allocs/op,146.0,146.0,0.0,0.0,6,6,146.0,146.0,146.0,146.0,0.0,0.0
timing,BenchmarkCompileFull/xxhash,C/R,allocs/op,146.0,146.0,0.0,0.0,6,6,146.0,146.0,146.0,146.0,0.0,0.0
timing,BenchmarkCompileFull/xxhash,A/C,allocs/op,146.0,146.0,0.0,0.0,6,6,146.0,146.0,146.0,146.0,0.0,0.0
timing,BenchmarkCompileFull/xxhash,A/R,ns/op,130892.0,130091.0,-801.0,-0.6119548941111774,6,6,129167.0,131722.0,127545.0,132802.0,-2.861488156343861,1.3411324431110927
timing,BenchmarkCompileFull/xxhash,C/R,ns/op,132348.0,130091.0,-2257.0,-1.7053525553842874,6,6,130983.0,137536.0,127545.0,132802.0,-4.5787505255936445,0.10139513608293793
timing,BenchmarkCompileFull/xxhash,A/C,ns/op,130892.0,132348.0,1456.0,1.1123674479723844,6,6,129167.0,131722.0,130983.0,137536.0,-0.38274856801864265,3.8072796934865982
timing,BenchmarkExec/fib_rec.fib,A/R,ns/op,661150.0,663638.5,2488.5,0.3763896241397502,6,6,655481.0,674176.0,660155.0,680533.0,-1.4076990389245259,2.3268794113755487
timing,BenchmarkExec/fib_rec.fib,C/R,ns/op,665242.5,663638.5,-1604.0,-0.24111508209412325,6,6,656539.0,671211.0,660155.0,680533.0,-1.3508419856051224,1.7074364249596075
timing,BenchmarkExec/fib_rec.fib,A/C,ns/op,661150.0,665242.5,4092.5,0.6189972018452616,6,6,655481.0,674176.0,656539.0,671211.0,-1.0921108926359335,1.8995754247651098
timing,BenchmarkExec/json-as.deserializeN,A/R,ns/op,40493.5,40284.5,-209.0,-0.516132218751153,6,6,39817.0,42083.0,40062.0,41208.0,-2.9127507024513166,0.9821726400059294
timing,BenchmarkExec/json-as.deserializeN,C/R,ns/op,40568.5,40284.5,-284.0,-0.700050531816554,6,6,40191.0,40782.0,40062.0,41208.0,-1.3955548992099276,0.7663407230474428
timing,BenchmarkExec/json-as.deserializeN,A/C,ns/op,40493.5,40568.5,75.0,0.18521491103511423,6,6,39817.0,42083.0,40191.0,40782.0,-2.3774901846735474,1.1325973734705563
timing,BenchmarkExec/json-as.serializeN,A/R,ns/op,21552.5,21255.5,-297.0,-1.3780303909059266,6,6,21142.0,21921.0,21102.0,21652.0,-2.785579446567521,0.20740119313944483
timing,BenchmarkExec/json-as.serializeN,C/R,ns/op,21526.5,21255.5,-271.0,-1.258913432281139,6,6,21249.0,21955.0,21102.0,21652.0,-2.536265148733019,0.08636586447561267
timing,BenchmarkExec/json-as.serializeN,A/C,ns/op,21552.5,21526.5,-26.0,-0.12063565711634139,6,6,21142.0,21921.0,21249.0,21955.0,-1.8145068675639697,1.5287099179716712
timing,BenchmarkExec/many_funcs.run,A/R,ns/op,14.94,14.78,-0.16000000000000014,-1.0709504685408322,6,6,14.72,15.15,14.6,15.24,-2.774108322324975,1.2382864792503279
timing,BenchmarkExec/many_funcs.run,C/R,ns/op,14.935,14.78,-0.15500000000000114,-1.0378305992634784,6,6,14.67,15.21,14.6,15.24,-2.6298268974700334,1.4647137150466172
timing,BenchmarkExec/many_funcs.run,A/C,ns/op,14.94,14.935,-0.004999999999999005,-0.03346720214189025,6,6,14.72,15.15,14.67,15.21,-1.881809177946514,1.3721552878179333
timing,BenchmarkExec/tiny.add,A/R,ns/op,14.940000000000001,14.934999999999999,-0.005000000000002558,-0.03346720214192356,6,6,14.71,15.16,14.78,29.33,-1.2591119946984697,48.49397590361444
timing,BenchmarkExec/tiny.add,C/R,ns/op,14.915,14.934999999999999,0.019999999999999574,0.1340931947703572,6,6,14.85,14.99,14.78,29.33,-0.5028494803888672,48.693029490616624
timing,BenchmarkExec/tiny.add,A/C,ns/op,14.940000000000001,14.915,-0.02500000000000213,-0.16733601070951787,6,6,14.71,15.16,14.85,14.99,-1.3884297520661226,0.845165652467883
timing,BenchmarkExec/xxhash.xxhash_run,A/R,ns/op,119676.5,121310.5,1634.0,1.3653474157416134,6,6,117708.0,121903.0,117857.0,123370.0,-1.5010401398479423,3.221468563406016
timing,BenchmarkExec/xxhash.xxhash_run,C/R,ns/op,120880.0,121310.5,430.5,0.35613831899403703,6,6,117493.0,121341.0,117857.0,123370.0,-2.169542013156267,3.476137587221384
timing,BenchmarkExec/xxhash.xxhash_run,A/C,ns/op,119676.5,120880.0,1203.5,1.0056276712637757,6,6,117708.0,121903.0,117493.0,121341.0,-2.0507986862265515,2.4641231468217395
timing,BenchmarkSharingExec/deep,A/R,B/op,0.0,0.0,0.0,,6,6,0.0,0.0,0.0,0.0,,
timing,BenchmarkSharingExec/deep,C/R,B/op,0.0,0.0,0.0,,6,6,0.0,0.0,0.0,0.0,,
timing,BenchmarkSharingExec/deep,A/C,B/op,0.0,0.0,0.0,,6,6,0.0,0.0,0.0,0.0,,
timing,BenchmarkSharingExec/deep,A/R,allocs/op,0.0,0.0,0.0,,6,6,0.0,0.0,0.0,0.0,,
timing,BenchmarkSharingExec/deep,C/R,allocs/op,0.0,0.0,0.0,,6,6,0.0,0.0,0.0,0.0,,
timing,BenchmarkSharingExec/deep,A/C,allocs/op,0.0,0.0,0.0,,6,6,0.0,0.0,0.0,0.0,,
timing,BenchmarkSharingExec/deep,A/R,ns/op,15.245000000000001,15.190000000000001,-0.054999999999999716,-0.3607740242702495,6,6,15.07,15.44,15.09,15.38,-1.75210902011681,0.6932981181908326
timing,BenchmarkSharingExec/deep,C/R,ns/op,15.305,15.190000000000001,-0.11499999999999844,-0.7513884351519007,6,6,15.22,15.68,15.09,15.38,-2.157809983896919,0.1312335958005173
timing,BenchmarkSharingExec/deep,A/C,ns/op,15.245000000000001,15.305,0.05999999999999872,0.3935716628402641,6,6,15.07,15.44,15.22,15.68,-0.9067357512953289,1.8366677599212622
timing,BenchmarkSharingExec/fallback,A/R,B/op,0.0,0.0,0.0,,6,6,0.0,0.0,0.0,0.0,,
timing,BenchmarkSharingExec/fallback,C/R,B/op,0.0,0.0,0.0,,6,6,0.0,0.0,0.0,0.0,,
timing,BenchmarkSharingExec/fallback,A/C,B/op,0.0,0.0,0.0,,6,6,0.0,0.0,0.0,0.0,,
timing,BenchmarkSharingExec/fallback,A/R,allocs/op,0.0,0.0,0.0,,6,6,0.0,0.0,0.0,0.0,,
timing,BenchmarkSharingExec/fallback,C/R,allocs/op,0.0,0.0,0.0,,6,6,0.0,0.0,0.0,0.0,,
timing,BenchmarkSharingExec/fallback,A/C,allocs/op,0.0,0.0,0.0,,6,6,0.0,0.0,0.0,0.0,,
timing,BenchmarkSharingExec/fallback,A/R,ns/op,15.715,15.54,-0.1750000000000007,-1.1135857461024523,6,6,15.33,16.1,15.44,15.62,-2.844638949671785,1.1060507482107962
timing,BenchmarkSharingExec/fallback,C/R,ns/op,15.6,15.54,-0.0600000000000005,-0.38461538461538325,6,6,15.53,15.69,15.44,15.62,-0.9253350350989287,0.22522522522523403
timing,BenchmarkSharingExec/fallback,A/C,ns/op,15.715,15.6,-0.11500000000000021,-0.7317849188673287,6,6,15.33,16.1,15.53,15.69,-2.4695217255392365,1.4964216005204811
timing,BenchmarkSharingExec/join,A/R,B/op,0.0,0.0,0.0,,6,6,0.0,0.0,0.0,0.0,,
timing,BenchmarkSharingExec/join,C/R,B/op,0.0,0.0,0.0,,6,6,0.0,0.0,0.0,0.0,,
timing,BenchmarkSharingExec/join,A/C,B/op,0.0,0.0,0.0,,6,6,0.0,0.0,0.0,0.0,,
timing,BenchmarkSharingExec/join,A/R,allocs/op,0.0,0.0,0.0,,6,6,0.0,0.0,0.0,0.0,,
timing,BenchmarkSharingExec/join,C/R,allocs/op,0.0,0.0,0.0,,6,6,0.0,0.0,0.0,0.0,,
timing,BenchmarkSharingExec/join,A/C,allocs/op,0.0,0.0,0.0,,6,6,0.0,0.0,0.0,0.0,,
timing,BenchmarkSharingExec/join,A/R,ns/op,15.55,15.68,0.129999999999999,0.8360128617363349,6,6,15.32,15.68,15.57,15.99,-0.19144862795149598,2.4611398963730657
timing,BenchmarkSharingExec/join,C/R,ns/op,15.67,15.68,0.009999999999999787,0.06381620931716903,6,6,15.59,15.77,15.57,15.99,-0.700190961171232,1.4349489795918435
timing,BenchmarkSharingExec/join,A/C,ns/op,15.55,15.67,0.11999999999999922,0.7717041800643143,6,6,15.32,15.68,15.59,15.77,-0.19144862795149598,1.885565669700906
timing,BenchmarkSharingExec/large,A/R,B/op,0.0,0.0,0.0,,6,6,0.0,0.0,0.0,0.0,,
timing,BenchmarkSharingExec/large,C/R,B/op,0.0,0.0,0.0,,6,6,0.0,0.0,0.0,0.0,,
timing,BenchmarkSharingExec/large,A/C,B/op,0.0,0.0,0.0,,6,6,0.0,0.0,0.0,0.0,,
timing,BenchmarkSharingExec/large,A/R,allocs/op,0.0,0.0,0.0,,6,6,0.0,0.0,0.0,0.0,,
timing,BenchmarkSharingExec/large,C/R,allocs/op,0.0,0.0,0.0,,6,6,0.0,0.0,0.0,0.0,,
timing,BenchmarkSharingExec/large,A/C,allocs/op,0.0,0.0,0.0,,6,6,0.0,0.0,0.0,0.0,,
timing,BenchmarkSharingExec/large,A/R,ns/op,234.55,238.75,4.199999999999989,1.7906629716478273,6,6,232.1,240.9,237.1,244.6,-0.08369951872776449,3.4007748600946908
timing,BenchmarkSharingExec/large,C/R,ns/op,238.35,238.75,0.4000000000000057,0.1678204321376109,6,6,233.1,249.3,237.1,244.6,-4.459622338288471,2.652973898160038
timing,BenchmarkSharingExec/large,A/C,ns/op,234.55,238.35,3.799999999999983,1.6201236410146924,6,6,232.1,240.9,233.1,249.3,-1.0401188707280906,6.686669524217748
timing,BenchmarkSharingExec/large_then_small,A/R,B/op,0.0,0.0,0.0,,6,6,0.0,0.0,0.0,0.0,,
timing,BenchmarkSharingExec/large_then_small,C/R,B/op,0.0,0.0,0.0,,6,6,0.0,0.0,0.0,0.0,,
timing,BenchmarkSharingExec/large_then_small,A/C,B/op,0.0,0.0,0.0,,6,6,0.0,0.0,0.0,0.0,,
timing,BenchmarkSharingExec/large_then_small,A/R,allocs/op,0.0,0.0,0.0,,6,6,0.0,0.0,0.0,0.0,,
timing,BenchmarkSharingExec/large_then_small,C/R,allocs/op,0.0,0.0,0.0,,6,6,0.0,0.0,0.0,0.0,,
timing,BenchmarkSharingExec/large_then_small,A/C,allocs/op,0.0,0.0,0.0,,6,6,0.0,0.0,0.0,0.0,,
timing,BenchmarkSharingExec/large_then_small,A/R,ns/op,234.05,238.14999999999998,4.099999999999966,1.7517624439222335,6,6,231.4,240.1,236.9,245.4,-0.8559498956158706,3.675538656527255
timing,BenchmarkSharingExec/large_then_small,C/R,ns/op,238.6,238.14999999999998,-0.45000000000001705,-0.18860016764460363,6,6,231.4,239.8,236.9,245.4,-0.773088173840375,2.6145203111495263
timing,BenchmarkSharingExec/large_then_small,A/C,ns/op,234.05,238.6,4.549999999999983,1.9440290536210103,6,6,231.4,240.1,231.4,239.8,-1.4178482068390341,2.8226675285498715
timing,BenchmarkSharingExec/locals,A/R,B/op,0.0,0.0,0.0,,6,6,0.0,0.0,0.0,0.0,,
timing,BenchmarkSharingExec/locals,C/R,B/op,0.0,0.0,0.0,,6,6,0.0,0.0,0.0,0.0,,
timing,BenchmarkSharingExec/locals,A/C,B/op,0.0,0.0,0.0,,6,6,0.0,0.0,0.0,0.0,,
timing,BenchmarkSharingExec/locals,A/R,allocs/op,0.0,0.0,0.0,,6,6,0.0,0.0,0.0,0.0,,
timing,BenchmarkSharingExec/locals,C/R,allocs/op,0.0,0.0,0.0,,6,6,0.0,0.0,0.0,0.0,,
timing,BenchmarkSharingExec/locals,A/C,allocs/op,0.0,0.0,0.0,,6,6,0.0,0.0,0.0,0.0,,
timing,BenchmarkSharingExec/locals,A/R,ns/op,81.805,39.53,-42.275000000000006,-51.67777030743843,6,6,81.06,82.82,39.34,39.74,-52.32572187990818,-51.31691779982849
timing,BenchmarkSharingExec/locals,C/R,ns/op,39.535,39.53,-0.0049999999999954525,-0.012647021626399635,6,6,39.18,41.73,39.34,39.74,-3.1180947704394724,0.8513341804320174
timing,BenchmarkSharingExec/locals,A/C,ns/op,81.805,39.535,-42.27000000000001,-51.67165821160077,6,6,81.06,82.82,39.18,41.73,-52.47297542122108,-50.15298005140131
timing,BenchmarkSharingExec/many,A/R,B/op,0.0,0.0,0.0,,6,6,0.0,0.0,0.0,0.0,,
timing,BenchmarkSharingExec/many,C/R,B/op,0.0,0.0,0.0,,6,6,0.0,0.0,0.0,0.0,,
timing,BenchmarkSharingExec/many,A/C,B/op,0.0,0.0,0.0,,6,6,0.0,0.0,0.0,0.0,,
timing,BenchmarkSharingExec/many,A/R,allocs/op,0.0,0.0,0.0,,6,6,0.0,0.0,0.0,0.0,,
timing,BenchmarkSharingExec/many,C/R,allocs/op,0.0,0.0,0.0,,6,6,0.0,0.0,0.0,0.0,,
timing,BenchmarkSharingExec/many,A/C,allocs/op,0.0,0.0,0.0,,6,6,0.0,0.0,0.0,0.0,,
timing,BenchmarkSharingExec/many,A/R,ns/op,15.325,15.315000000000001,-0.00999999999999801,-0.06525285481238097,6,6,15.16,15.5,15.09,15.69,-1.8536585365853675,1.6102530397633874
timing,BenchmarkSharingExec/many,C/R,ns/op,15.355,15.315000000000001,-0.03999999999999915,-0.26050146532073937,6,6,15.1,16.1,15.09,15.69,-3.1339031339031376,1.516650181338619
timing,BenchmarkSharingExec/many,A/C,ns/op,15.325,15.355,0.030000000000001137,0.19575856443720951,6,6,15.16,15.5,15.1,16.1,-1.420729738456561,3.066884176182727
timing,BenchmarkSharingExec/pressure,A/R,B/op,0.0,0.0,0.0,,6,6,0.0,0.0,0.0,0.0,,
timing,BenchmarkSharingExec/pressure,C/R,B/op,0.0,0.0,0.0,,6,6,0.0,0.0,0.0,0.0,,
timing,BenchmarkSharingExec/pressure,A/C,B/op,0.0,0.0,0.0,,6,6,0.0,0.0,0.0,0.0,,
timing,BenchmarkSharingExec/pressure,A/R,allocs/op,0.0,0.0,0.0,,6,6,0.0,0.0,0.0,0.0,,
timing,BenchmarkSharingExec/pressure,C/R,allocs/op,0.0,0.0,0.0,,6,6,0.0,0.0,0.0,0.0,,
timing,BenchmarkSharingExec/pressure,A/C,allocs/op,0.0,0.0,0.0,,6,6,0.0,0.0,0.0,0.0,,
timing,BenchmarkSharingExec/pressure,A/R,ns/op,47.03,46.11,-0.9200000000000017,-1.9561981713799748,6,6,46.51,47.82,44.72,79.59,-5.840485660456363,38.395324123273134
timing,BenchmarkSharingExec/pressure,C/R,ns/op,45.285,46.11,0.8250000000000028,1.821795296455786,6,6,44.56,45.69,44.72,79.59,-1.6047482963288728,43.56741263366774
timing,BenchmarkSharingExec/pressure,A/C,ns/op,47.03,45.285,-1.7450000000000045,-3.710397618541361,6,6,46.51,47.82,44.56,45.69,-5.610630668635297,-2.7159965782720175
timing,BenchmarkSharingExec/small,A/R,B/op,0.0,0.0,0.0,,6,6,0.0,0.0,0.0,0.0,,
timing,BenchmarkSharingExec/small,C/R,B/op,0.0,0.0,0.0,,6,6,0.0,0.0,0.0,0.0,,
timing,BenchmarkSharingExec/small,A/C,B/op,0.0,0.0,0.0,,6,6,0.0,0.0,0.0,0.0,,
timing,BenchmarkSharingExec/small,A/R,allocs/op,0.0,0.0,0.0,,6,6,0.0,0.0,0.0,0.0,,
timing,BenchmarkSharingExec/small,C/R,allocs/op,0.0,0.0,0.0,,6,6,0.0,0.0,0.0,0.0,,
timing,BenchmarkSharingExec/small,A/C,allocs/op,0.0,0.0,0.0,,6,6,0.0,0.0,0.0,0.0,,
timing,BenchmarkSharingExec/small,A/R,ns/op,15.254999999999999,15.28,0.025000000000000355,0.16388069485415713,6,6,15.09,15.5,15.23,15.57,-1.2600969305331167,1.34691195795007
timing,BenchmarkSharingExec/small,C/R,ns/op,15.305,15.28,-0.025000000000000355,-0.16334531198954894,6,6,15.2,15.38,15.23,15.57,-0.5867014341590648,0.8823529411764675
timing,BenchmarkSharingExec/small,A/C,ns/op,15.254999999999999,15.305,0.05000000000000071,0.32776138970829205,6,6,15.09,15.5,15.2,15.38,-1.1003236245954673,1.3210039630118908
timing,BenchmarkSharingFull/deep,A/R,B/op,24961.0,21953.0,-3008.0,-12.05079924682505,6,6,24961.0,24961.0,21953.0,21953.0,-12.05079924682505,-12.05079924682505
timing,BenchmarkSharingFull/deep,C/R,B/op,21953.0,21953.0,0.0,0.0,6,6,21953.0,21953.0,21953.0,21953.0,0.0,0.0
timing,BenchmarkSharingFull/deep,A/C,B/op,24961.0,21953.0,-3008.0,-12.05079924682505,6,6,24961.0,24961.0,21953.0,21953.0,-12.05079924682505,-12.05079924682505
timing,BenchmarkSharingFull/deep,A/R,allocs/op,83.0,82.0,-1.0,-1.2048192771084376,6,6,83.0,83.0,82.0,82.0,-1.2048192771084376,-1.2048192771084376
timing,BenchmarkSharingFull/deep,C/R,allocs/op,82.0,82.0,0.0,0.0,6,6,82.0,82.0,82.0,82.0,0.0,0.0
timing,BenchmarkSharingFull/deep,A/C,allocs/op,83.0,82.0,-1.0,-1.2048192771084376,6,6,83.0,83.0,82.0,82.0,-1.2048192771084376,-1.2048192771084376
timing,BenchmarkSharingFull/deep,A/R,ns/op,16022.5,12310.5,-3712.0,-23.167420814479634,6,6,15535.0,16659.0,12223.0,13554.0,-24.981698389458273,-18.622632649866954
timing,BenchmarkSharingFull/deep,C/R,ns/op,12740.5,12310.5,-430.0,-3.3750637730073363,6,6,12575.0,12948.0,12223.0,13554.0,-4.462380194792592,1.8412598918749579
timing,BenchmarkSharingFull/deep,A/C,ns/op,16022.5,12740.5,-3282.0,-20.483694804181617,6,6,15535.0,16659.0,12575.0,12948.0,-22.413372376769157,-18.600758054327226
timing,BenchmarkSharingFull/fallback,A/R,B/op,15776.0,16032.0,256.0,1.6227180527383478,6,6,15776.0,15776.0,16032.0,16032.0,1.6227180527383478,1.6227180527383478
timing,BenchmarkSharingFull/fallback,C/R,B/op,16032.0,16032.0,0.0,0.0,6,6,16032.0,16032.0,16032.0,16032.0,0.0,0.0
timing,BenchmarkSharingFull/fallback,A/C,B/op,15776.0,16032.0,256.0,1.6227180527383478,6,6,15776.0,15776.0,16032.0,16032.0,1.6227180527383478,1.6227180527383478
timing,BenchmarkSharingFull/fallback,A/R,allocs/op,74.0,74.0,0.0,0.0,6,6,74.0,74.0,74.0,74.0,0.0,0.0
timing,BenchmarkSharingFull/fallback,C/R,allocs/op,74.0,74.0,0.0,0.0,6,6,74.0,74.0,74.0,74.0,0.0,0.0
timing,BenchmarkSharingFull/fallback,A/C,allocs/op,74.0,74.0,0.0,0.0,6,6,74.0,74.0,74.0,74.0,0.0,0.0
timing,BenchmarkSharingFull/fallback,A/R,ns/op,9252.5,9403.5,151.0,1.6319913536881892,6,6,9152.0,9742.0,9177.0,9546.0,-2.3448565283533562,3.6403269754768486
timing,BenchmarkSharingFull/fallback,C/R,ns/op,9463.0,9403.5,-59.5,-0.62876466236923,6,6,9381.0,9557.0,9177.0,9546.0,-3.3120952029908945,0.9984067976632982
timing,BenchmarkSharingFull/fallback,A/C,ns/op,9252.5,9463.0,210.5,2.2750607943798906,6,6,9152.0,9742.0,9381.0,9557.0,-0.8512874408828197,3.6185286103542325
timing,BenchmarkSharingFull/join,A/R,B/op,17688.0,15472.0,-2216.0,-12.528267752148349,6,6,17688.0,17688.0,15472.0,15472.0,-12.528267752148349,-12.528267752148349
timing,BenchmarkSharingFull/join,C/R,B/op,15472.0,15472.0,0.0,0.0,6,6,15472.0,15472.0,15472.0,15472.0,0.0,0.0
timing,BenchmarkSharingFull/join,A/C,B/op,17688.0,15472.0,-2216.0,-12.528267752148349,6,6,17688.0,17688.0,15472.0,15472.0,-12.528267752148349,-12.528267752148349
timing,BenchmarkSharingFull/join,A/R,allocs/op,80.0,75.0,-5.0,-6.25,6,6,80.0,80.0,75.0,75.0,-6.25,-6.25
timing,BenchmarkSharingFull/join,C/R,allocs/op,75.0,75.0,0.0,0.0,6,6,75.0,75.0,75.0,75.0,0.0,0.0
timing,BenchmarkSharingFull/join,A/C,allocs/op,80.0,75.0,-5.0,-6.25,6,6,80.0,80.0,75.0,75.0,-6.25,-6.25
timing,BenchmarkSharingFull/join,A/R,ns/op,10895.0,10229.0,-666.0,-6.1128958237723685,6,6,10695.0,11308.0,9869.0,10416.0,-10.34696956251664,-4.336889178739456
timing,BenchmarkSharingFull/join,C/R,ns/op,10398.0,10229.0,-169.0,-1.6253125601077167,6,6,10179.0,10875.0,9869.0,10416.0,-5.197233127687417,0.05348373608207169
timing,BenchmarkSharingFull/join,A/C,ns/op,10895.0,10398.0,-497.0,-4.561725562184494,6,6,10695.0,11308.0,10179.0,10875.0,-7.97714488195952,-1.8081688848095467
timing,BenchmarkSharingFull/large,A/R,B/op,315927.0,95524.0,-220403.0,-69.7639011543806,6,6,315927.0,315927.0,95523.0,95524.0,-69.76421768319896,-69.7639011543806
timing,BenchmarkSharingFull/large,C/R,B/op,95524.0,95524.0,0.0,0.0,6,6,95523.0,95525.0,95523.0,95524.0,-0.001046857334285889,0.0005234314069291202
timing,BenchmarkSharingFull/large,A/C,B/op,315927.0,95524.0,-220403.0,-69.7639011543806,6,6,315927.0,315927.0,95523.0,95525.0,-69.76405941878978,-69.76374288997143
timing,BenchmarkSharingFull/large,A/R,allocs/op,87.0,81.0,-6.0,-6.896551724137934,6,6,87.0,87.0,81.0,81.0,-6.896551724137934,-6.896551724137934
timing,BenchmarkSharingFull/large,C/R,allocs/op,81.0,81.0,0.0,0.0,6,6,81.0,81.0,81.0,81.0,0.0,0.0
timing,BenchmarkSharingFull/large,A/C,allocs/op,87.0,81.0,-6.0,-6.896551724137934,6,6,87.0,87.0,81.0,81.0,-6.896551724137934,-6.896551724137934
timing,BenchmarkSharingFull/large,A/R,ns/op,261438.5,237936.0,-23502.5,-8.989685910835632,6,6,255821.0,266993.0,235666.0,252279.0,-10.54042101204673,-4.879860514459599
timing,BenchmarkSharingFull/large,C/R,ns/op,231957.0,237936.0,5979.0,2.5776329233435424,6,6,230081.0,236897.0,235666.0,252279.0,1.0638659388739091,6.351177157835286
timing,BenchmarkSharingFull/large,A/C,ns/op,261438.5,231957.0,-29481.5,-11.276648236583364,6,6,255821.0,266993.0,230081.0,236897.0,-12.870000337087484,-8.901619434779384
timing,BenchmarkSharingFull/large_then_small,A/R,B/op,514235.0,295103.0,-219132.0,-42.61320213521056,6,6,514234.0,514236.0,295103.0,295103.0,-42.61325793337877,-42.61314633693382
timing,BenchmarkSharingFull/large_then_small,C/R,B/op,295103.0,295103.0,0.0,0.0,6,6,295102.0,295103.0,295103.0,295103.0,0.0,0.00033886588366449644
timing,BenchmarkSharingFull/large_then_small,A/C,B/op,514235.0,295103.0,-219132.0,-42.61320213521056,6,6,514234.0,514236.0,295102.0,295103.0,-42.61339659883128,-42.61314633693382
timing,BenchmarkSharingFull/large_then_small,A/R,allocs/op,595.0,589.0,-6.0,-1.0084033613445342,6,6,595.0,595.0,589.0,589.0,-1.0084033613445342,-1.0084033613445342
timing,BenchmarkSharingFull/large_then_small,C/R,allocs/op,589.0,589.0,0.0,0.0,6,6,589.0,589.0,589.0,589.0,0.0,0.0
timing,BenchmarkSharingFull/large_then_small,A/C,allocs/op,595.0,589.0,-6.0,-1.0084033613445342,6,6,595.0,595.0,589.0,589.0,-1.0084033613445342,-1.0084033613445342
timing,BenchmarkSharingFull/large_then_small,A/R,ns/op,1085113.0,951998.0,-133115.0,-12.267385977312962,6,6,1072282.0,1089427.0,948054.0,965457.0,-12.597574128706201,-11.420223411378727
timing,BenchmarkSharingFull/large_then_small,C/R,ns/op,959901.5,951998.0,-7903.5,-0.823365730754666,6,6,937337.0,978815.0,948054.0,965457.0,-2.8130872733552748,0.715726142329709
timing,BenchmarkSharingFull/large_then_small,A/C,ns/op,1085113.0,959901.5,-125211.5,-11.539028654158601,6,6,1072282.0,1089427.0,937337.0,978815.0,-12.875110702756299,-9.628941449501284
timing,BenchmarkSharingFull/locals,A/R,B/op,41242.0,26217.0,-15025.0,-36.43130789001503,6,6,41242.0,41242.0,26217.0,26217.0,-36.43130789001503,-36.43130789001503
timing,BenchmarkSharingFull/locals,C/R,B/op,26217.0,26217.0,0.0,0.0,6,6,26217.0,26217.0,26217.0,26217.0,0.0,0.0
timing,BenchmarkSharingFull/locals,A/C,B/op,41242.0,26217.0,-15025.0,-36.43130789001503,6,6,41242.0,41242.0,26217.0,26217.0,-36.43130789001503,-36.43130789001503
timing,BenchmarkSharingFull/locals,A/R,allocs/op,73.0,74.0,1.0,1.3698630136986356,6,6,73.0,73.0,74.0,74.0,1.3698630136986356,1.3698630136986356
timing,BenchmarkSharingFull/locals,C/R,allocs/op,74.0,74.0,0.0,0.0,6,6,74.0,74.0,74.0,74.0,0.0,0.0
timing,BenchmarkSharingFull/locals,A/C,allocs/op,73.0,74.0,1.0,1.3698630136986356,6,6,73.0,73.0,74.0,74.0,1.3698630136986356,1.3698630136986356
timing,BenchmarkSharingFull/locals,A/R,ns/op,43398.5,30209.0,-13189.5,-30.391603396430757,6,6,42757.0,44676.0,29292.0,31635.0,-32.19929837226878,-28.032501450957636
timing,BenchmarkSharingFull/locals,C/R,ns/op,29657.0,30209.0,552.0,1.861280642006946,6,6,29217.0,29964.0,29292.0,31635.0,-0.06575176181002895,5.285614322529986
timing,BenchmarkSharingFull/locals,A/C,ns/op,43398.5,29657.0,-13741.5,-31.663536758182886,6,6,42757.0,44676.0,29217.0,29964.0,-33.209884932499776,-30.706163003450914
timing,BenchmarkSharingFull/many,A/R,B/op,243900.0,243187.0,-713.0,-0.29233292332923044,6,6,243899.0,243900.0,243187.0,243188.0,-0.29233292332923044,-0.2919229192291928
timing,BenchmarkSharingFull/many,C/R,B/op,243188.0,243187.0,-1.0,-0.0004112045002169218,6,6,243187.0,243188.0,243187.0,243188.0,-0.0004112045002169218,0.0
timing,BenchmarkSharingFull/many,A/C,B/op,243900.0,243188.0,-712.0,-0.2919229192291928,6,6,243899.0,243900.0,243187.0,243188.0,-0.29212792127921716,-0.2917185152081059
timing,BenchmarkSharingFull/many,A/R,allocs/op,588.0,587.0,-1.0,-0.170068027210879,6,6,588.0,588.0,587.0,587.0,-0.170068027210879,-0.170068027210879
timing,BenchmarkSharingFull/many,C/R,allocs/op,587.0,587.0,0.0,0.0,6,6,587.0,587.0,587.0,587.0,0.0,0.0
timing,BenchmarkSharingFull/many,A/C,allocs/op,588.0,587.0,-1.0,-0.170068027210879,6,6,588.0,588.0,587.0,587.0,-0.170068027210879,-0.170068027210879
timing,BenchmarkSharingFull/many,A/R,ns/op,752640.5,730248.0,-22392.5,-2.975192007339489,6,6,740650.0,781279.0,719358.0,765063.0,-6.456071177637823,1.1582155647350545
timing,BenchmarkSharingFull/many,C/R,ns/op,725193.5,730248.0,5054.5,0.6969863905288642,6,6,720020.0,736815.0,719358.0,765063.0,-0.8046817849305055,4.564285386926126
timing,BenchmarkSharingFull/many,A/C,ns/op,752640.5,725193.5,-27447.0,-3.6467609702108827,6,6,740650.0,781279.0,720020.0,736815.0,-7.144869309544477,-1.7929916899361853
timing,BenchmarkSharingFull/pressure,A/R,B/op,31449.0,22033.0,-9416.0,-29.94053864987758,6,6,31449.0,31449.0,22033.0,22033.0,-29.94053864987758,-29.94053864987758
timing,BenchmarkSharingFull/pressure,C/R,B/op,22033.0,22033.0,0.0,0.0,6,6,22033.0,22033.0,22033.0,22033.0,0.0,0.0
timing,BenchmarkSharingFull/pressure,A/C,B/op,31449.0,22033.0,-9416.0,-29.94053864987758,6,6,31449.0,31449.0,22033.0,22033.0,-29.94053864987758,-29.94053864987758
timing,BenchmarkSharingFull/pressure,A/R,allocs/op,75.0,80.0,5.0,6.666666666666665,6,6,75.0,75.0,80.0,80.0,6.666666666666665,6.666666666666665
timing,BenchmarkSharingFull/pressure,C/R,allocs/op,80.0,80.0,0.0,0.0,6,6,80.0,80.0,80.0,80.0,0.0,0.0
timing,BenchmarkSharingFull/pressure,A/C,allocs/op,75.0,80.0,5.0,6.666666666666665,6,6,75.0,75.0,80.0,80.0,6.666666666666665,6.666666666666665
timing,BenchmarkSharingFull/pressure,A/R,ns/op,31604.0,24830.5,-6773.5,-21.4324136185293,6,6,31386.0,32580.0,24209.0,24915.0,-24.019799197414237,-20.971172772874468
timing,BenchmarkSharingFull/pressure,C/R,ns/op,25286.5,24830.5,-456.0,-1.8033337947125916,6,6,24478.0,25640.0,24209.0,24915.0,-4.442087899139857,0.38816108685104656
timing,BenchmarkSharingFull/pressure,A/C,ns/op,31604.0,25286.5,-6317.5,-19.989558283761543,6,6,31386.0,32580.0,24478.0,25640.0,-22.531237404272474,-18.958346561686458
timing,BenchmarkSharingFull/small,A/R,B/op,15776.0,15064.0,-712.0,-4.513184584178498,6,6,15776.0,15776.0,15064.0,15064.0,-4.513184584178498,-4.513184584178498
timing,BenchmarkSharingFull/small,C/R,B/op,15064.0,15064.0,0.0,0.0,6,6,15064.0,15064.0,15064.0,15064.0,0.0,0.0
timing,BenchmarkSharingFull/small,A/C,B/op,15776.0,15064.0,-712.0,-4.513184584178498,6,6,15776.0,15776.0,15064.0,15064.0,-4.513184584178498,-4.513184584178498
timing,BenchmarkSharingFull/small,A/R,allocs/op,74.0,73.0,-1.0,-1.3513513513513487,6,6,74.0,74.0,73.0,73.0,-1.3513513513513487,-1.3513513513513487
timing,BenchmarkSharingFull/small,C/R,allocs/op,73.0,73.0,0.0,0.0,6,6,73.0,73.0,73.0,73.0,0.0,0.0
timing,BenchmarkSharingFull/small,A/C,allocs/op,74.0,73.0,-1.0,-1.3513513513513487,6,6,74.0,74.0,73.0,73.0,-1.3513513513513487,-1.3513513513513487
timing,BenchmarkSharingFull/small,A/R,ns/op,9400.5,8878.0,-522.5,-5.558214988564436,6,6,9141.0,9594.0,8847.0,9418.0,-7.372934532524578,-0.6763390422166449
timing,BenchmarkSharingFull/small,C/R,ns/op,9045.5,8878.0,-167.5,-1.8517494886960417,6,6,8906.0,9389.0,8847.0,9418.0,-4.160805107672328,2.2344486862789115
timing,BenchmarkSharingFull/small,A/C,ns/op,9400.5,9045.5,-355.0,-3.7763948726131535,6,6,9141.0,9594.0,8906.0,9389.0,-6.0555439548966365,-0.04922874958975809
timing,BenchmarkSharingNative/deep,A/R,B/op,11504.0,8496.0,-3008.0,-26.14742698191933,6,6,11504.0,11504.0,8496.0,8496.0,-26.14742698191933,-26.14742698191933
timing,BenchmarkSharingNative/deep,C/R,B/op,8496.0,8496.0,0.0,0.0,6,6,8496.0,8496.0,8496.0,8496.0,0.0,0.0
timing,BenchmarkSharingNative/deep,A/C,B/op,11504.0,8496.0,-3008.0,-26.14742698191933,6,6,11504.0,11504.0,8496.0,8496.0,-26.14742698191933,-26.14742698191933
timing,BenchmarkSharingNative/deep,A/R,allocs/op,22.0,21.0,-1.0,-4.545454545454541,6,6,22.0,22.0,21.0,21.0,-4.545454545454541,-4.545454545454541
timing,BenchmarkSharingNative/deep,C/R,allocs/op,21.0,21.0,0.0,0.0,6,6,21.0,21.0,21.0,21.0,0.0,0.0
timing,BenchmarkSharingNative/deep,A/C,allocs/op,22.0,21.0,-1.0,-4.545454545454541,6,6,22.0,22.0,21.0,21.0,-4.545454545454541,-4.545454545454541
timing,BenchmarkSharingNative/deep,A/R,ns/op,12734.0,9410.0,-3324.0,-26.103345374587718,6,6,12435.0,13183.0,8992.0,10573.0,-29.234678164459503,-20.53081386231771
timing,BenchmarkSharingNative/deep,C/R,ns/op,9357.5,9410.0,52.5,0.5610472882714435,6,6,9044.0,9693.0,8992.0,10573.0,-2.8586695164306675,8.517130620985004
timing,BenchmarkSharingNative/deep,A/C,ns/op,12734.0,9357.5,-3376.5,-26.51562745406,6,6,12435.0,13183.0,9044.0,9693.0,-29.37984792327385,-24.945029056070368
timing,BenchmarkSharingNative/fallback,A/R,B/op,8248.0,8504.0,256.0,3.1037827352085268,6,6,8248.0,8248.0,8504.0,8504.0,3.1037827352085268,3.1037827352085268
timing,BenchmarkSharingNative/fallback,C/R,B/op,8504.0,8504.0,0.0,0.0,6,6,8504.0,8504.0,8504.0,8504.0,0.0,0.0
timing,BenchmarkSharingNative/fallback,A/C,B/op,8248.0,8504.0,256.0,3.1037827352085268,6,6,8248.0,8248.0,8504.0,8504.0,3.1037827352085268,3.1037827352085268
timing,BenchmarkSharingNative/fallback,A/R,allocs/op,21.0,21.0,0.0,0.0,6,6,21.0,21.0,21.0,21.0,0.0,0.0
timing,BenchmarkSharingNative/fallback,C/R,allocs/op,21.0,21.0,0.0,0.0,6,6,21.0,21.0,21.0,21.0,0.0,0.0
timing,BenchmarkSharingNative/fallback,A/C,allocs/op,21.0,21.0,0.0,0.0,6,6,21.0,21.0,21.0,21.0,0.0,0.0
timing,BenchmarkSharingNative/fallback,A/R,ns/op,8625.5,8942.0,316.5,3.6693525013042683,6,6,8517.0,8850.0,8629.0,10312.0,-0.4708314193844765,12.725462637620044
timing,BenchmarkSharingNative/fallback,C/R,ns/op,8737.0,8942.0,205.0,2.3463431383770272,6,6,8556.0,10452.0,8629.0,10312.0,-8.801631820499745,10.65846931739829
timing,BenchmarkSharingNative/fallback,A/C,ns/op,8625.5,8737.0,111.5,1.2926786852936134,6,6,8517.0,8850.0,8556.0,10452.0,-2.0000000000000018,13.674569590168684
timing,BenchmarkSharingNative/join,A/R,B/op,10152.0,7936.0,-2216.0,-21.828211189913315,6,6,10152.0,10152.0,7936.0,7936.0,-21.828211189913315,-21.828211189913315
timing,BenchmarkSharingNative/join,C/R,B/op,7936.0,7936.0,0.0,0.0,6,6,7936.0,7936.0,7936.0,7936.0,0.0,0.0
timing,BenchmarkSharingNative/join,A/C,B/op,10152.0,7936.0,-2216.0,-21.828211189913315,6,6,10152.0,10152.0,7936.0,7936.0,-21.828211189913315,-21.828211189913315
timing,BenchmarkSharingNative/join,A/R,allocs/op,26.0,21.0,-5.0,-19.23076923076923,6,6,26.0,26.0,21.0,21.0,-19.23076923076923,-19.23076923076923
timing,BenchmarkSharingNative/join,C/R,allocs/op,21.0,21.0,0.0,0.0,6,6,21.0,21.0,21.0,21.0,0.0,0.0
timing,BenchmarkSharingNative/join,A/C,allocs/op,26.0,21.0,-5.0,-19.23076923076923,6,6,26.0,26.0,21.0,21.0,-19.23076923076923,-19.23076923076923
timing,BenchmarkSharingNative/join,A/R,ns/op,9848.0,9193.5,-654.5,-6.646019496344435,6,6,9598.0,10192.0,8819.0,10210.0,-11.14894877109861,-0.1230643010973198
timing,BenchmarkSharingNative/join,C/R,ns/op,9014.5,9193.5,179.0,1.98568972211437,6,6,8730.0,9192.0,8819.0,10210.0,-2.4165202108963113,8.925176154792535
timing,BenchmarkSharingNative/join,A/C,ns/op,9848.0,9014.5,-833.5,-8.463647441104794,6,6,9598.0,10192.0,8730.0,9192.0,-12.011021994784233,-5.539964660638185
timing,BenchmarkSharingNative/large,A/R,B/op,228544.0,9416.0,-219128.0,-95.88000560067208,6,6,228544.0,228544.0,9416.0,9416.0,-95.88000560067208,-95.88000560067208
timing,BenchmarkSharingNative/large,C/R,B/op,9416.0,9416.0,0.0,0.0,6,6,9416.0,9416.0,9416.0,9416.0,0.0,0.0
timing,BenchmarkSharingNative/large,A/C,B/op,228544.0,9416.0,-219128.0,-95.88000560067208,6,6,228544.0,228544.0,9416.0,9416.0,-95.88000560067208,-95.88000560067208
timing,BenchmarkSharingNative/large,A/R,allocs/op,24.0,18.0,-6.0,-25.0,6,6,24.0,24.0,18.0,18.0,-25.0,-25.0
timing,BenchmarkSharingNative/large,C/R,allocs/op,18.0,18.0,0.0,0.0,6,6,18.0,18.0,18.0,18.0,0.0,0.0
timing,BenchmarkSharingNative/large,A/C,allocs/op,24.0,18.0,-6.0,-25.0,6,6,24.0,24.0,18.0,18.0,-25.0,-25.0
timing,BenchmarkSharingNative/large,A/R,ns/op,189835.5,124469.0,-65366.5,-34.43323298329343,6,6,187800.0,192716.0,122543.0,127517.0,-35.28723704812676,-32.799442345318155
timing,BenchmarkSharingNative/large,C/R,ns/op,124307.0,124469.0,162.0,0.1303225079842596,6,6,123550.0,128274.0,122543.0,127517.0,-1.7048783191095263,2.583656458335004
timing,BenchmarkSharingNative/large,A/C,ns/op,189835.5,124307.0,-65528.5,-34.51857002510068,6,6,187800.0,192716.0,123550.0,128274.0,-35.169471587433534,-33.45317393216759
timing,BenchmarkSharingNative/large_then_small,A/R,B/op,275320.0,56192.0,-219128.0,-79.59029492953654,6,6,275320.0,275320.0,56192.0,56192.0,-79.59029492953654,-79.59029492953654
timing,BenchmarkSharingNative/large_then_small,C/R,B/op,56192.0,56192.0,0.0,0.0,6,6,56192.0,56192.0,56192.0,56192.0,0.0,0.0
timing,BenchmarkSharingNative/large_then_small,A/C,B/op,275320.0,56192.0,-219128.0,-79.59029492953654,6,6,275320.0,275320.0,56192.0,56192.0,-79.59029492953654,-79.59029492953654
timing,BenchmarkSharingNative/large_then_small,A/R,allocs/op,30.0,24.0,-6.0,-19.999999999999996,6,6,30.0,30.0,24.0,24.0,-19.999999999999996,-19.999999999999996
timing,BenchmarkSharingNative/large_then_small,C/R,allocs/op,24.0,24.0,0.0,0.0,6,6,24.0,24.0,24.0,24.0,0.0,0.0
timing,BenchmarkSharingNative/large_then_small,A/C,allocs/op,30.0,24.0,-6.0,-19.999999999999996,6,6,30.0,30.0,24.0,24.0,-19.999999999999996,-19.999999999999996
timing,BenchmarkSharingNative/large_then_small,A/R,ns/op,779581.5,636243.5,-143338.0,-18.386531748123836,6,6,772519.0,783677.0,629511.0,653218.0,-19.0633639477061,-16.77650123816432
timing,BenchmarkSharingNative/large_then_small,C/R,ns/op,641611.0,636243.5,-5367.5,-0.8365660813171805,6,6,623672.0,643847.0,629511.0,653218.0,-1.618481117720294,1.6614836297564661
timing,BenchmarkSharingNative/large_then_small,A/C,ns/op,779581.5,641611.0,-137970.5,-17.698021310151667,6,6,772519.0,783677.0,623672.0,643847.0,-19.259144320153474,-17.101294283634306
timing,BenchmarkSharingNative/locals,A/R,B/op,29192.0,14160.0,-15032.0,-51.49355987941902,6,6,29192.0,29192.0,14160.0,14160.0,-51.49355987941902,-51.49355987941902
timing,BenchmarkSharingNative/locals,C/R,B/op,14160.0,14160.0,0.0,0.0,6,6,14160.0,14160.0,14160.0,14160.0,0.0,0.0
timing,BenchmarkSharingNative/locals,A/C,B/op,29192.0,14160.0,-15032.0,-51.49355987941902,6,6,29192.0,29192.0,14160.0,14160.0,-51.49355987941902,-51.49355987941902
timing,BenchmarkSharingNative/locals,A/R,allocs/op,21.0,22.0,1.0,4.761904761904767,6,6,21.0,21.0,22.0,22.0,4.761904761904767,4.761904761904767
timing,BenchmarkSharingNative/locals,C/R,allocs/op,22.0,22.0,0.0,0.0,6,6,22.0,22.0,22.0,22.0,0.0,0.0
timing,BenchmarkSharingNative/locals,A/C,allocs/op,21.0,22.0,1.0,4.761904761904767,6,6,21.0,21.0,22.0,22.0,4.761904761904767,4.761904761904767
timing,BenchmarkSharingNative/locals,A/R,ns/op,32884.5,18094.5,-14790.0,-44.97559640560142,6,6,32194.0,33233.0,17684.0,18137.0,-46.02658070010036,-44.29949909345133
timing,BenchmarkSharingNative/locals,C/R,ns/op,18134.0,18094.5,-39.5,-0.2178228741590349,6,6,17757.0,18333.0,17684.0,18137.0,-2.43234359592418,1.1298331752496837
timing,BenchmarkSharingNative/locals,A/C,ns/op,32884.5,18134.0,-14750.5,-44.8554790250726,6,6,32194.0,33233.0,17757.0,18333.0,-45.559200534596926,-44.01451213700442
timing,BenchmarkSharingNative/many,A/R,B/op,50600.0,49888.0,-712.0,-1.407114624505934,6,6,50600.0,50600.0,49888.0,49888.0,-1.407114624505934,-1.407114624505934
timing,BenchmarkSharingNative/many,C/R,B/op,49888.0,49888.0,0.0,0.0,6,6,49888.0,49888.0,49888.0,49888.0,0.0,0.0
timing,BenchmarkSharingNative/many,A/C,B/op,50600.0,49888.0,-712.0,-1.407114624505934,6,6,50600.0,50600.0,49888.0,49888.0,-1.407114624505934,-1.407114624505934
timing,BenchmarkSharingNative/many,A/R,allocs/op,24.0,23.0,-1.0,-4.1666666666666625,6,6,24.0,24.0,23.0,23.0,-4.1666666666666625,-4.1666666666666625
timing,BenchmarkSharingNative/many,C/R,allocs/op,23.0,23.0,0.0,0.0,6,6,23.0,23.0,23.0,23.0,0.0,0.0
timing,BenchmarkSharingNative/many,A/C,allocs/op,24.0,23.0,-1.0,-4.1666666666666625,6,6,24.0,24.0,23.0,23.0,-4.1666666666666625,-4.1666666666666625
timing,BenchmarkSharingNative/many,A/R,ns/op,538593.5,528109.5,-10484.0,-1.9465515272649947,6,6,525323.0,560351.0,524230.0,536748.0,-4.302895837791909,-0.23447331443501307
timing,BenchmarkSharingNative/many,C/R,ns/op,524173.0,528109.5,3936.5,0.750992515829707,6,6,505991.0,532942.0,524230.0,536748.0,-0.5985437318072329,3.0376136129730336
timing,BenchmarkSharingNative/many,A/C,ns/op,538593.5,524173.0,-14420.5,-2.6774366939073757,6,6,525323.0,560351.0,505991.0,532942.0,-5.915310225198134,-0.8300148415118391
timing,BenchmarkSharingNative/pressure,A/R,B/op,19488.0,10072.0,-9416.0,-48.31691297208539,6,6,19488.0,19488.0,10072.0,10072.0,-48.31691297208539,-48.31691297208539
timing,BenchmarkSharingNative/pressure,C/R,B/op,10072.0,10072.0,0.0,0.0,6,6,10072.0,10072.0,10072.0,10072.0,0.0,0.0
timing,BenchmarkSharingNative/pressure,A/C,B/op,19488.0,10072.0,-9416.0,-48.31691297208539,6,6,19488.0,19488.0,10072.0,10072.0,-48.31691297208539,-48.31691297208539
timing,BenchmarkSharingNative/pressure,A/R,allocs/op,18.0,23.0,5.0,27.777777777777768,6,6,18.0,18.0,23.0,23.0,27.777777777777768,27.777777777777768
timing,BenchmarkSharingNative/pressure,C/R,allocs/op,23.0,23.0,0.0,0.0,6,6,23.0,23.0,23.0,23.0,0.0,0.0
timing,BenchmarkSharingNative/pressure,A/C,allocs/op,18.0,23.0,5.0,27.777777777777768,6,6,18.0,18.0,23.0,23.0,27.777777777777768,27.777777777777768
timing,BenchmarkSharingNative/pressure,A/R,ns/op,25006.0,18377.5,-6628.5,-26.507638166839953,6,6,24873.0,25504.0,17841.0,19552.0,-28.338586761361373,-23.446372870511077
timing,BenchmarkSharingNative/pressure,C/R,ns/op,17961.5,18377.5,416.0,2.3160649166272362,6,6,17559.0,18697.0,17841.0,19552.0,-0.8747723384292749,6.617626492881712
timing,BenchmarkSharingNative/pressure,A/C,ns/op,25006.0,17961.5,-7044.5,-28.171238902663365,6,6,24873.0,25504.0,17559.0,18697.0,-29.46760462048843,-26.38566743981444
timing,BenchmarkSharingNative/small,A/R,B/op,8248.0,7536.0,-712.0,-8.632395732298736,6,6,8248.0,8248.0,7536.0,7536.0,-8.632395732298736,-8.632395732298736
timing,BenchmarkSharingNative/small,C/R,B/op,7536.0,7536.0,0.0,0.0,6,6,7536.0,7536.0,7536.0,7536.0,0.0,0.0
timing,BenchmarkSharingNative/small,A/C,B/op,8248.0,7536.0,-712.0,-8.632395732298736,6,6,8248.0,8248.0,7536.0,7536.0,-8.632395732298736,-8.632395732298736
timing,BenchmarkSharingNative/small,A/R,allocs/op,21.0,20.0,-1.0,-4.761904761904767,6,6,21.0,21.0,20.0,20.0,-4.761904761904767,-4.761904761904767
timing,BenchmarkSharingNative/small,C/R,allocs/op,20.0,20.0,0.0,0.0,6,6,20.0,20.0,20.0,20.0,0.0,0.0
timing,BenchmarkSharingNative/small,A/C,allocs/op,21.0,20.0,-1.0,-4.761904761904767,6,6,21.0,21.0,20.0,20.0,-4.761904761904767,-4.761904761904767
timing,BenchmarkSharingNative/small,A/R,ns/op,8682.5,8445.5,-237.0,-2.729628563201847,6,6,8459.0,8982.0,8212.0,9575.0,-5.801526717557248,4.8025860078503735
timing,BenchmarkSharingNative/small,C/R,ns/op,8362.0,8445.5,83.5,0.9985649366180294,6,6,8196.0,8583.0,8212.0,9575.0,-2.671710604090316,8.914217156568682
timing,BenchmarkSharingNative/small,A/C,ns/op,8682.5,8362.0,-320.5,-3.6913331413763295,6,6,8459.0,8982.0,8196.0,8583.0,-6.456388066499663,-0.6675567423230944
timing,BenchmarkSharingZeroLocals/1,A/R,B/op,8216.0,7416.0,-800.0,-9.737098344693285,6,6,8216.0,8216.0,7416.0,7416.0,-9.737098344693285,-9.737098344693285
timing,BenchmarkSharingZeroLocals/1,C/R,B/op,7416.0,7416.0,0.0,0.0,6,6,7416.0,7416.0,7416.0,7416.0,0.0,0.0
timing,BenchmarkSharingZeroLocals/1,A/C,B/op,8216.0,7416.0,-800.0,-9.737098344693285,6,6,8216.0,8216.0,7416.0,7416.0,-9.737098344693285,-9.737098344693285
timing,BenchmarkSharingZeroLocals/1,A/R,allocs/op,20.0,20.0,0.0,0.0,6,6,20.0,20.0,20.0,20.0,0.0,0.0
timing,BenchmarkSharingZeroLocals/1,C/R,allocs/op,20.0,20.0,0.0,0.0,6,6,20.0,20.0,20.0,20.0,0.0,0.0
timing,BenchmarkSharingZeroLocals/1,A/C,allocs/op,20.0,20.0,0.0,0.0,6,6,20.0,20.0,20.0,20.0,0.0,0.0
timing,BenchmarkSharingZeroLocals/1,A/R,ns/op,9385.0,9393.0,8.0,0.08524240809801853,6,6,8603.0,10409.0,8518.0,9661.0,-15.484317799544867,11.337108517277251
timing,BenchmarkSharingZeroLocals/1,C/R,ns/op,9717.5,9393.0,-324.5,-3.3393362490352407,6,6,8221.0,10046.0,8518.0,9661.0,-13.409806111054712,6.5921096998988515
timing,BenchmarkSharingZeroLocals/1,A/C,ns/op,9385.0,9717.5,332.5,3.542887586574328,6,6,8603.0,10409.0,8221.0,10046.0,-7.978672302814871,14.503640355945912
timing,BenchmarkSharingZeroLocals/256,A/R,B/op,14569.0,11976.0,-2593.0,-17.798064383279566,6,6,14569.0,14569.0,11976.0,11976.0,-17.798064383279566,-17.798064383279566
timing,BenchmarkSharingZeroLocals/256,C/R,B/op,11976.0,11976.0,0.0,0.0,6,6,11976.0,11976.0,11976.0,11976.0,0.0,0.0
timing,BenchmarkSharingZeroLocals/256,A/C,B/op,14569.0,11976.0,-2593.0,-17.798064383279566,6,6,14569.0,14569.0,11976.0,11976.0,-17.798064383279566,-17.798064383279566
timing,BenchmarkSharingZeroLocals/256,A/R,allocs/op,16.0,17.0,1.0,6.25,6,6,16.0,16.0,17.0,17.0,6.25,6.25
timing,BenchmarkSharingZeroLocals/256,C/R,allocs/op,17.0,17.0,0.0,0.0,6,6,17.0,17.0,17.0,17.0,0.0,0.0
timing,BenchmarkSharingZeroLocals/256,A/C,allocs/op,16.0,17.0,1.0,6.25,6,6,16.0,16.0,17.0,17.0,6.25,6.25
timing,BenchmarkSharingZeroLocals/256,A/R,ns/op,14642.0,12351.5,-2290.5,-15.64335473295998,6,6,13575.0,15725.0,11083.0,12960.0,-25.18954801340666,-7.6917523912651165
timing,BenchmarkSharingZeroLocals/256,C/R,ns/op,12403.5,12351.5,-52.0,-0.4192365058249714,6,6,11107.0,12909.0,11083.0,12960.0,-9.732855513927351,6.725534742166395
timing,BenchmarkSharingZeroLocals/256,A/C,ns/op,14642.0,12403.5,-2238.5,-15.28821199289715,6,6,13575.0,15725.0,11107.0,12909.0,-22.09856915739269,-7.3524634542501355
timing,BenchmarkSharingZeroLocals/64,A/R,B/op,9064.0,8520.0,-544.0,-6.001765225066191,6,6,9064.0,9064.0,8520.0,8520.0,-6.001765225066191,-6.001765225066191
timing,BenchmarkSharingZeroLocals/64,C/R,B/op,8520.0,8520.0,0.0,0.0,6,6,8520.0,8520.0,8520.0,8520.0,0.0,0.0
timing,BenchmarkSharingZeroLocals/64,A/C,B/op,9064.0,8520.0,-544.0,-6.001765225066191,6,6,9064.0,9064.0,8520.0,8520.0,-6.001765225066191,-6.001765225066191
timing,BenchmarkSharingZeroLocals/64,A/R,allocs/op,19.0,17.0,-2.0,-10.526315789473683,6,6,19.0,19.0,17.0,17.0,-10.526315789473683,-10.526315789473683
timing,BenchmarkSharingZeroLocals/64,C/R,allocs/op,17.0,17.0,0.0,0.0,6,6,17.0,17.0,17.0,17.0,0.0,0.0
timing,BenchmarkSharingZeroLocals/64,A/C,allocs/op,19.0,17.0,-2.0,-10.526315789473683,6,6,19.0,19.0,17.0,17.0,-10.526315789473683,-10.526315789473683
timing,BenchmarkSharingZeroLocals/64,A/R,ns/op,11169.5,10384.0,-785.5,-7.032543981377859,6,6,10371.0,11784.0,8970.0,10679.0,-21.424558067165144,0.1476612365437724
timing,BenchmarkSharingZeroLocals/64,C/R,ns/op,10044.5,10384.0,339.5,3.3799591816416896,6,6,9190.0,10731.0,8970.0,10679.0,-11.074153785951868,9.064296915838987
timing,BenchmarkSharingZeroLocals/64,A/C,ns/op,11169.5,10044.5,-1125.0,-10.072071265499794,6,6,10371.0,11784.0,9190.0,10731.0,-15.7962250320689,-2.579281183932347
timing,BenchmarkSharingZeroLocals/8,A/R,B/op,8360.0,7544.0,-816.0,-9.760765550239237,6,6,8360.0,8360.0,7544.0,7544.0,-9.760765550239237,-9.760765550239237
timing,BenchmarkSharingZeroLocals/8,C/R,B/op,7544.0,7544.0,0.0,0.0,6,6,7544.0,7544.0,7544.0,7544.0,0.0,0.0
timing,BenchmarkSharingZeroLocals/8,A/C,B/op,8360.0,7544.0,-816.0,-9.760765550239237,6,6,8360.0,8360.0,7544.0,7544.0,-9.760765550239237,-9.760765550239237
timing,BenchmarkSharingZeroLocals/8,A/R,allocs/op,22.0,20.0,-2.0,-9.090909090909093,6,6,22.0,22.0,20.0,20.0,-9.090909090909093,-9.090909090909093
timing,BenchmarkSharingZeroLocals/8,C/R,allocs/op,20.0,20.0,0.0,0.0,6,6,20.0,20.0,20.0,20.0,0.0,0.0
timing,BenchmarkSharingZeroLocals/8,A/C,allocs/op,22.0,20.0,-2.0,-9.090909090909093,6,6,22.0,22.0,20.0,20.0,-9.090909090909093,-9.090909090909093
timing,BenchmarkSharingZeroLocals/8,A/R,ns/op,9408.5,9683.5,275.0,2.9228888770792327,6,6,8719.0,10407.0,8232.0,9924.0,-16.47524951100857,10.697882827377626
timing,BenchmarkSharingZeroLocals/8,C/R,ns/op,9594.0,9683.5,89.5,0.9328747133625193,6,6,8303.0,11563.0,8232.0,9924.0,-15.97856596070426,8.565502550591408
timing,BenchmarkSharingZeroLocals/8,A/C,ns/op,9408.5,9594.0,185.5,1.9716214061752613,6,6,8719.0,10407.0,8303.0,11563.0,-8.36936677236475,15.102475379291992
workers,BenchmarkCompileFullWorkers/json-as/auto,A/R,B/op,647640.0,648418.0,778.0,0.12012846643196795,6,6,646823.0,651307.0,648317.0,652000.0,-0.18703083545827948,0.5063604185665538
workers,BenchmarkCompileFullWorkers/json-as/auto,C/R,B/op,648027.0,648418.0,391.0,0.06033699213150445,6,6,647279.0,649719.0,648317.0,652000.0,-0.1394673287578363,0.468455624013453
workers,BenchmarkCompileFullWorkers/json-as/auto,A/C,B/op,647640.0,648027.0,387.0,0.059755419677598454,6,6,646823.0,651307.0,647279.0,649719.0,-0.24706295256391453,0.32496179419705395
workers,BenchmarkCompileFullWorkers/json-as/auto,A/R,allocs/op,672.0,671.5,-0.5,-0.07440476190476719,6,6,667.0,673.0,670.0,673.0,-0.4457652303120341,0.6741573033707926
workers,BenchmarkCompileFullWorkers/json-as/auto,C/R,allocs/op,672.5,671.5,-1.0,-0.14869888475836923,6,6,669.0,674.0,670.0,673.0,-0.4457652303120341,0.22354694485842153
workers,BenchmarkCompileFullWorkers/json-as/auto,A/C,allocs/op,672.0,672.5,0.5,0.07440476190476719,6,6,667.0,673.0,669.0,674.0,-0.22321428571429047,0.7490636704119868
workers,BenchmarkCompileFullWorkers/json-as/auto,A/R,ns/op,969212.0,969575.0,363.0,0.03745310623475273,6,6,934806.0,1044880.0,956410.0,983816.0,-4.68948587957736,2.946891157753684
workers,BenchmarkCompileFullWorkers/json-as/auto,C/R,ns/op,974406.0,969575.0,-4831.0,-0.4957892295408661,6,6,954190.0,998598.0,956410.0,983816.0,-2.9063747373818116,1.5910649230489682
workers,BenchmarkCompileFullWorkers/json-as/auto,A/C,ns/op,969212.0,974406.0,5194.0,0.5358992666207207,6,6,934806.0,1044880.0,954190.0,998598.0,-4.3230148473962675,4.007306411040146
workers,BenchmarkCompileFullWorkers/json-as/p1,A/R,B/op,309585.5,309838.5,253.0,0.08172217368060952,6,6,309582.0,309595.0,309834.0,309846.0,0.07962194917114918,0.08366038406253384
workers,BenchmarkCompileFullWorkers/json-as/p1,C/R,B/op,309837.5,309838.5,1.0,0.00032274982852964484,6,6,309833.0,309839.0,309834.0,309846.0,-0.0011296207540367753,0.0020978738854982026
workers,BenchmarkCompileFullWorkers/json-as/p1,A/C,B/op,309585.5,309837.5,252.0,0.08139916113643064,6,6,309582.0,309595.0,309833.0,309839.0,0.07962104902750067,0.08253037149972275
workers,BenchmarkCompileFullWorkers/json-as/p1,A/R,allocs/op,398.0,398.0,0.0,0.0,6,6,398.0,398.0,398.0,398.0,0.0,0.0
workers,BenchmarkCompileFullWorkers/json-as/p1,C/R,allocs/op,398.0,398.0,0.0,0.0,6,6,398.0,398.0,398.0,398.0,0.0,0.0
workers,BenchmarkCompileFullWorkers/json-as/p1,A/C,allocs/op,398.0,398.0,0.0,0.0,6,6,398.0,398.0,398.0,398.0,0.0,0.0
workers,BenchmarkCompileFullWorkers/json-as/p1,A/R,ns/op,1359732.5,1382745.0,23012.5,1.6924284739829432,6,6,1334224.0,1381259.0,1334420.0,1399777.0,-0.589086456343435,2.9539216540241497
workers,BenchmarkCompileFullWorkers/json-as/p1,C/R,ns/op,1378283.0,1382745.0,4462.0,0.3237361267606209,6,6,1349665.0,1391083.0,1334420.0,1399777.0,-1.9671870773189437,2.6746213520502327
workers,BenchmarkCompileFullWorkers/json-as/p1,A/C,ns/op,1359732.5,1378283.0,18550.5,1.3642756939324485,6,6,1334224.0,1381259.0,1349665.0,1391083.0,-0.7981225302598705,2.5561173999920417
workers,BenchmarkCompileFullWorkers/many_funcs/auto,A/R,B/op,288924.0,241066.5,-47857.5,-16.564044523819412,6,6,288703.0,289039.0,240963.0,241304.0,-16.626300930026574,-16.450765091468167
workers,BenchmarkCompileFullWorkers/many_funcs/auto,C/R,B/op,241062.0,241066.5,4.5,0.0018667396769256328,6,6,240965.0,241472.0,240963.0,241304.0,-0.10674725566278687,0.10205986682432222
workers,BenchmarkCompileFullWorkers/many_funcs/auto,A/C,B/op,288924.0,241062.0,-47862.0,-16.565602026830582,6,6,288703.0,289039.0,240965.0,241472.0,-16.616698873259416,-16.453189006506484
workers,BenchmarkCompileFullWorkers/many_funcs/auto,A/R,allocs/op,145.0,149.0,4.0,2.758620689655178,6,6,145.0,145.0,149.0,149.0,2.758620689655178,2.758620689655178
workers,BenchmarkCompileFullWorkers/many_funcs/auto,C/R,allocs/op,149.0,149.0,0.0,0.0,6,6,149.0,149.0,149.0,149.0,0.0,0.0
workers,BenchmarkCompileFullWorkers/many_funcs/auto,A/C,allocs/op,145.0,149.0,4.0,2.758620689655178,6,6,145.0,145.0,149.0,149.0,2.758620689655178,2.758620689655178
workers,BenchmarkCompileFullWorkers/many_funcs/auto,A/R,ns/op,344996.0,333723.0,-11273.0,-3.267574116801353,6,6,336495.0,354809.0,329084.0,336749.0,-5.660666085736754,-1.4045677046213734
workers,BenchmarkCompileFullWorkers/many_funcs/auto,C/R,ns/op,332373.0,333723.0,1350.0,0.40617017627786467,6,6,329801.0,357399.0,329084.0,336749.0,-4.018386971649557,1.668976302831049
workers,BenchmarkCompileFullWorkers/many_funcs/auto,A/C,ns/op,344996.0,332373.0,-12623.0,-3.658883001542046,6,6,336495.0,354809.0,329801.0,357399.0,-5.825516588974111,0.7658059803592021
workers,BenchmarkCompileFullWorkers/many_funcs/p1,A/R,B/op,179221.5,179632.0,410.5,0.22904618028529722,6,6,179221.0,179226.0,179629.0,179633.0,0.22708885479145735,0.2293258044537172
workers,BenchmarkCompileFullWorkers/many_funcs/p1,C/R,B/op,179631.0,179632.0,1.0,0.0005566967839598647,6,6,179628.0,179635.0,179629.0,179633.0,-0.0005566905858067628,0.0016701089467829888
workers,BenchmarkCompileFullWorkers/many_funcs/p1,A/C,B/op,179221.5,179631.0,409.5,0.22848821151479903,6,6,179221.0,179226.0,179628.0,179635.0,0.22653089691728745,0.22988377478085908
workers,BenchmarkCompileFullWorkers/many_funcs/p1,A/R,allocs/op,84.0,88.0,4.0,4.761904761904767,6,6,84.0,84.0,88.0,88.0,4.761904761904767,4.761904761904767
workers,BenchmarkCompileFullWorkers/many_funcs/p1,C/R,allocs/op,88.0,88.0,0.0,0.0,6,6,88.0,88.0,88.0,88.0,0.0,0.0
workers,BenchmarkCompileFullWorkers/many_funcs/p1,A/C,allocs/op,84.0,88.0,4.0,4.761904761904767,6,6,84.0,84.0,88.0,88.0,4.761904761904767,4.761904761904767
workers,BenchmarkCompileFullWorkers/many_funcs/p1,A/R,ns/op,401442.0,424645.5,23203.5,5.780037963142859,6,6,392743.0,419807.0,419900.0,434818.0,2.747072608031309,8.069290333676893
workers,BenchmarkCompileFullWorkers/many_funcs/p1,C/R,ns/op,423724.5,424645.5,921.0,0.2173582127066087,6,6,417925.0,442950.0,419900.0,434818.0,-2.765021804414003,3.0259048340834704
workers,BenchmarkCompileFullWorkers/many_funcs/p1,A/C,ns/op,401442.0,423724.5,22282.5,5.550615032806738,6,6,392743.0,419807.0,417925.0,442950.0,2.5010803079638544,8.788691766182911
workers,BenchmarkCompileFullWorkers/tiny/auto,A/R,B/op,18276.0,18612.0,336.0,1.8384766907419525,6,6,18276.0,18276.0,18612.0,18612.0,1.8384766907419525,1.8384766907419525
workers,BenchmarkCompileFullWorkers/tiny/auto,C/R,B/op,18612.0,18612.0,0.0,0.0,6,6,18612.0,18612.0,18612.0,18612.0,0.0,0.0
workers,BenchmarkCompileFullWorkers/tiny/auto,A/C,B/op,18276.0,18612.0,336.0,1.8384766907419525,6,6,18276.0,18276.0,18612.0,18612.0,1.8384766907419525,1.8384766907419525
workers,BenchmarkCompileFullWorkers/tiny/auto,A/R,allocs/op,90.0,92.0,2.0,2.2222222222222143,6,6,90.0,90.0,92.0,92.0,2.2222222222222143,2.2222222222222143
workers,BenchmarkCompileFullWorkers/tiny/auto,C/R,allocs/op,92.0,92.0,0.0,0.0,6,6,92.0,92.0,92.0,92.0,0.0,0.0
workers,BenchmarkCompileFullWorkers/tiny/auto,A/C,allocs/op,90.0,92.0,2.0,2.2222222222222143,6,6,90.0,90.0,92.0,92.0,2.2222222222222143,2.2222222222222143
workers,BenchmarkCompileFullWorkers/tiny/auto,A/R,ns/op,17984.0,18711.0,727.0,4.042482206405684,6,6,17512.0,18760.0,17562.0,21108.0,-0.7661771645892879,12.600088967971534
workers,BenchmarkCompileFullWorkers/tiny/auto,C/R,ns/op,18118.0,18711.0,593.0,3.272988188541781,6,6,18019.0,20059.0,17562.0,21108.0,-5.76115020503215,10.748869343247968
workers,BenchmarkCompileFullWorkers/tiny/auto,A/C,ns/op,17984.0,18118.0,134.0,0.745106761565828,6,6,17512.0,18760.0,18019.0,20059.0,-1.7949067138771646,9.836521352313166
workers,BenchmarkCompileFullWorkers/tiny/p1,A/R,B/op,18276.0,18612.0,336.0,1.8384766907419525,6,6,18276.0,18276.0,18612.0,18612.0,1.8384766907419525,1.8384766907419525
workers,BenchmarkCompileFullWorkers/tiny/p1,C/R,B/op,18612.0,18612.0,0.0,0.0,6,6,18612.0,18613.0,18612.0,18612.0,-0.002686366689053088,0.0
workers,BenchmarkCompileFullWorkers/tiny/p1,A/C,B/op,18276.0,18612.0,336.0,1.8384766907419525,6,6,18276.0,18276.0,18612.0,18613.0,1.8384766907419525,1.8412125191507922
workers,BenchmarkCompileFullWorkers/tiny/p1,A/R,allocs/op,90.0,92.0,2.0,2.2222222222222143,6,6,90.0,90.0,92.0,92.0,2.2222222222222143,2.2222222222222143
workers,BenchmarkCompileFullWorkers/tiny/p1,C/R,allocs/op,92.0,92.0,0.0,0.0,6,6,92.0,92.0,92.0,92.0,0.0,0.0
workers,BenchmarkCompileFullWorkers/tiny/p1,A/C,allocs/op,90.0,92.0,2.0,2.2222222222222143,6,6,90.0,90.0,92.0,92.0,2.2222222222222143,2.2222222222222143
workers,BenchmarkCompileFullWorkers/tiny/p1,A/R,ns/op,18553.5,18224.5,-329.0,-1.7732503301263858,6,6,18149.0,19170.0,17586.0,20402.0,-4.863149543831813,4.649082382281988
workers,BenchmarkCompileFullWorkers/tiny/p1,C/R,ns/op,18295.5,18224.5,-71.0,-0.38807357000355536,6,6,17974.0,22717.0,17586.0,20402.0,-12.014501510574016,6.120263591433273
workers,BenchmarkCompileFullWorkers/tiny/p1,A/C,ns/op,18553.5,18295.5,-258.0,-1.3905732072115762,6,6,18149.0,19170.0,17974.0,22717.0,-3.2386620260899557,11.528230184581979
