case,version,n,median_ns,min_ns,max_ns,median_B,median_allocs
BenchmarkGCStructCardScanControls/fields=255/ranges=15,baseline,6,3594.5,3566.0,3612.0,0.0,0.0
BenchmarkGCStructCardScanControls/fields=255/ranges=15,optimized,6,3527.0,3461.0,3572.0,0.0,0.0
BenchmarkGCStructCardScanControls/fields=255/ranges=16,baseline,6,3787.5,3705.0,3833.0,0.0,0.0
BenchmarkGCStructCardScanControls/fields=255/ranges=16,optimized,6,3775.5,3722.0,3832.0,0.0,0.0
BenchmarkGCStructCardScanControls/fields=256/ranges=15,baseline,6,3562.0,3485.0,3638.0,0.0,0.0
BenchmarkGCStructCardScanControls/fields=256/ranges=15,optimized,6,3479.5,3463.0,3568.0,0.0,0.0
BenchmarkGCStructCardScanControls/fields=256/ranges=16,baseline,6,3729.5,3693.0,3841.0,0.0,0.0
BenchmarkGCStructCardScanControls/fields=256/ranges=16,optimized,6,1468.5,1452.0,1510.0,0.0,0.0
BenchmarkGCStructCardScanControls/fields=257/ranges=15,baseline,6,3486.5,3415.0,3555.0,0.0,0.0
BenchmarkGCStructCardScanControls/fields=257/ranges=15,optimized,6,3511.0,3425.0,3556.0,0.0,0.0
BenchmarkGCStructCardScanControls/fields=257/ranges=16,baseline,6,3727.5,3652.0,3764.0,0.0,0.0
BenchmarkGCStructCardScanControls/fields=257/ranges=16,optimized,6,1425.5,1403.0,1442.0,0.0,0.0
BenchmarkGCStructCardScanControls/fields=4097/ranges=15,baseline,6,50556.5,49622.0,51964.0,0.0,0.0
BenchmarkGCStructCardScanControls/fields=4097/ranges=15,optimized,6,52109.5,48981.0,53173.0,0.0,0.0
BenchmarkGCStructCardScanControls/fields=4097/ranges=16,baseline,6,53577.0,52377.0,57707.0,0.0,0.0
BenchmarkGCStructCardScanControls/fields=4097/ranges=16,optimized,6,15928.5,15759.0,16161.0,0.0,0.0
BenchmarkGCStructCardScanControls/fields=4097/ranges=32,baseline,6,125465.5,106536.0,182402.0,0.0,0.0
BenchmarkGCStructCardScanControls/fields=4097/ranges=32,optimized,6,20755.0,20555.0,21272.0,0.0,0.0
BenchmarkGCStructCardScanControls/fields=4097/ranges=33,baseline,6,117563.5,111076.0,200767.0,0.0,0.0
BenchmarkGCStructCardScanControls/fields=4097/ranges=33,optimized,6,184731.5,158467.0,214086.0,0.0,0.0
BenchmarkGCStructCardScanControls/array/ranges=1,baseline,6,99.33500000000001,98.88,99.87,0.0,0.0
BenchmarkGCStructCardScanControls/array/ranges=1,optimized,6,99.345,99.13,99.98,0.0,0.0
BenchmarkGCStructCardScanControls/array/ranges=15,baseline,6,1355.5,1340.0,1374.0,0.0,0.0
BenchmarkGCStructCardScanControls/array/ranges=15,optimized,6,1367.0,1352.0,1377.0,0.0,0.0
BenchmarkGCStructCardScanControls/array/ranges=16,baseline,6,1440.0,1429.0,1465.0,0.0,0.0
BenchmarkGCStructCardScanControls/array/ranges=16,optimized,6,1462.5,1452.0,1489.0,0.0,0.0
BenchmarkGCStructCardScanControls/array/ranges=32,baseline,6,2887.0,2883.0,2898.0,0.0,0.0
BenchmarkGCStructCardScanControls/array/ranges=32,optimized,6,2900.5,2871.0,2951.0,0.0,0.0
BenchmarkGCStructCardScanControls/array/ranges=33,baseline,6,2956.5,2943.0,2997.0,0.0,0.0
BenchmarkGCStructCardScanControls/array/ranges=33,optimized,6,2970.0,2956.0,2994.0,0.0,0.0
BenchmarkGCStructCardCollectMinor/moving=false/ranges=15/mixed=false,baseline,6,53718.0,52218.0,54577.0,24.0,1.0
BenchmarkGCStructCardCollectMinor/moving=false/ranges=15/mixed=false,optimized,6,54273.0,53716.0,54805.0,24.0,1.0
BenchmarkGCStructCardCollectMinor/moving=false/ranges=15/mixed=true,baseline,6,56698.0,56468.0,57340.0,59.0,1.0
BenchmarkGCStructCardCollectMinor/moving=false/ranges=15/mixed=true,optimized,6,56790.5,56243.0,57576.0,58.5,1.0
BenchmarkGCStructCardCollectMinor/moving=false/ranges=16/mixed=false,baseline,6,56656.5,55131.0,57236.0,24.0,1.0
BenchmarkGCStructCardCollectMinor/moving=false/ranges=16/mixed=false,optimized,6,16898.0,16319.0,17062.0,24.0,1.0
BenchmarkGCStructCardCollectMinor/moving=false/ranges=16/mixed=true,baseline,6,60206.0,59878.0,60721.0,61.0,1.0
BenchmarkGCStructCardCollectMinor/moving=false/ranges=16/mixed=true,optimized,6,19220.0,18763.0,19458.0,35.0,1.0
BenchmarkGCStructCardCollectMinor/moving=false/ranges=32/mixed=false,baseline,6,208414.0,202308.0,210466.0,25.0,1.0
BenchmarkGCStructCardCollectMinor/moving=false/ranges=32/mixed=false,optimized,6,22973.5,22786.0,23151.0,24.0,1.0
BenchmarkGCStructCardCollectMinor/moving=false/ranges=32/mixed=true,baseline,6,212402.5,197451.0,219227.0,155.0,1.0
BenchmarkGCStructCardCollectMinor/moving=false/ranges=32/mixed=true,optimized,6,25241.0,25053.0,25494.0,39.0,1.0
BenchmarkGCStructCardCollectMinor/moving=false/ranges=33/mixed=false,baseline,6,213453.0,193688.0,221228.0,27.0,1.0
BenchmarkGCStructCardCollectMinor/moving=false/ranges=33/mixed=false,optimized,6,213280.0,211676.0,214963.0,27.0,1.0
BenchmarkGCStructCardCollectMinor/moving=false/ranges=33/mixed=true,baseline,6,222703.0,210004.0,228919.0,160.5,1.0
BenchmarkGCStructCardCollectMinor/moving=false/ranges=33/mixed=true,optimized,6,222315.0,222100.0,228090.0,157.0,1.0
BenchmarkGCStructCardCollectMinor/moving=true/ranges=15/mixed=false,baseline,6,53585.0,52265.0,54545.0,24.0,1.0
BenchmarkGCStructCardCollectMinor/moving=true/ranges=15/mixed=false,optimized,6,54133.5,53691.0,54794.0,24.0,1.0
BenchmarkGCStructCardCollectMinor/moving=true/ranges=15/mixed=true,baseline,6,57094.5,56425.0,57653.0,24.0,1.0
BenchmarkGCStructCardCollectMinor/moving=true/ranges=15/mixed=true,optimized,6,57217.0,56767.0,57585.0,24.0,1.0
BenchmarkGCStructCardCollectMinor/moving=true/ranges=16/mixed=false,baseline,6,56667.0,55923.0,57162.0,24.0,1.0
BenchmarkGCStructCardCollectMinor/moving=true/ranges=16/mixed=false,optimized,6,16878.5,16713.0,16946.0,24.0,1.0
BenchmarkGCStructCardCollectMinor/moving=true/ranges=16/mixed=true,baseline,6,60411.0,59786.0,61265.0,24.0,1.0
BenchmarkGCStructCardCollectMinor/moving=true/ranges=16/mixed=true,optimized,6,19091.0,19028.0,19143.0,24.0,1.0
BenchmarkGCStructCardCollectMinor/moving=true/ranges=32/mixed=false,baseline,6,208766.5,201846.0,211152.0,25.0,1.0
BenchmarkGCStructCardCollectMinor/moving=true/ranges=32/mixed=false,optimized,6,22771.5,22566.0,22928.0,24.0,1.0
BenchmarkGCStructCardCollectMinor/moving=true/ranges=32/mixed=true,baseline,6,218564.0,201618.0,221313.0,27.0,1.0
BenchmarkGCStructCardCollectMinor/moving=true/ranges=32/mixed=true,optimized,6,25013.0,24938.0,25208.0,24.0,1.0
BenchmarkGCStructCardCollectMinor/moving=true/ranges=33/mixed=false,baseline,6,218283.0,217314.0,222277.0,27.0,1.0
BenchmarkGCStructCardCollectMinor/moving=true/ranges=33/mixed=false,optimized,6,214655.5,214185.0,216984.0,27.0,1.0
BenchmarkGCStructCardCollectMinor/moving=true/ranges=33/mixed=true,baseline,6,226718.0,215011.0,229452.0,27.0,1.0
BenchmarkGCStructCardCollectMinor/moving=true/ranges=33/mixed=true,optimized,6,227262.5,225330.0,229804.0,27.0,1.0
BenchmarkGCStructCardScanMixedParent/fields=256/ranges=1,baseline,6,210.85,210.0,213.1,0.0,0.0
BenchmarkGCStructCardScanMixedParent/fields=256/ranges=1,optimized,6,211.5,210.8,212.1,0.0,0.0
BenchmarkGCStructCardScanMixedParent/fields=256/ranges=2,baseline,6,458.15,449.1,465.1,0.0,0.0
BenchmarkGCStructCardScanMixedParent/fields=256/ranges=2,optimized,6,457.6,452.2,470.4,0.0,0.0
BenchmarkGCStructCardScanMixedParent/fields=8192/ranges=1,baseline,6,3776.0,3755.0,3816.0,0.0,0.0
BenchmarkGCStructCardScanMixedParent/fields=8192/ranges=1,optimized,6,3789.0,3761.0,3811.0,0.0,0.0
BenchmarkGCStructCardScanMixedParent/fields=8192/ranges=2,baseline,6,8999.0,8811.0,9111.0,0.0,0.0
BenchmarkGCStructCardScanMixedParent/fields=8192/ranges=2,optimized,6,8901.0,8694.0,9109.0,0.0,0.0
BenchmarkGCStructCardScanMixedParent/fields=8192/ranges=8,baseline,6,35955.5,35346.0,36252.0,0.0,0.0
BenchmarkGCStructCardScanMixedParent/fields=8192/ranges=8,optimized,6,35441.5,34907.0,36474.0,0.0,0.0
BenchmarkGCStructCardScanMixedParent/fields=8192/ranges=15,baseline,6,67628.5,63841.0,69162.0,0.0,0.0
BenchmarkGCStructCardScanMixedParent/fields=8192/ranges=15,optimized,6,65679.5,64255.0,68433.0,0.0,0.0
BenchmarkGCStructCardScan/fields=8/ranges=1/unordered=false,baseline,6,45.315,45.12,45.99,0.0,0.0
BenchmarkGCStructCardScan/fields=8/ranges=1/unordered=false,optimized,6,45.655,45.3,46.18,0.0,0.0
BenchmarkGCStructCardScan/fields=8/ranges=1/unordered=true,baseline,6,45.254999999999995,45.15,45.65,0.0,0.0
BenchmarkGCStructCardScan/fields=8/ranges=1/unordered=true,optimized,6,45.605000000000004,45.54,46.8,0.0,0.0
BenchmarkGCStructCardScan/fields=256/ranges=1/unordered=false,baseline,6,210.8,209.7,215.2,0.0,0.0
BenchmarkGCStructCardScan/fields=256/ranges=1/unordered=false,optimized,6,212.65,210.2,216.2,0.0,0.0
BenchmarkGCStructCardScan/fields=256/ranges=1/unordered=true,baseline,6,236.75,234.5,242.3,0.0,0.0
BenchmarkGCStructCardScan/fields=256/ranges=1/unordered=true,optimized,6,233.85,233.1,234.8,0.0,0.0
BenchmarkGCStructCardScan/fields=256/ranges=2/unordered=false,baseline,6,454.15,448.4,462.7,0.0,0.0
BenchmarkGCStructCardScan/fields=256/ranges=2/unordered=false,optimized,6,457.2,450.2,463.9,0.0,0.0
BenchmarkGCStructCardScan/fields=256/ranges=2/unordered=true,baseline,6,448.95000000000005,440.1,455.4,0.0,0.0
BenchmarkGCStructCardScan/fields=256/ranges=2/unordered=true,optimized,6,450.65,443.0,458.6,0.0,0.0
BenchmarkGCStructCardScan/fields=8192/ranges=1/unordered=false,baseline,6,3799.0,3750.0,3850.0,0.0,0.0
BenchmarkGCStructCardScan/fields=8192/ranges=1/unordered=false,optimized,6,3780.0,3758.0,3850.0,0.0,0.0
BenchmarkGCStructCardScan/fields=8192/ranges=1/unordered=true,baseline,6,4477.0,4423.0,4520.0,0.0,0.0
BenchmarkGCStructCardScan/fields=8192/ranges=1/unordered=true,optimized,6,4456.0,4431.0,4504.0,0.0,0.0
BenchmarkGCStructCardScan/fields=8192/ranges=2/unordered=false,baseline,6,8976.5,8713.0,9109.0,0.0,0.0
BenchmarkGCStructCardScan/fields=8192/ranges=2/unordered=false,optimized,6,8859.0,8698.0,9101.0,0.0,0.0
BenchmarkGCStructCardScan/fields=8192/ranges=2/unordered=true,baseline,6,8520.5,8410.0,8683.0,0.0,0.0
BenchmarkGCStructCardScan/fields=8192/ranges=2/unordered=true,optimized,6,8665.5,8415.0,8774.0,0.0,0.0
BenchmarkGCStructCardScan/fields=8192/ranges=4/unordered=false,baseline,6,18138.0,17829.0,18329.0,0.0,0.0
BenchmarkGCStructCardScan/fields=8192/ranges=4/unordered=false,optimized,6,18040.0,17405.0,18332.0,0.0,0.0
BenchmarkGCStructCardScan/fields=8192/ranges=4/unordered=true,baseline,6,17277.5,17036.0,17889.0,0.0,0.0
BenchmarkGCStructCardScan/fields=8192/ranges=4/unordered=true,optimized,6,17345.0,17189.0,17513.0,0.0,0.0
BenchmarkGCStructCardScan/fields=8192/ranges=8/unordered=false,baseline,6,35955.5,34576.0,36257.0,0.0,0.0
BenchmarkGCStructCardScan/fields=8192/ranges=8/unordered=false,optimized,6,35998.5,34320.0,36742.0,0.0,0.0
BenchmarkGCStructCardScan/fields=8192/ranges=8/unordered=true,baseline,6,35839.5,33886.0,37721.0,0.0,0.0
BenchmarkGCStructCardScan/fields=8192/ranges=8/unordered=true,optimized,6,35041.0,34134.0,36662.0,0.0,0.0
BenchmarkGCStructCardScan/fields=8192/ranges=15/unordered=false,baseline,6,67692.5,64639.0,67995.0,0.0,0.0
BenchmarkGCStructCardScan/fields=8192/ranges=15/unordered=false,optimized,6,66990.0,65161.0,67949.0,0.0,0.0
BenchmarkGCStructCardScan/fields=8192/ranges=15/unordered=true,baseline,6,64663.0,64426.0,66775.0,0.0,0.0
BenchmarkGCStructCardScan/fields=8192/ranges=15/unordered=true,optimized,6,65215.5,63825.0,67125.0,0.0,0.0
BenchmarkGCStructCardScan/fields=8192/ranges=16/unordered=false,baseline,6,72537.0,70650.0,73364.0,0.0,0.0
BenchmarkGCStructCardScan/fields=8192/ranges=16/unordered=false,optimized,6,32617.0,31422.0,32755.0,0.0,0.0
BenchmarkGCStructCardScan/fields=8192/ranges=16/unordered=true,baseline,6,70015.0,68499.0,71065.0,0.0,0.0
BenchmarkGCStructCardScan/fields=8192/ranges=16/unordered=true,optimized,6,32195.5,31678.0,33259.0,0.0,0.0
BenchmarkGCStructCardScan/fields=8192/ranges=32/unordered=false,baseline,6,140190.5,135150.0,146577.0,0.0,0.0
BenchmarkGCStructCardScan/fields=8192/ranges=32/unordered=false,optimized,6,40860.0,39910.0,41418.0,0.0,0.0
BenchmarkGCStructCardScan/fields=8192/ranges=32/unordered=true,baseline,6,138486.0,137322.0,142268.0,0.0,0.0
BenchmarkGCStructCardScan/fields=8192/ranges=32/unordered=true,optimized,6,40400.5,39483.0,40712.0,0.0,0.0
BenchmarkGCStructCardScan/fields=8192/ranges=33/unordered=false,baseline,6,147776.5,138663.0,148550.0,0.0,0.0
BenchmarkGCStructCardScan/fields=8192/ranges=33/unordered=false,optimized,6,147017.5,143545.0,151423.0,0.0,0.0
BenchmarkGCStructCardScan/fields=8192/ranges=33/unordered=true,baseline,6,148564.5,140060.0,150759.0,0.0,0.0
BenchmarkGCStructCardScan/fields=8192/ranges=33/unordered=true,optimized,6,143538.5,141496.0,144694.0,0.0,0.0
BenchmarkGCStructCardScanNearOrdered/fields=256/ranges=1,baseline,6,211.5,209.7,213.4,0.0,0.0
BenchmarkGCStructCardScanNearOrdered/fields=256/ranges=1,optimized,6,211.55,209.9,215.0,0.0,0.0
BenchmarkGCStructCardScanNearOrdered/fields=256/ranges=2,baseline,6,457.35,446.5,461.5,0.0,0.0
BenchmarkGCStructCardScanNearOrdered/fields=256/ranges=2,optimized,6,460.04999999999995,455.5,465.5,0.0,0.0
BenchmarkGCStructCardScanNearOrdered/fields=8192/ranges=1,baseline,6,3764.5,3748.0,3845.0,0.0,0.0
BenchmarkGCStructCardScanNearOrdered/fields=8192/ranges=1,optimized,6,3809.0,3756.0,3828.0,0.0,0.0
BenchmarkGCStructCardScanNearOrdered/fields=8192/ranges=2,baseline,6,9019.0,8653.0,9152.0,0.0,0.0
BenchmarkGCStructCardScanNearOrdered/fields=8192/ranges=2,optimized,6,8994.5,8478.0,9139.0,0.0,0.0
BenchmarkGCStructCardScanNearOrdered/fields=8192/ranges=4,baseline,6,17954.5,17486.0,18313.0,0.0,0.0
BenchmarkGCStructCardScanNearOrdered/fields=8192/ranges=4,optimized,6,17964.0,16988.0,18362.0,0.0,0.0
BenchmarkGCStructCardScanNearOrdered/fields=8192/ranges=8,baseline,6,36220.0,34748.0,36825.0,0.0,0.0
BenchmarkGCStructCardScanNearOrdered/fields=8192/ranges=8,optimized,6,35287.0,34385.0,36730.0,0.0,0.0
BenchmarkGCStructCardScanNearOrdered/fields=8192/ranges=15,baseline,6,68376.0,63883.0,68847.0,0.0,0.0
BenchmarkGCStructCardScanNearOrdered/fields=8192/ranges=15,optimized,6,66923.5,63422.0,67430.0,0.0,0.0
BenchmarkGCStructCardScanNearOrdered/fields=8192/ranges=16,baseline,6,72212.0,70382.0,72919.0,0.0,0.0
BenchmarkGCStructCardScanNearOrdered/fields=8192/ranges=16,optimized,6,31787.5,31233.0,33530.0,0.0,0.0
BenchmarkGCStructCardScanNearOrdered/fields=8192/ranges=32,baseline,6,143882.0,143669.0,146337.0,0.0,0.0
BenchmarkGCStructCardScanNearOrdered/fields=8192/ranges=32,optimized,6,40496.5,39312.0,42266.0,0.0,0.0
BenchmarkGCStructCardScanNearOrdered/fields=8192/ranges=33,baseline,6,148717.5,145017.0,152242.0,0.0,0.0
BenchmarkGCStructCardScanNearOrdered/fields=8192/ranges=33,optimized,6,150057.0,149119.0,150949.0,0.0,0.0
