variant,benchmark,samples_each,baseline_ns,baseline_bytes,baseline_allocs,candidate_ns,candidate_bytes,candidate_allocs,time_delta_percent,median_paired_time_delta_percent
baseline,BenchmarkCompile/seqtk-fastq-to-fasta,20,8912908.5,819809.0,654.0,8880040.0,819809.0,654.0,-0.3687741212646811,-0.5310724078908868
baseline,BenchmarkCompile/memory,20,16171.0,11216.0,29.0,16760.0,11216.0,29.0,3.642322676396015,1.30983407616595
baseline,BenchmarkCompile/linked_list,20,17113.0,13392.0,31.0,17137.0,13392.0,31.0,0.14024425875065472,1.7753961177928046
baseline,BenchmarkCompile/blake-as-simd,20,905214.5,114040.0,110.0,960818.5,114040.0,110.0,6.142632492077849,0.9522533557107193
baseline,BenchmarkCompile/utf-as-simd,20,462028.5,69320.0,102.0,476642.5,69320.0,102.0,3.1630083425589595,6.06349598596646
baseline,BenchmarkCompile/yyjson,20,7765333.0,1167888.0,399.0,7768212.0,1167888.0,399.0,0.03707503593213257,-0.8611509094125225
baseline,BenchmarkCompile/xxhash,20,112503.5,66120.0,58.0,113805.0,66120.0,58.0,1.1568528979098325,1.001665038836208
baseline,BenchmarkCompile/drwav,20,2038508.0,185944.0,289.0,2062263.5,185944.0,289.0,1.1653375900413376,0.9040135499864155
baseline,BenchmarkCompileFull/seqtk-fastq-to-fasta,20,12357558.0,1455037.0,1282.0,12466450.0,1455037.0,1282.0,0.8811773329326034,-0.8439889735695316
baseline,BenchmarkCompileFull/memory,20,25325.0,23361.0,108.0,25516.0,23361.0,108.0,0.7541954590325695,1.3249480227394361
baseline,BenchmarkCompileFull/linked_list,20,22045.5,22025.0,92.0,22170.5,22025.0,92.0,0.5670091401873467,0.7357422149913861
baseline,BenchmarkCompileFull/blake-as-simd,20,1228088.5,367084.0,264.0,1236703.0,367084.5,264.0,0.7014559618464089,1.9267177829284554
baseline,BenchmarkCompileFull/utf-as-simd,20,692501.0,312783.0,273.0,708541.5,312783.0,273.0,2.316314344672432,2.419878196485914
baseline,BenchmarkCompileFull/yyjson,20,9671545.0,3042258.0,664.0,9601765.0,3042259.0,664.0,-0.721497961287465,-0.4532432908705586
baseline,BenchmarkCompileFull/xxhash,20,144652.0,107605.0,145.0,144966.5,107604.0,145.0,0.2174183557779985,-0.9577339647178329
baseline,BenchmarkCompileFull/drwav,20,2457842.0,561100.0,531.0,2481428.0,561101.0,531.0,0.9596223028168538,1.0470240908059036
baseline,BenchmarkExec/memory.sum,20,98.875,0.0,0.0,98.91,0.0,0.0,0.0353982300884903,0.4058664670512635
baseline,BenchmarkExec/linked_list.sum,20,8167.0,0.0,0.0,8113.5,0.0,0.0,-0.6550753030488576,0.7491106119922764
baseline,BenchmarkExec/blake-as-simd.hashN,20,384605.5,0.0,0.0,383617.5,0.0,0.0,-0.25688660198567304,0.2516920546200119
baseline,BenchmarkExec/utf-as-simd.convertN,20,56231.0,0.0,0.0,56247.5,0.0,0.0,0.029343244829371784,-0.10117728046933894
baseline,BenchmarkExec/utf-as-simd.validateN,20,144047.5,0.0,0.0,143469.0,0.0,0.0,-0.401603637688952,-1.0050730599428292
baseline,BenchmarkExec/yyjson.yyjson_run,20,854.5999999999999,0.0,0.0,850.8499999999999,0.0,0.0,-0.43880177860987635,-0.08289893066056875
baseline,BenchmarkExec/xxhash.xxhash_run,20,117611.5,0.0,0.0,117750.0,0.0,0.0,0.11776059313928222,0.9237874114876976
baseline,BenchmarkExec/drwav.drwav_run,20,7961.5,0.0,0.0,7851.0,0.0,0.0,-1.3879294102870032,-0.07543792142242767
baseline,BenchmarkSumUnrollLifecycle/memory,20,61097.0,24945.0,117.0,60361.5,24945.0,117.0,-1.2038234283189064,-0.6802048881636824
