run,bounds,benchmark,unit,main_median,after_median,change_percent,p,samples_each,benchtime,note
fixed-memory-explicit,explicit,BenchmarkCompileWorkers/json-as/p2,ns/op,980514,742142,-24.310922638534482,0.004329004329004329,6,1x,"memory check, not a timing claim"
fixed-memory-explicit,explicit,BenchmarkCompileWorkers/json-as/p2,code-B,57638,57638,0,1,6,1x,"memory check, not a timing claim"
fixed-memory-explicit,explicit,BenchmarkCompileWorkers/json-as/p2,B/op,431700,435092,0.7857308315960099,0.17965367965367965,6,1x,"memory check, not a timing claim"
fixed-memory-explicit,explicit,BenchmarkCompileWorkers/json-as/p2,allocs/op,266,248.5,-6.578947368421051,0.0021645021645021645,6,1x,"memory check, not a timing claim"
fixed-memory-explicit,explicit,BenchmarkCompileWorkers/json-as/p4,ns/op,835961,582225.5,-30.352552331986782,0.0021645021645021645,6,1x,"memory check, not a timing claim"
fixed-memory-explicit,explicit,BenchmarkCompileWorkers/json-as/p4,code-B,57638,57638,0,1,6,1x,"memory check, not a timing claim"
fixed-memory-explicit,explicit,BenchmarkCompileWorkers/json-as/p4,B/op,560016,571420,2.036370389417441,0.04112554112554113,6,1x,"memory check, not a timing claim"
fixed-memory-explicit,explicit,BenchmarkCompileWorkers/json-as/p4,allocs/op,401,401,0,0.9004329004329005,6,1x,"memory check, not a timing claim"
fixed-memory-explicit,explicit,BenchmarkCompileWorkers/ruby/p8,ns/op,218814907,86081834.5,-60.659977110243226,0.0021645021645021645,6,1x,"memory check, not a timing claim"
fixed-memory-explicit,explicit,BenchmarkCompileWorkers/ruby/p8,code-B,35172218,35172218,0,1,6,1x,"memory check, not a timing claim"
fixed-memory-explicit,explicit,BenchmarkCompileWorkers/ruby/p8,B/op,139264956,139778928,0.36906054097343155,0.5887445887445888,6,1x,"memory check, not a timing claim"
fixed-memory-explicit,explicit,BenchmarkCompileWorkers/ruby/p8,allocs/op,14260.5,14346.5,0.6030644086813197,0.13203463203463203,6,1x,"memory check, not a timing claim"
fixed-memory-explicit,explicit,BenchmarkCompileWorkers/sqlite3/p4,ns/op,27891048,14955763,-46.377909499850986,0.0021645021645021645,6,1x,"memory check, not a timing claim"
fixed-memory-explicit,explicit,BenchmarkCompileWorkers/sqlite3/p4,code-B,3636329,3636329,0,1,6,1x,"memory check, not a timing claim"
fixed-memory-explicit,explicit,BenchmarkCompileWorkers/sqlite3/p4,B/op,15104740,14148956,-6.327709050271634,1,6,1x,"memory check, not a timing claim"
fixed-memory-explicit,explicit,BenchmarkCompileWorkers/sqlite3/p4,allocs/op,3581,3572,-0.2513264451270647,0.6601731601731602,6,1x,"memory check, not a timing claim"
fixed-memory-explicit,explicit,BenchmarkCompileWorkers/sqlite3/p8,ns/op,21267373.5,9391927,-55.838801627290735,0.0021645021645021645,6,1x,"memory check, not a timing claim"
fixed-memory-explicit,explicit,BenchmarkCompileWorkers/sqlite3/p8,code-B,3636329,3636329,0,1,6,1x,"memory check, not a timing claim"
fixed-memory-explicit,explicit,BenchmarkCompileWorkers/sqlite3/p8,B/op,16059148,15614084,-2.7714048092713273,0.8181818181818182,6,1x,"memory check, not a timing claim"
fixed-memory-explicit,explicit,BenchmarkCompileWorkers/sqlite3/p8,allocs/op,4521,4542,0.4644990046449804,0.2878787878787879,6,1x,"memory check, not a timing claim"
fixed-memory-explicit,explicit,BenchmarkCompileFullWorkers/sqlite3/p8,ns/op,48755620,18723200.5,-61.597861949043,0.0021645021645021645,6,1x,"memory check, not a timing claim"
fixed-memory-explicit,explicit,BenchmarkCompileFullWorkers/sqlite3/p8,code-B,3648553,3648553,0,1,6,1x,"memory check, not a timing claim"
fixed-memory-explicit,explicit,BenchmarkCompileFullWorkers/sqlite3/p8,B/op,19230012,18841824,-2.01865708664144,0.5887445887445888,6,1x,"memory check, not a timing claim"
fixed-memory-explicit,explicit,BenchmarkCompileFullWorkers/sqlite3/p8,allocs/op,10011.5,10009,-0.024971283024521895,0.6991341991341992,6,1x,"memory check, not a timing claim"
fixed-memory-explicit,explicit,BenchmarkCompileFullWorkers/json-as/p8,ns/op,1744749,1197352.5,-31.373939747207192,0.0021645021645021645,6,1x,"memory check, not a timing claim"
fixed-memory-explicit,explicit,BenchmarkCompileFullWorkers/json-as/p8,code-B,66502,66502,0,1,6,1x,"memory check, not a timing claim"
fixed-memory-explicit,explicit,BenchmarkCompileFullWorkers/json-as/p8,B/op,900876,899280,-0.17716089672719093,0.9372294372294372,6,1x,"memory check, not a timing claim"
fixed-memory-explicit,explicit,BenchmarkCompileFullWorkers/json-as/p8,allocs/op,989.5,992.5,0.3031834259727084,0.8181818181818182,6,1x,"memory check, not a timing claim"
fixed-memory-explicit,explicit,BenchmarkCompileWorkers/tiny/p2,ns/op,128599,125838.5,-2.1465952301339852,1,6,1x,"memory check, not a timing claim"
fixed-memory-explicit,explicit,BenchmarkCompileWorkers/tiny/p2,code-B,96,96,0,1,6,1x,"memory check, not a timing claim"
fixed-memory-explicit,explicit,BenchmarkCompileWorkers/tiny/p2,B/op,18752,18792,0.213310580204773,0.010822510822510822,6,1x,"memory check, not a timing claim"
fixed-memory-explicit,explicit,BenchmarkCompileWorkers/tiny/p2,allocs/op,45,48,6.666666666666665,0.0021645021645021645,6,1x,"memory check, not a timing claim"
fixed-memory-explicit,explicit,BenchmarkCompileWorkers/json-as/p8,ns/op,903897.5,791388.5,-12.44709715426805,0.13203463203463203,6,1x,"memory check, not a timing claim"
fixed-memory-explicit,explicit,BenchmarkCompileWorkers/json-as/p8,code-B,57638,57638,0,1,6,1x,"memory check, not a timing claim"
fixed-memory-explicit,explicit,BenchmarkCompileWorkers/json-as/p8,B/op,759152,796508,4.920753683056889,0.09307359307359307,6,1x,"memory check, not a timing claim"
fixed-memory-explicit,explicit,BenchmarkCompileWorkers/json-as/p8,allocs/op,555,611.5,10.180180180180187,0.015151515151515152,6,1x,"memory check, not a timing claim"
fixed-memory-explicit,explicit,BenchmarkCompileWorkers/lua/p4,ns/op,7507635,4281300,-42.974052414641896,0.0021645021645021645,6,1x,"memory check, not a timing claim"
fixed-memory-explicit,explicit,BenchmarkCompileWorkers/lua/p4,code-B,890004,890004,0,1,6,1x,"memory check, not a timing claim"
fixed-memory-explicit,explicit,BenchmarkCompileWorkers/lua/p4,B/op,4381352,4364276,-0.38974270955631773,0.6991341991341992,6,1x,"memory check, not a timing claim"
fixed-memory-explicit,explicit,BenchmarkCompileWorkers/lua/p4,allocs/op,1508.5,1481.5,-1.7898574743122286,0.17965367965367965,6,1x,"memory check, not a timing claim"
fixed-memory-explicit,explicit,BenchmarkCompileWorkers/lua/p8,ns/op,6710497.5,3305914.5,-50.735180215773866,0.0021645021645021645,6,1x,"memory check, not a timing claim"
fixed-memory-explicit,explicit,BenchmarkCompileWorkers/lua/p8,code-B,890004,890004,0,1,6,1x,"memory check, not a timing claim"
fixed-memory-explicit,explicit,BenchmarkCompileWorkers/lua/p8,B/op,5269820,5347384,1.4718529285630222,0.30952380952380953,6,1x,"memory check, not a timing claim"
fixed-memory-explicit,explicit,BenchmarkCompileWorkers/lua/p8,allocs/op,2221.5,2208.5,-0.5851901868107134,0.4199134199134199,6,1x,"memory check, not a timing claim"
fixed-memory-explicit,explicit,BenchmarkCompileWorkers/esbuild/p2,ns/op,251749628,172323362.5,-31.54970520949488,0.0021645021645021645,6,1x,"memory check, not a timing claim"
fixed-memory-explicit,explicit,BenchmarkCompileWorkers/esbuild/p2,code-B,26622496,26622496,0,1,6,1x,"memory check, not a timing claim"
fixed-memory-explicit,explicit,BenchmarkCompileWorkers/esbuild/p2,B/op,111822808,112767152,0.8445003455824551,0.015151515151515152,6,1x,"memory check, not a timing claim"
fixed-memory-explicit,explicit,BenchmarkCompileWorkers/esbuild/p2,allocs/op,13978.5,14602,4.46042136137641,0.8181818181818182,6,1x,"memory check, not a timing claim"
fixed-memory-explicit,explicit,BenchmarkCompileFull/many_funcs,ns/op,871087,756930,-13.105120384071856,0.09307359307359307,6,1x,"memory check, not a timing claim"
fixed-memory-explicit,explicit,BenchmarkCompileFull/many_funcs,code-B,7817,7817,0,1,6,1x,"memory check, not a timing claim"
fixed-memory-explicit,explicit,BenchmarkCompileFull/many_funcs,B/op,167064,169560,1.4940382129004393,0.0021645021645021645,6,1x,"memory check, not a timing claim"
fixed-memory-explicit,explicit,BenchmarkCompileFull/many_funcs,allocs/op,100,102,2.0000000000000018,0.0021645021645021645,6,1x,"memory check, not a timing claim"
fixed-memory-explicit,explicit,BenchmarkCompileFull/json-as,ns/op,2209335,1856300.5,-15.97921999153592,0.04112554112554113,6,1x,"memory check, not a timing claim"
fixed-memory-explicit,explicit,BenchmarkCompileFull/json-as,code-B,66502,66502,0,1,6,1x,"memory check, not a timing claim"
fixed-memory-explicit,explicit,BenchmarkCompileFull/json-as,B/op,225448,226408,0.42581881409460287,0.0021645021645021645,6,1x,"memory check, not a timing claim"
fixed-memory-explicit,explicit,BenchmarkCompileFull/json-as,allocs/op,422,424,0.4739336492890933,0.0021645021645021645,6,1x,"memory check, not a timing claim"
fixed-memory-explicit,explicit,BenchmarkCompileFullWorkers/esbuild/p4,ns/op,391688253,182646303,-53.36947135864194,0.0021645021645021645,6,1x,"memory check, not a timing claim"
fixed-memory-explicit,explicit,BenchmarkCompileFullWorkers/esbuild/p4,code-B,26629248,26629248,0,1,6,1x,"memory check, not a timing claim"
fixed-memory-explicit,explicit,BenchmarkCompileFullWorkers/esbuild/p4,B/op,185323524,188597288,1.7665129225580722,0.04112554112554113,6,1x,"memory check, not a timing claim"
fixed-memory-explicit,explicit,BenchmarkCompileFullWorkers/esbuild/p4,allocs/op,27291,27531.5,0.8812429005899292,0.5887445887445888,6,1x,"memory check, not a timing claim"
fixed-memory-explicit,explicit,BenchmarkCompileWorkers/esbuild/p8,ns/op,138944940,56947579.5,-59.014283283723756,0.0021645021645021645,6,1x,"memory check, not a timing claim"
fixed-memory-explicit,explicit,BenchmarkCompileWorkers/esbuild/p8,code-B,26622496,26622496,0,1,6,1x,"memory check, not a timing claim"
fixed-memory-explicit,explicit,BenchmarkCompileWorkers/esbuild/p8,B/op,130072668,131926308,1.4250803250995148,0.48484848484848486,6,1x,"memory check, not a timing claim"
fixed-memory-explicit,explicit,BenchmarkCompileWorkers/esbuild/p8,allocs/op,24945,26480.5,6.155542192824215,0.5887445887445888,6,1x,"memory check, not a timing claim"
fixed-instantiate-explicit,explicit,BenchmarkPluginInstantiate/ruby,ns/op,1812448.5,1589730,-12.288266397638337,0.004329004329004329,6,128x,equal work
fixed-instantiate-explicit,explicit,BenchmarkPluginInstantiate/ruby,B/op,302067.5,86626.5,-71.32213826379865,0.0021645021645021645,6,128x,equal work
fixed-instantiate-explicit,explicit,BenchmarkPluginInstantiate/ruby,allocs/op,9405,779,-91.71717171717172,0.0021645021645021645,6,128x,equal work
fixed-rss-explicit,explicit,BenchmarkCompileCompact/tiny,ns/op,123635,133623.5,8.07902293039997,0.06493506493506493,6,1x,"memory check, not a timing claim"
fixed-rss-explicit,explicit,BenchmarkCompileCompact/tiny,B/op,10848,10848,0,1,6,1x,"memory check, not a timing claim"
fixed-rss-explicit,explicit,BenchmarkCompileCompact/tiny,allocs/op,28,28,0,1,6,1x,"memory check, not a timing claim"
fixed-rss-explicit,explicit,BenchmarkCompileCompact/fib_iter,ns/op,59335,59380.5,0.07668323923484266,0.9372294372294372,6,1x,"memory check, not a timing claim"
fixed-rss-explicit,explicit,BenchmarkCompileCompact/fib_iter,B/op,13232,12720,-3.8694074969770287,0.0021645021645021645,6,1x,"memory check, not a timing claim"
fixed-rss-explicit,explicit,BenchmarkCompileCompact/fib_iter,allocs/op,28,28,0,1,6,1x,"memory check, not a timing claim"
fixed-rss-explicit,explicit,BenchmarkCompileCompact/fib_rec,ns/op,61759.5,61314,-0.7213465134918495,0.5887445887445888,6,1x,"memory check, not a timing claim"
fixed-rss-explicit,explicit,BenchmarkCompileCompact/fib_rec,B/op,13312,12544,-5.769230769230771,0.0021645021645021645,6,1x,"memory check, not a timing claim"
fixed-rss-explicit,explicit,BenchmarkCompileCompact/fib_rec,allocs/op,37,37,0,1,6,1x,"memory check, not a timing claim"
fixed-rss-explicit,explicit,BenchmarkCompileCompact/arith,ns/op,49141,40911.5,-16.746708451191473,0.30952380952380953,6,1x,"memory check, not a timing claim"
fixed-rss-explicit,explicit,BenchmarkCompileCompact/arith,B/op,27504,12912,-53.054101221640494,0.0021645021645021645,6,1x,"memory check, not a timing claim"
fixed-rss-explicit,explicit,BenchmarkCompileCompact/arith,allocs/op,27,27,0,1,6,1x,"memory check, not a timing claim"
fixed-rss-explicit,explicit,BenchmarkCompileCompact/float,ns/op,41702,45214,8.421658433648261,0.48484848484848486,6,1x,"memory check, not a timing claim"
fixed-rss-explicit,explicit,BenchmarkCompileCompact/float,B/op,28096,13504,-51.93621867881548,0.0021645021645021645,6,1x,"memory check, not a timing claim"
fixed-rss-explicit,explicit,BenchmarkCompileCompact/float,allocs/op,41,41,0,1,6,1x,"memory check, not a timing claim"
fixed-rss-explicit,explicit,BenchmarkCompileCompact/memory,ns/op,47272.5,44252,-6.389549949759377,0.48484848484848486,6,1x,"memory check, not a timing claim"
fixed-rss-explicit,explicit,BenchmarkCompileCompact/memory,B/op,13632,12736,-6.572769953051639,0.0021645021645021645,6,1x,"memory check, not a timing claim"
fixed-rss-explicit,explicit,BenchmarkCompileCompact/memory,allocs/op,34,34,0,1,6,1x,"memory check, not a timing claim"
fixed-rss-explicit,explicit,BenchmarkCompileCompact/memory_tree,ns/op,58213,55588.5,-4.508443131259343,0.9372294372294372,6,1x,"memory check, not a timing claim"
fixed-rss-explicit,explicit,BenchmarkCompileCompact/memory_tree,B/op,28496,16976,-40.42672655811342,0.0021645021645021645,6,1x,"memory check, not a timing claim"
fixed-rss-explicit,explicit,BenchmarkCompileCompact/memory_tree,allocs/op,51,51,0,1,6,1x,"memory check, not a timing claim"
fixed-rss-explicit,explicit,BenchmarkCompileCompact/globals,ns/op,51445.5,38797.5,-24.58524069160568,0.13203463203463203,6,1x,"memory check, not a timing claim"
fixed-rss-explicit,explicit,BenchmarkCompileCompact/globals,B/op,13720,12952,-5.59766763848396,0.0021645021645021645,6,1x,"memory check, not a timing claim"
fixed-rss-explicit,explicit,BenchmarkCompileCompact/globals,allocs/op,40,40,0,1,6,1x,"memory check, not a timing claim"
fixed-rss-explicit,explicit,BenchmarkCompileCompact/dispatch,ns/op,50388.5,45925,-8.85817200353255,0.3939393939393939,6,1x,"memory check, not a timing claim"
fixed-rss-explicit,explicit,BenchmarkCompileCompact/dispatch,B/op,11352,11336,-0.14094432699084392,0.0021645021645021645,6,1x,"memory check, not a timing claim"
fixed-rss-explicit,explicit,BenchmarkCompileCompact/dispatch,allocs/op,44,44,0,1,6,1x,"memory check, not a timing claim"
fixed-rss-explicit,explicit,BenchmarkCompileCompact/branches,ns/op,35711,35285.5,-1.191509618884934,0.8181818181818182,6,1x,"memory check, not a timing claim"
fixed-rss-explicit,explicit,BenchmarkCompileCompact/branches,B/op,13296,12272,-7.701564380264736,0.0021645021645021645,6,1x,"memory check, not a timing claim"
fixed-rss-explicit,explicit,BenchmarkCompileCompact/branches,allocs/op,26,26,0,1,6,1x,"memory check, not a timing claim"
fixed-rss-explicit,explicit,BenchmarkCompileCompact/many_funcs,ns/op,347711,326877,-5.991757522770347,0.24025974025974026,6,1x,"memory check, not a timing claim"
fixed-rss-explicit,explicit,BenchmarkCompileCompact/many_funcs,B/op,53320,53064,-0.4801200300075026,0.0021645021645021645,6,1x,"memory check, not a timing claim"
fixed-rss-explicit,explicit,BenchmarkCompileCompact/many_funcs,allocs/op,40,40,0,1,6,1x,"memory check, not a timing claim"
fixed-rss-explicit,explicit,BenchmarkCompileCompact/linked_list,ns/op,49101,40635,-17.24201136433067,0.3939393939393939,6,1x,"memory check, not a timing claim"
fixed-rss-explicit,explicit,BenchmarkCompileCompact/linked_list,B/op,16864,14944,-11.38519924098672,0.0021645021645021645,6,1x,"memory check, not a timing claim"
fixed-rss-explicit,explicit,BenchmarkCompileCompact/linked_list,allocs/op,38,38,0,1,6,1x,"memory check, not a timing claim"
fixed-rss-explicit,explicit,BenchmarkCompileCompact/mandelbrot,ns/op,46982,44047,-6.247073347239374,0.5887445887445888,6,1x,"memory check, not a timing claim"
fixed-rss-explicit,explicit,BenchmarkCompileCompact/mandelbrot,B/op,30304,22112,-27.03273495248152,0.0021645021645021645,6,1x,"memory check, not a timing claim"
fixed-rss-explicit,explicit,BenchmarkCompileCompact/mandelbrot,allocs/op,58,58,0,1,6,1x,"memory check, not a timing claim"
fixed-rss-explicit,explicit,BenchmarkCompileCompact/sieve,ns/op,47808.5,50604,5.847286570379739,0.5887445887445888,6,1x,"memory check, not a timing claim"
fixed-rss-explicit,explicit,BenchmarkCompileCompact/sieve,B/op,20976,17648,-15.86575133485889,0.0021645021645021645,6,1x,"memory check, not a timing claim"
fixed-rss-explicit,explicit,BenchmarkCompileCompact/sieve,allocs/op,39,39,0,1,6,1x,"memory check, not a timing claim"
fixed-rss-explicit,explicit,BenchmarkCompileCompact/nbody,ns/op,123920.5,115775,-6.573165860370156,0.48484848484848486,6,1x,"memory check, not a timing claim"
fixed-rss-explicit,explicit,BenchmarkCompileCompact/nbody,B/op,74208,74208,0,1,6,1x,"memory check, not a timing claim"
fixed-rss-explicit,explicit,BenchmarkCompileCompact/nbody,allocs/op,92,92,0,1,6,1x,"memory check, not a timing claim"
fixed-rss-explicit,explicit,BenchmarkCompileCompact/spectralnorm,ns/op,118880.5,91299.5,-23.200609014935168,0.025974025974025976,6,1x,"memory check, not a timing claim"
fixed-rss-explicit,explicit,BenchmarkCompileCompact/spectralnorm,B/op,64040,64040,0,1,6,1x,"memory check, not a timing claim"
fixed-rss-explicit,explicit,BenchmarkCompileCompact/spectralnorm,allocs/op,81,81,0,1,6,1x,"memory check, not a timing claim"
fixed-rss-explicit,explicit,BenchmarkCompileCompact/fannkuch,ns/op,162782.5,148396,-8.837866478276224,0.24025974025974026,6,1x,"memory check, not a timing claim"
fixed-rss-explicit,explicit,BenchmarkCompileCompact/fannkuch,B/op,69344,69344,0,1,6,1x,"memory check, not a timing claim"
fixed-rss-explicit,explicit,BenchmarkCompileCompact/fannkuch,allocs/op,71,71,0,1,6,1x,"memory check, not a timing claim"
fixed-rss-explicit,explicit,BenchmarkCompileCompact/matmul,ns/op,133292.5,115855,-13.082131402742093,0.30952380952380953,6,1x,"memory check, not a timing claim"
fixed-rss-explicit,explicit,BenchmarkCompileCompact/matmul,B/op,64872,64872,0,1,6,1x,"memory check, not a timing claim"
fixed-rss-explicit,explicit,BenchmarkCompileCompact/matmul,allocs/op,78,78,0,1,6,1x,"memory check, not a timing claim"
fixed-rss-explicit,explicit,BenchmarkCompileCompact/quicksort,ns/op,104694.5,93238,-10.942790691010506,0.04112554112554113,6,1x,"memory check, not a timing claim"
fixed-rss-explicit,explicit,BenchmarkCompileCompact/quicksort,B/op,30072,30072,0,1,6,1x,"memory check, not a timing claim"
fixed-rss-explicit,explicit,BenchmarkCompileCompact/quicksort,allocs/op,72,72,0,1,6,1x,"memory check, not a timing claim"
fixed-rss-explicit,explicit,BenchmarkCompileCompact/crc32,ns/op,66233,63748.5,-3.751151238808448,0.5887445887445888,6,1x,"memory check, not a timing claim"
fixed-rss-explicit,explicit,BenchmarkCompileCompact/crc32,B/op,28640,28640,0,1,6,1x,"memory check, not a timing claim"
fixed-rss-explicit,explicit,BenchmarkCompileCompact/crc32,allocs/op,47,47,0,1,6,1x,"memory check, not a timing claim"
fixed-rss-explicit,explicit,BenchmarkCompileCompact/sha256,ns/op,116165.5,113686,-2.134454721926904,0.6991341991341992,6,1x,"memory check, not a timing claim"
fixed-rss-explicit,explicit,BenchmarkCompileCompact/sha256,B/op,65992,65992,0,1,6,1x,"memory check, not a timing claim"
fixed-rss-explicit,explicit,BenchmarkCompileCompact/sha256,allocs/op,57,57,0,1,6,1x,"memory check, not a timing claim"
fixed-rss-explicit,explicit,BenchmarkCompileCompact/raytrace,ns/op,263034,281122.5,6.876867629279859,0.3939393939393939,6,1x,"memory check, not a timing claim"
fixed-rss-explicit,explicit,BenchmarkCompileCompact/raytrace,B/op,145888,145888,0,1,6,1x,"memory check, not a timing claim"
fixed-rss-explicit,explicit,BenchmarkCompileCompact/raytrace,allocs/op,119,119,0,1,6,1x,"memory check, not a timing claim"
fixed-rss-explicit,explicit,BenchmarkCompileCompact/regexmatch,ns/op,47911599,41456950,-13.471996624449956,0.0021645021645021645,6,1x,"memory check, not a timing claim"
fixed-rss-explicit,explicit,BenchmarkCompileCompact/regexmatch,B/op,1397368,1395400,-0.14083620062861346,0.0021645021645021645,6,1x,"memory check, not a timing claim"
fixed-rss-explicit,explicit,BenchmarkCompileCompact/regexmatch,allocs/op,1947,1949,0.10272213662043672,0.0021645021645021645,6,1x,"memory check, not a timing claim"
fixed-rss-explicit,explicit,BenchmarkCompileCompact/wasm3,ns/op,11921982.5,10320864,-13.429968547596848,0.0021645021645021645,6,1x,"memory check, not a timing claim"
fixed-rss-explicit,explicit,BenchmarkCompileCompact/wasm3,B/op,505584,502952,-0.5205860944966667,0.0021645021645021645,6,1x,"memory check, not a timing claim"
fixed-rss-explicit,explicit,BenchmarkCompileCompact/wasm3,allocs/op,837,839,0.2389486260454099,0.0021645021645021645,6,1x,"memory check, not a timing claim"
fixed-rss-explicit,explicit,BenchmarkCompileCompact/json-as,ns/op,1455464,1162198.5,-20.14927885540281,0.04112554112554113,6,1x,"memory check, not a timing claim"
fixed-rss-explicit,explicit,BenchmarkCompileCompact/json-as,B/op,136288,136832,0.3991547311575472,0.0021645021645021645,6,1x,"memory check, not a timing claim"
fixed-rss-explicit,explicit,BenchmarkCompileCompact/json-as,allocs/op,148,148,0,1,6,1x,"memory check, not a timing claim"
fixed-rss-explicit,explicit,BenchmarkCompileCompact/blake-as,ns/op,515622.5,450001,-12.726655644391005,0.13203463203463203,6,1x,"memory check, not a timing claim"
fixed-rss-explicit,explicit,BenchmarkCompileCompact/blake-as,B/op,133864,133664,-0.14940536664076465,0.0021645021645021645,6,1x,"memory check, not a timing claim"
fixed-rss-explicit,explicit,BenchmarkCompileCompact/blake-as,allocs/op,97,93,-4.123711340206182,0.0021645021645021645,6,1x,"memory check, not a timing claim"
fixed-rss-explicit,explicit,BenchmarkCompileCompact/utf-as,ns/op,258946,233564,-9.802043669336468,0.5887445887445888,6,1x,"memory check, not a timing claim"
fixed-rss-explicit,explicit,BenchmarkCompileCompact/utf-as,B/op,121960,121944,-0.013119055428012505,0.0021645021645021645,6,1x,"memory check, not a timing claim"
fixed-rss-explicit,explicit,BenchmarkCompileCompact/utf-as,allocs/op,73,73,0,0.45454545454545453,6,1x,"memory check, not a timing claim"
fixed-rss-explicit,explicit,BenchmarkCompileCompact/xjb-mulhi,ns/op,68106.5,72204.5,6.017046831066053,1,6,1x,"memory check, not a timing claim"
fixed-rss-explicit,explicit,BenchmarkCompileCompact/xjb-mulhi,B/op,28608,17088,-40.26845637583892,0.0021645021645021645,6,1x,"memory check, not a timing claim"
fixed-rss-explicit,explicit,BenchmarkCompileCompact/xjb-mulhi,allocs/op,32,32,0,0.45454545454545453,6,1x,"memory check, not a timing claim"
fixed-rss-explicit,explicit,BenchmarkCompileCompact/swar-pack-parse,ns/op,61459,69359,12.854097853853785,0.3939393939393939,6,1x,"memory check, not a timing claim"
fixed-rss-explicit,explicit,BenchmarkCompileCompact/swar-pack-parse,B/op,26264,14744,-43.862321047822114,0.0021645021645021645,6,1x,"memory check, not a timing claim"
fixed-rss-explicit,explicit,BenchmarkCompileCompact/swar-pack-parse,allocs/op,29,29,0,1,6,1x,"memory check, not a timing claim"
fixed-rss-explicit,explicit,BenchmarkCompileCompact/json-as-simd,ns/op,1355303,1346035.5,-0.6837954317226447,0.8181818181818182,6,1x,"memory check, not a timing claim"
fixed-rss-explicit,explicit,BenchmarkCompileCompact/json-as-simd,B/op,144504,145176,0.46503903006145375,0.0021645021645021645,6,1x,"memory check, not a timing claim"
fixed-rss-explicit,explicit,BenchmarkCompileCompact/json-as-simd,allocs/op,183,183,0,1,6,1x,"memory check, not a timing claim"
fixed-rss-explicit,explicit,BenchmarkCompileCompact/blake-as-simd,ns/op,938749,948207,1.007511059931887,0.6991341991341992,6,1x,"memory check, not a timing claim"
fixed-rss-explicit,explicit,BenchmarkCompileCompact/blake-as-simd,B/op,284696,284848,0.05339028296849069,0.0021645021645021645,6,1x,"memory check, not a timing claim"
fixed-rss-explicit,explicit,BenchmarkCompileCompact/blake-as-simd,allocs/op,139,138,-0.7194244604316502,0.0021645021645021645,6,1x,"memory check, not a timing claim"
fixed-rss-explicit,explicit,BenchmarkCompileCompact/utf-as-simd,ns/op,673330.5,625777.5,-7.062356450509821,0.24025974025974026,6,1x,"memory check, not a timing claim"
fixed-rss-explicit,explicit,BenchmarkCompileCompact/utf-as-simd,B/op,146760,146656,-0.07086399563913659,0.0021645021645021645,6,1x,"memory check, not a timing claim"
fixed-rss-explicit,explicit,BenchmarkCompileCompact/utf-as-simd,allocs/op,137,135,-1.4598540145985384,0.0021645021645021645,6,1x,"memory check, not a timing claim"
fixed-rss-explicit,explicit,BenchmarkCompileCompact/coremark,ns/op,706798,678680.5,-3.978152173605476,0.48484848484848486,6,1x,"memory check, not a timing claim"
fixed-rss-explicit,explicit,BenchmarkCompileCompact/coremark,B/op,131264,131248,-0.012189176011700997,0.0021645021645021645,6,1x,"memory check, not a timing claim"
fixed-rss-explicit,explicit,BenchmarkCompileCompact/coremark,allocs/op,96,96,0,1,6,1x,"memory check, not a timing claim"
fixed-rss-explicit,explicit,BenchmarkCompileCompact/blake3,ns/op,1030564.5,846437.5,-17.86661582074679,0.09307359307359307,6,1x,"memory check, not a timing claim"
fixed-rss-explicit,explicit,BenchmarkCompileCompact/blake3,B/op,139344,139312,-0.022964749110121474,0.0021645021645021645,6,1x,"memory check, not a timing claim"
fixed-rss-explicit,explicit,BenchmarkCompileCompact/blake3,allocs/op,109,109,0,1,6,1x,"memory check, not a timing claim"
fixed-rss-explicit,explicit,BenchmarkCompileCompact/qoi,ns/op,340373,255420,-24.95879520408493,0.06493506493506493,6,1x,"memory check, not a timing claim"
fixed-rss-explicit,explicit,BenchmarkCompileCompact/qoi,B/op,68128,68096,-0.04697040864255486,0.0021645021645021645,6,1x,"memory check, not a timing claim"
fixed-rss-explicit,explicit,BenchmarkCompileCompact/qoi,allocs/op,93,93,0,1,6,1x,"memory check, not a timing claim"
fixed-rss-explicit,explicit,BenchmarkCompileCompact/lz4,ns/op,304916,273062,-10.44681158089441,0.13203463203463203,6,1x,"memory check, not a timing claim"
fixed-rss-explicit,explicit,BenchmarkCompileCompact/lz4,B/op,64112,64096,-0.0249563264287489,0.0021645021645021645,6,1x,"memory check, not a timing claim"
fixed-rss-explicit,explicit,BenchmarkCompileCompact/lz4,allocs/op,69,69,0,1,6,1x,"memory check, not a timing claim"
fixed-rss-explicit,explicit,BenchmarkCompileCompact/zlib,ns/op,966530,903353.5,-6.536424115133521,0.004329004329004329,6,1x,"memory check, not a timing claim"
fixed-rss-explicit,explicit,BenchmarkCompileCompact/zlib,B/op,301320,301304,-0.005309969467670594,0.0021645021645021645,6,1x,"memory check, not a timing claim"
fixed-rss-explicit,explicit,BenchmarkCompileCompact/zlib,allocs/op,176,176,0,1,6,1x,"memory check, not a timing claim"
fixed-rss-explicit,explicit,BenchmarkCompileCompact/zstd,ns/op,3234429,2847304.5,-11.968866838629012,0.09307359307359307,6,1x,"memory check, not a timing claim"
fixed-rss-explicit,explicit,BenchmarkCompileCompact/zstd,B/op,1007256,1007248,-0.0007942370162106194,0.0021645021645021645,6,1x,"memory check, not a timing claim"
fixed-rss-explicit,explicit,BenchmarkCompileCompact/zstd,allocs/op,228,230,0.8771929824561431,0.0021645021645021645,6,1x,"memory check, not a timing claim"
fixed-rss-explicit,explicit,BenchmarkCompileCompact/lua,ns/op,17113435,14807042.5,-13.477086861871978,0.0021645021645021645,6,1x,"memory check, not a timing claim"
fixed-rss-explicit,explicit,BenchmarkCompileCompact/lua,B/op,813992,810752,-0.39803830995881473,0.0021645021645021645,6,1x,"memory check, not a timing claim"
fixed-rss-explicit,explicit,BenchmarkCompileCompact/lua,allocs/op,761,761,0,1,6,1x,"memory check, not a timing claim"
fixed-rss-explicit,explicit,BenchmarkCompileCompact/sqlite3,ns/op,71787301.5,62145686,-13.430809207948846,0.0021645021645021645,6,1x,"memory check, not a timing claim"
fixed-rss-explicit,explicit,BenchmarkCompileCompact/sqlite3,B/op,2249216,2234936,-0.6348878898247201,0.0021645021645021645,6,1x,"memory check, not a timing claim"
fixed-rss-explicit,explicit,BenchmarkCompileCompact/sqlite3,allocs/op,2150,2152,0.09302325581395099,0.0021645021645021645,6,1x,"memory check, not a timing claim"
fixed-rss-explicit,explicit,BenchmarkCompileCompact/ruby,ns/op,808003292.5,654880974.5,-18.950704708916767,0.0021645021645021645,6,1x,"memory check, not a timing claim"
fixed-rss-explicit,explicit,BenchmarkCompileCompact/ruby,B/op,15186200,13855836,-8.760348210875668,0.0021645021645021645,6,1x,"memory check, not a timing claim"
fixed-rss-explicit,explicit,BenchmarkCompileCompact/ruby,allocs/op,4487,4484.5,-0.05571651437485947,1,6,1x,"memory check, not a timing claim"
fixed-rss-explicit,explicit,BenchmarkCompileCompact/esbuild,ns/op,409706712,341304283.5,-16.695462021134766,0.0021645021645021645,6,1x,"memory check, not a timing claim"
fixed-rss-explicit,explicit,BenchmarkCompileCompact/esbuild,B/op,18441752,18329320,-0.609660080018426,0.0021645021645021645,6,1x,"memory check, not a timing claim"
fixed-rss-explicit,explicit,BenchmarkCompileCompact/esbuild,allocs/op,9214,9212,-0.021706099413931756,0.0021645021645021645,6,1x,"memory check, not a timing claim"
fixed-rss-explicit,explicit,BenchmarkCompileCompact/isa_i32,ns/op,388251.5,359187.5,-7.485869339848006,0.24025974025974026,6,1x,"memory check, not a timing claim"
fixed-rss-explicit,explicit,BenchmarkCompileCompact/isa_i32,B/op,30952,30888,-0.2067717756526255,0.0021645021645021645,6,1x,"memory check, not a timing claim"
fixed-rss-explicit,explicit,BenchmarkCompileCompact/isa_i32,allocs/op,43,43,0,1,6,1x,"memory check, not a timing claim"
fixed-rss-explicit,explicit,BenchmarkCompileCompact/isa_i64,ns/op,290058.5,235271.5,-18.888258747804322,0.13203463203463203,6,1x,"memory check, not a timing claim"
fixed-rss-explicit,explicit,BenchmarkCompileCompact/isa_i64,B/op,30952,30888,-0.2067717756526255,0.0021645021645021645,6,1x,"memory check, not a timing claim"
fixed-rss-explicit,explicit,BenchmarkCompileCompact/isa_i64,allocs/op,43,43,0,1,6,1x,"memory check, not a timing claim"
fixed-rss-explicit,explicit,BenchmarkCompileCompact/isa_f32,ns/op,207225,211242,1.9384726746290326,0.9372294372294372,6,1x,"memory check, not a timing claim"
fixed-rss-explicit,explicit,BenchmarkCompileCompact/isa_f32,B/op,34552,30416,-11.97036351007178,0.0021645021645021645,6,1x,"memory check, not a timing claim"
fixed-rss-explicit,explicit,BenchmarkCompileCompact/isa_f32,allocs/op,69.5,69,-0.7194244604316502,0.18181818181818182,6,1x,"memory check, not a timing claim"
fixed-rss-explicit,explicit,BenchmarkCompileCompact/isa_f64,ns/op,235352,211047,-10.327084537203845,0.17965367965367965,6,1x,"memory check, not a timing claim"
fixed-rss-explicit,explicit,BenchmarkCompileCompact/isa_f64,B/op,34576,30448,-11.938917167977792,0.0021645021645021645,6,1x,"memory check, not a timing claim"
fixed-rss-explicit,explicit,BenchmarkCompileCompact/isa_f64,allocs/op,70,70,0,1,6,1x,"memory check, not a timing claim"
fixed-rss-explicit,explicit,BenchmarkCompileCompact/isa_mem,ns/op,153195,142981,-6.667319429485296,0.13203463203463203,6,1x,"memory check, not a timing claim"
fixed-rss-explicit,explicit,BenchmarkCompileCompact/isa_mem,B/op,28640,25808,-9.888268156424584,0.0021645021645021645,6,1x,"memory check, not a timing claim"
fixed-rss-explicit,explicit,BenchmarkCompileCompact/isa_mem,allocs/op,39,39,0,1,6,1x,"memory check, not a timing claim"
fixed-rss-explicit,explicit,BenchmarkCompileCompact/isa_bulk_mem,ns/op,82013,96414,17.559411312840645,0.9372294372294372,6,1x,"memory check, not a timing claim"
fixed-rss-explicit,explicit,BenchmarkCompileCompact/isa_bulk_mem,B/op,14032,13616,-2.9646522234891726,0.0021645021645021645,6,1x,"memory check, not a timing claim"
fixed-rss-explicit,explicit,BenchmarkCompileCompact/isa_bulk_mem,allocs/op,41,41,0,1,6,1x,"memory check, not a timing claim"
fixed-rss-explicit,explicit,BenchmarkCompileCompact/isa_ctl,ns/op,152197.5,192142,26.24517485504032,0.8181818181818182,6,1x,"memory check, not a timing claim"
fixed-rss-explicit,explicit,BenchmarkCompileCompact/isa_ctl,B/op,61760,61744,-0.025906735751290988,0.0021645021645021645,6,1x,"memory check, not a timing claim"
fixed-rss-explicit,explicit,BenchmarkCompileCompact/isa_ctl,allocs/op,43,43,0,1,6,1x,"memory check, not a timing claim"
fixed-rss-explicit,explicit,BenchmarkCompileCompact/isa_call,ns/op,69008,64946,-5.886274055182006,0.30952380952380953,6,1x,"memory check, not a timing claim"
fixed-rss-explicit,explicit,BenchmarkCompileCompact/isa_call,B/op,20984,20344,-3.0499428135722484,0.0021645021645021645,6,1x,"memory check, not a timing claim"
fixed-rss-explicit,explicit,BenchmarkCompileCompact/isa_call,allocs/op,66,66,0,1,6,1x,"memory check, not a timing claim"
fixed-rss-explicit,explicit,BenchmarkCompileCompact/isa_var,ns/op,77083,53509.5,-30.581970084194953,0.09307359307359307,6,1x,"memory check, not a timing claim"
fixed-rss-explicit,explicit,BenchmarkCompileCompact/isa_var,B/op,25712,24944,-2.986932171748602,0.0021645021645021645,6,1x,"memory check, not a timing claim"
fixed-rss-explicit,explicit,BenchmarkCompileCompact/isa_var,allocs/op,37,37,0,1,6,1x,"memory check, not a timing claim"
fixed-rss-explicit,explicit,BenchmarkCompileCompact/isa_cvt,ns/op,132987.5,116847,-12.136854967572141,0.0021645021645021645,6,1x,"memory check, not a timing claim"
fixed-rss-explicit,explicit,BenchmarkCompileCompact/isa_cvt,B/op,26280,23560,-10.350076103500761,0.0021645021645021645,6,1x,"memory check, not a timing claim"
fixed-rss-explicit,explicit,BenchmarkCompileCompact/isa_cvt,allocs/op,52,52,0,1,6,1x,"memory check, not a timing claim"
fixed-rss-explicit,explicit,BenchmarkCompileCompact/isa_simd_v128,ns/op,109538,91525,-16.444521535905345,0.025974025974025976,6,1x,"memory check, not a timing claim"
fixed-rss-explicit,explicit,BenchmarkCompileCompact/isa_simd_v128,B/op,33128,33112,-0.04829751267809712,0.0021645021645021645,6,1x,"memory check, not a timing claim"
fixed-rss-explicit,explicit,BenchmarkCompileCompact/isa_simd_v128,allocs/op,57,57,0,1,6,1x,"memory check, not a timing claim"
fixed-rss-explicit,explicit,BenchmarkCompileCompact/isa_simd_i8x16,ns/op,317064.5,253926.5,-19.913298398275426,0.0021645021645021645,6,1x,"memory check, not a timing claim"
fixed-rss-explicit,explicit,BenchmarkCompileCompact/isa_simd_i8x16,B/op,46376,39336,-15.180265654648961,0.0021645021645021645,6,1x,"memory check, not a timing claim"
fixed-rss-explicit,explicit,BenchmarkCompileCompact/isa_simd_i8x16,allocs/op,66,66,0,1,6,1x,"memory check, not a timing claim"
fixed-rss-explicit,explicit,BenchmarkCompileCompact/isa_simd_i16x8,ns/op,399176.5,330259,-17.264919152304802,0.06493506493506493,6,1x,"memory check, not a timing claim"
fixed-rss-explicit,explicit,BenchmarkCompileCompact/isa_simd_i16x8,B/op,42864,36592,-14.632325494587528,0.0021645021645021645,6,1x,"memory check, not a timing claim"
fixed-rss-explicit,explicit,BenchmarkCompileCompact/isa_simd_i16x8,allocs/op,51,51,0,1,6,1x,"memory check, not a timing claim"
fixed-rss-explicit,explicit,BenchmarkCompileCompact/isa_simd_i32x4,ns/op,383587.5,393486,2.580506403362981,0.3939393939393939,6,1x,"memory check, not a timing claim"
fixed-rss-explicit,explicit,BenchmarkCompileCompact/isa_simd_i32x4,B/op,39784,33512,-15.765131711240699,0.0021645021645021645,6,1x,"memory check, not a timing claim"
fixed-rss-explicit,explicit,BenchmarkCompileCompact/isa_simd_i32x4,allocs/op,52,52,0,1,6,1x,"memory check, not a timing claim"
fixed-rss-explicit,explicit,BenchmarkCompileCompact/isa_simd_i64x2,ns/op,329982.5,251166,-23.885054510466464,0.13203463203463203,6,1x,"memory check, not a timing claim"
fixed-rss-explicit,explicit,BenchmarkCompileCompact/isa_simd_i64x2,B/op,37968,31760,-16.35061104087653,0.0021645021645021645,6,1x,"memory check, not a timing claim"
fixed-rss-explicit,explicit,BenchmarkCompileCompact/isa_simd_i64x2,allocs/op,49,49,0,1,6,1x,"memory check, not a timing claim"
fixed-rss-explicit,explicit,BenchmarkCompileCompact/isa_simd_f32x4,ns/op,360499.5,255364,-29.163840726547473,0.0021645021645021645,6,1x,"memory check, not a timing claim"
fixed-rss-explicit,explicit,BenchmarkCompileCompact/isa_simd_f32x4,B/op,35800,29592,-17.34078212290503,0.0021645021645021645,6,1x,"memory check, not a timing claim"
fixed-rss-explicit,explicit,BenchmarkCompileCompact/isa_simd_f32x4,allocs/op,50,50,0,1,6,1x,"memory check, not a timing claim"
fixed-rss-explicit,explicit,BenchmarkCompileCompact/isa_simd_f64x2,ns/op,290178.5,226541,-21.93046693673032,0.13203463203463203,6,1x,"memory check, not a timing claim"
fixed-rss-explicit,explicit,BenchmarkCompileCompact/isa_simd_f64x2,B/op,35752,29544,-17.36406354889237,0.0021645021645021645,6,1x,"memory check, not a timing claim"
fixed-rss-explicit,explicit,BenchmarkCompileCompact/isa_simd_f64x2,allocs/op,49,49,0,1,6,1x,"memory check, not a timing claim"
fixed-rss-explicit,explicit,BenchmarkCompileCompact/isa_simd_reduce,ns/op,98963.5,95162,-3.8413152323836575,0.6991341991341992,6,1x,"memory check, not a timing claim"
fixed-rss-explicit,explicit,BenchmarkCompileCompact/isa_simd_reduce,B/op,28600,25752,-9.958041958041964,0.0021645021645021645,6,1x,"memory check, not a timing claim"
fixed-rss-explicit,explicit,BenchmarkCompileCompact/isa_simd_reduce,allocs/op,38,38,0,1,6,1x,"memory check, not a timing claim"
fixed-memory-signals,signals,BenchmarkCompileWorkers/json-as/p2,ns/op,1021703,737245,-27.84155473753136,0.0021645021645021645,6,1x,"memory check, not a timing claim"
fixed-memory-signals,signals,BenchmarkCompileWorkers/json-as/p2,code-B,57638,57638,0,1,6,1x,"memory check, not a timing claim"
fixed-memory-signals,signals,BenchmarkCompileWorkers/json-as/p2,B/op,432108,435664,0.8229424125450135,0.09307359307359307,6,1x,"memory check, not a timing claim"
fixed-memory-signals,signals,BenchmarkCompileWorkers/json-as/p2,allocs/op,264,248,-6.060606060606055,0.0021645021645021645,6,1x,"memory check, not a timing claim"
fixed-memory-signals,signals,BenchmarkCompileWorkers/json-as/p4,ns/op,780295,545348.5,-30.10995841316425,0.0021645021645021645,6,1x,"memory check, not a timing claim"
fixed-memory-signals,signals,BenchmarkCompileWorkers/json-as/p4,code-B,57638,57638,0,1,6,1x,"memory check, not a timing claim"
fixed-memory-signals,signals,BenchmarkCompileWorkers/json-as/p4,B/op,561212,566788,0.9935639294954557,0.13203463203463203,6,1x,"memory check, not a timing claim"
fixed-memory-signals,signals,BenchmarkCompileWorkers/json-as/p4,allocs/op,405.5,401,-1.1097410604192337,0.0367965367965368,6,1x,"memory check, not a timing claim"
fixed-memory-signals,signals,BenchmarkCompileWorkers/ruby/p8,ns/op,225048284.5,87455738,-61.139122569050286,0.0021645021645021645,6,1x,"memory check, not a timing claim"
fixed-memory-signals,signals,BenchmarkCompileWorkers/ruby/p8,code-B,35172218,35172218,0,1,6,1x,"memory check, not a timing claim"
fixed-memory-signals,signals,BenchmarkCompileWorkers/ruby/p8,B/op,139557272,139289660,-0.19175783258360557,0.8181818181818182,6,1x,"memory check, not a timing claim"
fixed-memory-signals,signals,BenchmarkCompileWorkers/ruby/p8,allocs/op,14368,14480,0.7795100222717233,0.04112554112554113,6,1x,"memory check, not a timing claim"
fixed-memory-signals,signals,BenchmarkCompileWorkers/sqlite3/p4,ns/op,27114247,15186677.5,-43.990045159653526,0.0021645021645021645,6,1x,"memory check, not a timing claim"
fixed-memory-signals,signals,BenchmarkCompileWorkers/sqlite3/p4,code-B,3636329,3636329,0,1,6,1x,"memory check, not a timing claim"
fixed-memory-signals,signals,BenchmarkCompileWorkers/sqlite3/p4,B/op,13888556,13806176,-0.593150216624394,0.8181818181818182,6,1x,"memory check, not a timing claim"
fixed-memory-signals,signals,BenchmarkCompileWorkers/sqlite3/p4,allocs/op,3582,3556,-0.7258514796203208,0.025974025974025976,6,1x,"memory check, not a timing claim"
fixed-memory-signals,signals,BenchmarkCompileWorkers/sqlite3/p8,ns/op,21472855,9342168,-56.49312585587711,0.0021645021645021645,6,1x,"memory check, not a timing claim"
fixed-memory-signals,signals,BenchmarkCompileWorkers/sqlite3/p8,code-B,3636329,3636329,0,1,6,1x,"memory check, not a timing claim"
fixed-memory-signals,signals,BenchmarkCompileWorkers/sqlite3/p8,B/op,15632648,16612900,6.2705435445101765,0.6991341991341992,6,1x,"memory check, not a timing claim"
fixed-memory-signals,signals,BenchmarkCompileWorkers/sqlite3/p8,allocs/op,4513.5,4553,0.8751523208153422,0.33116883116883117,6,1x,"memory check, not a timing claim"
fixed-memory-signals,signals,BenchmarkCompileFullWorkers/sqlite3/p8,ns/op,46960154,17282026,-63.19853210021415,0.0021645021645021645,6,1x,"memory check, not a timing claim"
fixed-memory-signals,signals,BenchmarkCompileFullWorkers/sqlite3/p8,code-B,2628361,2628361,0,1,6,1x,"memory check, not a timing claim"
fixed-memory-signals,signals,BenchmarkCompileFullWorkers/sqlite3/p8,B/op,17003072,17255932,1.4871430292126009,0.04112554112554113,6,1x,"memory check, not a timing claim"
fixed-memory-signals,signals,BenchmarkCompileFullWorkers/sqlite3/p8,allocs/op,9845.5,9893,0.4824539129551608,0.015151515151515152,6,1x,"memory check, not a timing claim"
fixed-memory-signals,signals,BenchmarkCompileFullWorkers/json-as/p8,ns/op,1755353.5,1184297,-32.532279110731835,0.0021645021645021645,6,1x,"memory check, not a timing claim"
fixed-memory-signals,signals,BenchmarkCompileFullWorkers/json-as/p8,code-B,55941,55941,0,1,6,1x,"memory check, not a timing claim"
fixed-memory-signals,signals,BenchmarkCompileFullWorkers/json-as/p8,B/op,847268,847264,-0.00047210563836053154,0.6991341991341992,6,1x,"memory check, not a timing claim"
fixed-memory-signals,signals,BenchmarkCompileFullWorkers/json-as/p8,allocs/op,944.5,949,0.47644256220222836,0.5086580086580087,6,1x,"memory check, not a timing claim"
fixed-memory-signals,signals,BenchmarkCompileWorkers/tiny/p2,ns/op,134745.5,138818.5,3.0227354531320083,0.5887445887445888,6,1x,"memory check, not a timing claim"
fixed-memory-signals,signals,BenchmarkCompileWorkers/tiny/p2,code-B,96,96,0,1,6,1x,"memory check, not a timing claim"
fixed-memory-signals,signals,BenchmarkCompileWorkers/tiny/p2,B/op,18752,18784,0.17064846416381396,0.14285714285714285,6,1x,"memory check, not a timing claim"
fixed-memory-signals,signals,BenchmarkCompileWorkers/tiny/p2,allocs/op,45,48,6.666666666666665,0.0021645021645021645,6,1x,"memory check, not a timing claim"
fixed-memory-signals,signals,BenchmarkCompileWorkers/json-as/p8,ns/op,960640,739900,-22.97843104596935,0.004329004329004329,6,1x,"memory check, not a timing claim"
fixed-memory-signals,signals,BenchmarkCompileWorkers/json-as/p8,code-B,57638,57638,0,1,6,1x,"memory check, not a timing claim"
fixed-memory-signals,signals,BenchmarkCompileWorkers/json-as/p8,B/op,740452,766752,3.5518845245876784,0.09307359307359307,6,1x,"memory check, not a timing claim"
fixed-memory-signals,signals,BenchmarkCompileWorkers/json-as/p8,allocs/op,622.5,630,1.2048192771084265,0.5887445887445888,6,1x,"memory check, not a timing claim"
fixed-memory-signals,signals,BenchmarkCompileWorkers/lua/p4,ns/op,7724359,4484322.5,-41.94570060764913,0.0021645021645021645,6,1x,"memory check, not a timing claim"
fixed-memory-signals,signals,BenchmarkCompileWorkers/lua/p4,code-B,890004,890004,0,1,6,1x,"memory check, not a timing claim"
fixed-memory-signals,signals,BenchmarkCompileWorkers/lua/p4,B/op,4431500,4443668,0.27457971341531273,0.5887445887445888,6,1x,"memory check, not a timing claim"
fixed-memory-signals,signals,BenchmarkCompileWorkers/lua/p4,allocs/op,1486.5,1492,0.36999663639420977,0.3939393939393939,6,1x,"memory check, not a timing claim"
fixed-memory-signals,signals,BenchmarkCompileWorkers/lua/p8,ns/op,6616681.5,3362990.5,-49.17406104555584,0.0021645021645021645,6,1x,"memory check, not a timing claim"
fixed-memory-signals,signals,BenchmarkCompileWorkers/lua/p8,code-B,890004,890004,0,1,6,1x,"memory check, not a timing claim"
fixed-memory-signals,signals,BenchmarkCompileWorkers/lua/p8,B/op,5390800,5313688,-1.430437040884469,0.6991341991341992,6,1x,"memory check, not a timing claim"
fixed-memory-signals,signals,BenchmarkCompileWorkers/lua/p8,allocs/op,2243,2201.5,-1.8502006241640667,0.24025974025974026,6,1x,"memory check, not a timing claim"
fixed-memory-signals,signals,BenchmarkCompileWorkers/esbuild/p2,ns/op,253993706,167407024.5,-34.09008942134968,0.0021645021645021645,6,1x,"memory check, not a timing claim"
fixed-memory-signals,signals,BenchmarkCompileWorkers/esbuild/p2,code-B,26622496,26622496,0,1,6,1x,"memory check, not a timing claim"
fixed-memory-signals,signals,BenchmarkCompileWorkers/esbuild/p2,B/op,112587956,112087384,-0.44460528264674837,0.3939393939393939,6,1x,"memory check, not a timing claim"
fixed-memory-signals,signals,BenchmarkCompileWorkers/esbuild/p2,allocs/op,15097,14766.5,-2.1891766576141003,0.6991341991341992,6,1x,"memory check, not a timing claim"
fixed-memory-signals,signals,BenchmarkCompileFull/many_funcs,ns/op,895158.5,776954,-13.204868188147689,0.06493506493506493,6,1x,"memory check, not a timing claim"
fixed-memory-signals,signals,BenchmarkCompileFull/many_funcs,code-B,7817,7817,0,1,6,1x,"memory check, not a timing claim"
fixed-memory-signals,signals,BenchmarkCompileFull/many_funcs,B/op,167064,169560,1.4940382129004393,0.0021645021645021645,6,1x,"memory check, not a timing claim"
fixed-memory-signals,signals,BenchmarkCompileFull/many_funcs,allocs/op,100,102,2.0000000000000018,0.0021645021645021645,6,1x,"memory check, not a timing claim"
fixed-memory-signals,signals,BenchmarkCompileFull/json-as,ns/op,2235520,1737454.5,-22.27962621671915,0.0021645021645021645,6,1x,"memory check, not a timing claim"
fixed-memory-signals,signals,BenchmarkCompileFull/json-as,code-B,55941,55941,0,1,6,1x,"memory check, not a timing claim"
fixed-memory-signals,signals,BenchmarkCompileFull/json-as,B/op,222664,223624,0.43114288793877353,0.0021645021645021645,6,1x,"memory check, not a timing claim"
fixed-memory-signals,signals,BenchmarkCompileFull/json-as,allocs/op,421,423,0.47505938242280443,0.0021645021645021645,6,1x,"memory check, not a timing claim"
fixed-memory-signals,signals,BenchmarkCompileFullWorkers/esbuild/p4,ns/op,385480177.5,171699263.5,-55.45834169384754,0.0021645021645021645,6,1x,"memory check, not a timing claim"
fixed-memory-signals,signals,BenchmarkCompileFullWorkers/esbuild/p4,code-B,20163867,20163867,0,1,6,1x,"memory check, not a timing claim"
fixed-memory-signals,signals,BenchmarkCompileFullWorkers/esbuild/p4,B/op,181373684,182870380,0.8252001982823387,0.09307359307359307,6,1x,"memory check, not a timing claim"
fixed-memory-signals,signals,BenchmarkCompileFullWorkers/esbuild/p4,allocs/op,26843.5,28464.5,6.038705831951874,0.04112554112554113,6,1x,"memory check, not a timing claim"
fixed-memory-signals,signals,BenchmarkCompileWorkers/esbuild/p8,ns/op,140772249.5,55737149,-60.40615306072807,0.0021645021645021645,6,1x,"memory check, not a timing claim"
fixed-memory-signals,signals,BenchmarkCompileWorkers/esbuild/p8,code-B,26622496,26622496,0,1,6,1x,"memory check, not a timing claim"
fixed-memory-signals,signals,BenchmarkCompileWorkers/esbuild/p8,B/op,130910904,131483868,0.4376747715377549,0.9372294372294372,6,1x,"memory check, not a timing claim"
fixed-memory-signals,signals,BenchmarkCompileWorkers/esbuild/p8,allocs/op,25676,24595,-4.210157345380905,0.3939393939393939,6,1x,"memory check, not a timing claim"
fixed-instantiate-signals,signals,BenchmarkPluginInstantiate/ruby,ns/op,1690729,1579062.5,-6.6046362249656765,0.0021645021645021645,6,128x,equal work
fixed-instantiate-signals,signals,BenchmarkPluginInstantiate/ruby,B/op,302069,86629,-71.32145304549623,0.0021645021645021645,6,128x,equal work
fixed-instantiate-signals,signals,BenchmarkPluginInstantiate/ruby,allocs/op,9405,779,-91.71717171717172,0.0021645021645021645,6,128x,equal work
fixed-rss-signals,signals,BenchmarkCompileCompact/tiny,ns/op,132942.5,137596,3.5003855050115718,0.3939393939393939,6,1x,"memory check, not a timing claim"
fixed-rss-signals,signals,BenchmarkCompileCompact/tiny,B/op,10848,10848,0,1,6,1x,"memory check, not a timing claim"
fixed-rss-signals,signals,BenchmarkCompileCompact/tiny,allocs/op,28,28,0,1,6,1x,"memory check, not a timing claim"
fixed-rss-signals,signals,BenchmarkCompileCompact/fib_iter,ns/op,58688.5,57526.5,-1.9799449636640931,0.30952380952380953,6,1x,"memory check, not a timing claim"
fixed-rss-signals,signals,BenchmarkCompileCompact/fib_iter,B/op,13232,12720,-3.8694074969770287,0.0021645021645021645,6,1x,"memory check, not a timing claim"
fixed-rss-signals,signals,BenchmarkCompileCompact/fib_iter,allocs/op,28,28,0,1,6,1x,"memory check, not a timing claim"
fixed-rss-signals,signals,BenchmarkCompileCompact/fib_rec,ns/op,64735.5,59104.5,-8.69847301712352,0.9372294372294372,6,1x,"memory check, not a timing claim"
fixed-rss-signals,signals,BenchmarkCompileCompact/fib_rec,B/op,13312,12544,-5.769230769230771,0.0021645021645021645,6,1x,"memory check, not a timing claim"
fixed-rss-signals,signals,BenchmarkCompileCompact/fib_rec,allocs/op,37,37,0,1,6,1x,"memory check, not a timing claim"
fixed-rss-signals,signals,BenchmarkCompileCompact/arith,ns/op,52292,43100.5,-17.577258471659142,0.5887445887445888,6,1x,"memory check, not a timing claim"
fixed-rss-signals,signals,BenchmarkCompileCompact/arith,B/op,27504,12912,-53.054101221640494,0.0021645021645021645,6,1x,"memory check, not a timing claim"
fixed-rss-signals,signals,BenchmarkCompileCompact/arith,allocs/op,27,27,0,1,6,1x,"memory check, not a timing claim"
fixed-rss-signals,signals,BenchmarkCompileCompact/float,ns/op,61549.5,50649.5,-17.709323390116893,0.09307359307359307,6,1x,"memory check, not a timing claim"
fixed-rss-signals,signals,BenchmarkCompileCompact/float,B/op,28096,13504,-51.93621867881548,0.0021645021645021645,6,1x,"memory check, not a timing claim"
fixed-rss-signals,signals,BenchmarkCompileCompact/float,allocs/op,41,41,0,1,6,1x,"memory check, not a timing claim"
fixed-rss-signals,signals,BenchmarkCompileCompact/memory,ns/op,46391.5,51886.5,11.844842266363443,0.9372294372294372,6,1x,"memory check, not a timing claim"
fixed-rss-signals,signals,BenchmarkCompileCompact/memory,B/op,13632,12736,-6.572769953051639,0.0021645021645021645,6,1x,"memory check, not a timing claim"
fixed-rss-signals,signals,BenchmarkCompileCompact/memory,allocs/op,34,34,0,1,6,1x,"memory check, not a timing claim"
fixed-rss-signals,signals,BenchmarkCompileCompact/memory_tree,ns/op,62827,52622.5,-16.242220701290844,0.30952380952380953,6,1x,"memory check, not a timing claim"
fixed-rss-signals,signals,BenchmarkCompileCompact/memory_tree,B/op,28496,16976,-40.42672655811342,0.0021645021645021645,6,1x,"memory check, not a timing claim"
fixed-rss-signals,signals,BenchmarkCompileCompact/memory_tree,allocs/op,51,51,0,1,6,1x,"memory check, not a timing claim"
fixed-rss-signals,signals,BenchmarkCompileCompact/globals,ns/op,44428,39999.5,-9.967813090843613,0.30952380952380953,6,1x,"memory check, not a timing claim"
fixed-rss-signals,signals,BenchmarkCompileCompact/globals,B/op,13720,12952,-5.59766763848396,0.0021645021645021645,6,1x,"memory check, not a timing claim"
fixed-rss-signals,signals,BenchmarkCompileCompact/globals,allocs/op,40,40,0,1,6,1x,"memory check, not a timing claim"
fixed-rss-signals,signals,BenchmarkCompileCompact/dispatch,ns/op,52723,45440,-13.813705593384295,0.48484848484848486,6,1x,"memory check, not a timing claim"
fixed-rss-signals,signals,BenchmarkCompileCompact/dispatch,B/op,11352,11336,-0.14094432699084392,0.0021645021645021645,6,1x,"memory check, not a timing claim"
fixed-rss-signals,signals,BenchmarkCompileCompact/dispatch,allocs/op,44,44,0,1,6,1x,"memory check, not a timing claim"
fixed-rss-signals,signals,BenchmarkCompileCompact/branches,ns/op,33953,31429,-7.433805554737427,0.3939393939393939,6,1x,"memory check, not a timing claim"
fixed-rss-signals,signals,BenchmarkCompileCompact/branches,B/op,13296,12272,-7.701564380264736,0.0021645021645021645,6,1x,"memory check, not a timing claim"
fixed-rss-signals,signals,BenchmarkCompileCompact/branches,allocs/op,26,26,0,1,6,1x,"memory check, not a timing claim"
fixed-rss-signals,signals,BenchmarkCompileCompact/many_funcs,ns/op,361212,330565,-8.484491102178227,0.09307359307359307,6,1x,"memory check, not a timing claim"
fixed-rss-signals,signals,BenchmarkCompileCompact/many_funcs,B/op,53320,53064,-0.4801200300075026,0.0021645021645021645,6,1x,"memory check, not a timing claim"
fixed-rss-signals,signals,BenchmarkCompileCompact/many_funcs,allocs/op,40,40,0,1,6,1x,"memory check, not a timing claim"
fixed-rss-signals,signals,BenchmarkCompileCompact/linked_list,ns/op,46010.5,43330.5,-5.824757392334357,0.6991341991341992,6,1x,"memory check, not a timing claim"
fixed-rss-signals,signals,BenchmarkCompileCompact/linked_list,B/op,16864,14944,-11.38519924098672,0.0021645021645021645,6,1x,"memory check, not a timing claim"
fixed-rss-signals,signals,BenchmarkCompileCompact/linked_list,allocs/op,38,38,0,1,6,1x,"memory check, not a timing claim"
fixed-rss-signals,signals,BenchmarkCompileCompact/mandelbrot,ns/op,52557.5,50684.5,-3.563715930171718,0.6991341991341992,6,1x,"memory check, not a timing claim"
fixed-rss-signals,signals,BenchmarkCompileCompact/mandelbrot,B/op,30304,22112,-27.03273495248152,0.0021645021645021645,6,1x,"memory check, not a timing claim"
fixed-rss-signals,signals,BenchmarkCompileCompact/mandelbrot,allocs/op,58,58,0,1,6,1x,"memory check, not a timing claim"
fixed-rss-signals,signals,BenchmarkCompileCompact/sieve,ns/op,46657,41407,-11.2523308399597,0.04112554112554113,6,1x,"memory check, not a timing claim"
fixed-rss-signals,signals,BenchmarkCompileCompact/sieve,B/op,20976,17648,-15.86575133485889,0.0021645021645021645,6,1x,"memory check, not a timing claim"
fixed-rss-signals,signals,BenchmarkCompileCompact/sieve,allocs/op,39,39,0,1,6,1x,"memory check, not a timing claim"
fixed-rss-signals,signals,BenchmarkCompileCompact/nbody,ns/op,135517,144654,6.742327530863279,0.6991341991341992,6,1x,"memory check, not a timing claim"
fixed-rss-signals,signals,BenchmarkCompileCompact/nbody,B/op,74208,74208,0,1,6,1x,"memory check, not a timing claim"
fixed-rss-signals,signals,BenchmarkCompileCompact/nbody,allocs/op,92,92,0,1,6,1x,"memory check, not a timing claim"
fixed-rss-signals,signals,BenchmarkCompileCompact/spectralnorm,ns/op,124496.5,110786.5,-11.012357777126269,0.17965367965367965,6,1x,"memory check, not a timing claim"
fixed-rss-signals,signals,BenchmarkCompileCompact/spectralnorm,B/op,64040,64040,0,1,6,1x,"memory check, not a timing claim"
fixed-rss-signals,signals,BenchmarkCompileCompact/spectralnorm,allocs/op,81,81,0,1,6,1x,"memory check, not a timing claim"
fixed-rss-signals,signals,BenchmarkCompileCompact/fannkuch,ns/op,178652.5,145380.5,-18.623864765396515,0.025974025974025976,6,1x,"memory check, not a timing claim"
fixed-rss-signals,signals,BenchmarkCompileCompact/fannkuch,B/op,69344,69344,0,1,6,1x,"memory check, not a timing claim"
fixed-rss-signals,signals,BenchmarkCompileCompact/fannkuch,allocs/op,71,71,0,1,6,1x,"memory check, not a timing claim"
fixed-rss-signals,signals,BenchmarkCompileCompact/matmul,ns/op,102680.5,108847.5,6.00600893061487,1,6,1x,"memory check, not a timing claim"
fixed-rss-signals,signals,BenchmarkCompileCompact/matmul,B/op,64872,64872,0,1,6,1x,"memory check, not a timing claim"
fixed-rss-signals,signals,BenchmarkCompileCompact/matmul,allocs/op,78,78,0,1,6,1x,"memory check, not a timing claim"
fixed-rss-signals,signals,BenchmarkCompileCompact/quicksort,ns/op,106703.5,90398.5,-15.280660896784081,0.09307359307359307,6,1x,"memory check, not a timing claim"
fixed-rss-signals,signals,BenchmarkCompileCompact/quicksort,B/op,30072,30072,0,1,6,1x,"memory check, not a timing claim"
fixed-rss-signals,signals,BenchmarkCompileCompact/quicksort,allocs/op,72,72,0,1,6,1x,"memory check, not a timing claim"
fixed-rss-signals,signals,BenchmarkCompileCompact/crc32,ns/op,63724,70491,10.61923294206264,1,6,1x,"memory check, not a timing claim"
fixed-rss-signals,signals,BenchmarkCompileCompact/crc32,B/op,28640,28640,0,1,6,1x,"memory check, not a timing claim"
fixed-rss-signals,signals,BenchmarkCompileCompact/crc32,allocs/op,47,47,0,1,6,1x,"memory check, not a timing claim"
fixed-rss-signals,signals,BenchmarkCompileCompact/sha256,ns/op,151882.5,110440.5,-27.285566144881734,0.015151515151515152,6,1x,"memory check, not a timing claim"
fixed-rss-signals,signals,BenchmarkCompileCompact/sha256,B/op,65992,65992,0,1,6,1x,"memory check, not a timing claim"
fixed-rss-signals,signals,BenchmarkCompileCompact/sha256,allocs/op,57,57,0,1,6,1x,"memory check, not a timing claim"
fixed-rss-signals,signals,BenchmarkCompileCompact/raytrace,ns/op,284013,222579,-21.63070000316887,0.008658008658008658,6,1x,"memory check, not a timing claim"
fixed-rss-signals,signals,BenchmarkCompileCompact/raytrace,B/op,145888,145888,0,1,6,1x,"memory check, not a timing claim"
fixed-rss-signals,signals,BenchmarkCompileCompact/raytrace,allocs/op,119,119,0,1,6,1x,"memory check, not a timing claim"
fixed-rss-signals,signals,BenchmarkCompileCompact/regexmatch,ns/op,47629154.5,41697491.5,-12.453849039037635,0.0021645021645021645,6,1x,"memory check, not a timing claim"
fixed-rss-signals,signals,BenchmarkCompileCompact/regexmatch,B/op,1397368,1395400,-0.14083620062861346,0.0021645021645021645,6,1x,"memory check, not a timing claim"
fixed-rss-signals,signals,BenchmarkCompileCompact/regexmatch,allocs/op,1947,1949,0.10272213662043672,0.0021645021645021645,6,1x,"memory check, not a timing claim"
fixed-rss-signals,signals,BenchmarkCompileCompact/wasm3,ns/op,11944397,10490637.5,-12.171058112016874,0.0021645021645021645,6,1x,"memory check, not a timing claim"
fixed-rss-signals,signals,BenchmarkCompileCompact/wasm3,B/op,505584,502952,-0.5205860944966667,0.0021645021645021645,6,1x,"memory check, not a timing claim"
fixed-rss-signals,signals,BenchmarkCompileCompact/wasm3,allocs/op,837,839,0.2389486260454099,0.0021645021645021645,6,1x,"memory check, not a timing claim"
fixed-rss-signals,signals,BenchmarkCompileCompact/json-as,ns/op,1453940,1271034,-12.580023934962925,0.17965367965367965,6,1x,"memory check, not a timing claim"
fixed-rss-signals,signals,BenchmarkCompileCompact/json-as,B/op,136288,136832,0.3991547311575472,0.0021645021645021645,6,1x,"memory check, not a timing claim"
fixed-rss-signals,signals,BenchmarkCompileCompact/json-as,allocs/op,148,148,0,1,6,1x,"memory check, not a timing claim"
fixed-rss-signals,signals,BenchmarkCompileCompact/blake-as,ns/op,522176.5,429293.5,-17.787663749709147,0.09307359307359307,6,1x,"memory check, not a timing claim"
fixed-rss-signals,signals,BenchmarkCompileCompact/blake-as,B/op,133864,133664,-0.14940536664076465,0.0021645021645021645,6,1x,"memory check, not a timing claim"
fixed-rss-signals,signals,BenchmarkCompileCompact/blake-as,allocs/op,97,93,-4.123711340206182,0.0021645021645021645,6,1x,"memory check, not a timing claim"
fixed-rss-signals,signals,BenchmarkCompileCompact/utf-as,ns/op,198173.5,232928.5,17.537662704650224,0.8181818181818182,6,1x,"memory check, not a timing claim"
fixed-rss-signals,signals,BenchmarkCompileCompact/utf-as,B/op,121960,121944,-0.013119055428012505,0.0021645021645021645,6,1x,"memory check, not a timing claim"
fixed-rss-signals,signals,BenchmarkCompileCompact/utf-as,allocs/op,73,73,0,1,6,1x,"memory check, not a timing claim"
fixed-rss-signals,signals,BenchmarkCompileCompact/xjb-mulhi,ns/op,77193,76873,-0.4145453603305982,0.8181818181818182,6,1x,"memory check, not a timing claim"
fixed-rss-signals,signals,BenchmarkCompileCompact/xjb-mulhi,B/op,28608,17088,-40.26845637583892,0.0021645021645021645,6,1x,"memory check, not a timing claim"
fixed-rss-signals,signals,BenchmarkCompileCompact/xjb-mulhi,allocs/op,32,32,0,1,6,1x,"memory check, not a timing claim"
fixed-rss-signals,signals,BenchmarkCompileCompact/swar-pack-parse,ns/op,68032,78070.5,14.7555562088429,1,6,1x,"memory check, not a timing claim"
fixed-rss-signals,signals,BenchmarkCompileCompact/swar-pack-parse,B/op,26264,14744,-43.862321047822114,0.0021645021645021645,6,1x,"memory check, not a timing claim"
fixed-rss-signals,signals,BenchmarkCompileCompact/swar-pack-parse,allocs/op,29,29,0,1,6,1x,"memory check, not a timing claim"
fixed-rss-signals,signals,BenchmarkCompileCompact/json-as-simd,ns/op,1509988,1219107.5,-19.263762361025382,0.06493506493506493,6,1x,"memory check, not a timing claim"
fixed-rss-signals,signals,BenchmarkCompileCompact/json-as-simd,B/op,144504,145176,0.46503903006145375,0.0021645021645021645,6,1x,"memory check, not a timing claim"
fixed-rss-signals,signals,BenchmarkCompileCompact/json-as-simd,allocs/op,183,183,0,1,6,1x,"memory check, not a timing claim"
fixed-rss-signals,signals,BenchmarkCompileCompact/blake-as-simd,ns/op,1187885,860089.5,-27.59488502674923,0.008658008658008658,6,1x,"memory check, not a timing claim"
fixed-rss-signals,signals,BenchmarkCompileCompact/blake-as-simd,B/op,284696,284848,0.05339028296849069,0.0021645021645021645,6,1x,"memory check, not a timing claim"
fixed-rss-signals,signals,BenchmarkCompileCompact/blake-as-simd,allocs/op,139,138,-0.7194244604316502,0.0021645021645021645,6,1x,"memory check, not a timing claim"
fixed-rss-signals,signals,BenchmarkCompileCompact/utf-as-simd,ns/op,682720.5,479451,-29.773457805939618,0.008658008658008658,6,1x,"memory check, not a timing claim"
fixed-rss-signals,signals,BenchmarkCompileCompact/utf-as-simd,B/op,146760,146656,-0.07086399563913659,0.0021645021645021645,6,1x,"memory check, not a timing claim"
fixed-rss-signals,signals,BenchmarkCompileCompact/utf-as-simd,allocs/op,137,135,-1.4598540145985384,0.0021645021645021645,6,1x,"memory check, not a timing claim"
fixed-rss-signals,signals,BenchmarkCompileCompact/coremark,ns/op,560412.5,569509,1.6231793544933426,0.3939393939393939,6,1x,"memory check, not a timing claim"
fixed-rss-signals,signals,BenchmarkCompileCompact/coremark,B/op,131264,131248,-0.012189176011700997,0.0021645021645021645,6,1x,"memory check, not a timing claim"
fixed-rss-signals,signals,BenchmarkCompileCompact/coremark,allocs/op,96,96,0,1,6,1x,"memory check, not a timing claim"
fixed-rss-signals,signals,BenchmarkCompileCompact/blake3,ns/op,1022837,986464.5,-3.5560406985668314,0.3939393939393939,6,1x,"memory check, not a timing claim"
fixed-rss-signals,signals,BenchmarkCompileCompact/blake3,B/op,139344,139312,-0.022964749110121474,0.0021645021645021645,6,1x,"memory check, not a timing claim"
fixed-rss-signals,signals,BenchmarkCompileCompact/blake3,allocs/op,109,109,0,1,6,1x,"memory check, not a timing claim"
fixed-rss-signals,signals,BenchmarkCompileCompact/qoi,ns/op,345748,283322,-18.05534666867198,0.13203463203463203,6,1x,"memory check, not a timing claim"
fixed-rss-signals,signals,BenchmarkCompileCompact/qoi,B/op,68128,68096,-0.04697040864255486,0.0021645021645021645,6,1x,"memory check, not a timing claim"
fixed-rss-signals,signals,BenchmarkCompileCompact/qoi,allocs/op,93,93,0,1,6,1x,"memory check, not a timing claim"
fixed-rss-signals,signals,BenchmarkCompileCompact/lz4,ns/op,306034.5,232873.5,-23.906128230640668,0.015151515151515152,6,1x,"memory check, not a timing claim"
fixed-rss-signals,signals,BenchmarkCompileCompact/lz4,B/op,64112,64096,-0.0249563264287489,0.0021645021645021645,6,1x,"memory check, not a timing claim"
fixed-rss-signals,signals,BenchmarkCompileCompact/lz4,allocs/op,69,69,0,1,6,1x,"memory check, not a timing claim"
fixed-rss-signals,signals,BenchmarkCompileCompact/zlib,ns/op,916740.5,919270,0.2759232301834613,0.8181818181818182,6,1x,"memory check, not a timing claim"
fixed-rss-signals,signals,BenchmarkCompileCompact/zlib,B/op,301320,301304,-0.005309969467670594,0.0021645021645021645,6,1x,"memory check, not a timing claim"
fixed-rss-signals,signals,BenchmarkCompileCompact/zlib,allocs/op,176,176,0,1,6,1x,"memory check, not a timing claim"
fixed-rss-signals,signals,BenchmarkCompileCompact/zstd,ns/op,3230980,2749594,-14.899070870138475,0.025974025974025976,6,1x,"memory check, not a timing claim"
fixed-rss-signals,signals,BenchmarkCompileCompact/zstd,B/op,1007256,1007248,-0.0007942370162106194,0.0021645021645021645,6,1x,"memory check, not a timing claim"
fixed-rss-signals,signals,BenchmarkCompileCompact/zstd,allocs/op,228,230,0.8771929824561431,0.0021645021645021645,6,1x,"memory check, not a timing claim"
fixed-rss-signals,signals,BenchmarkCompileCompact/lua,ns/op,17320653,15013180,-13.322090108265549,0.0021645021645021645,6,1x,"memory check, not a timing claim"
fixed-rss-signals,signals,BenchmarkCompileCompact/lua,B/op,813992,810752,-0.39803830995881473,0.0021645021645021645,6,1x,"memory check, not a timing claim"
fixed-rss-signals,signals,BenchmarkCompileCompact/lua,allocs/op,761,761,0,1,6,1x,"memory check, not a timing claim"
fixed-rss-signals,signals,BenchmarkCompileCompact/sqlite3,ns/op,72356171,62511327.5,-13.606086894786074,0.0021645021645021645,6,1x,"memory check, not a timing claim"
fixed-rss-signals,signals,BenchmarkCompileCompact/sqlite3,B/op,2249216,2234936,-0.6348878898247201,0.0021645021645021645,6,1x,"memory check, not a timing claim"
fixed-rss-signals,signals,BenchmarkCompileCompact/sqlite3,allocs/op,2150,2152,0.09302325581395099,0.0021645021645021645,6,1x,"memory check, not a timing claim"
fixed-rss-signals,signals,BenchmarkCompileCompact/ruby,ns/op,803687887,649872401,-19.13870900483038,0.0021645021645021645,6,1x,"memory check, not a timing claim"
fixed-rss-signals,signals,BenchmarkCompileCompact/ruby,B/op,15186200,13855836,-8.760348210875668,0.0021645021645021645,6,1x,"memory check, not a timing claim"
fixed-rss-signals,signals,BenchmarkCompileCompact/ruby,allocs/op,4487,4484.5,-0.05571651437485947,0.7662337662337663,6,1x,"memory check, not a timing claim"
fixed-rss-signals,signals,BenchmarkCompileCompact/esbuild,ns/op,410348675.5,339054956,-17.373936790006773,0.0021645021645021645,6,1x,"memory check, not a timing claim"
fixed-rss-signals,signals,BenchmarkCompileCompact/esbuild,B/op,18441752,18329320,-0.609660080018426,0.0021645021645021645,6,1x,"memory check, not a timing claim"
fixed-rss-signals,signals,BenchmarkCompileCompact/esbuild,allocs/op,9214,9212,-0.021706099413931756,0.0021645021645021645,6,1x,"memory check, not a timing claim"
fixed-rss-signals,signals,BenchmarkCompileCompact/isa_i32,ns/op,351403.5,293220.5,-16.557319434780815,0.17965367965367965,6,1x,"memory check, not a timing claim"
fixed-rss-signals,signals,BenchmarkCompileCompact/isa_i32,B/op,30952,30888,-0.2067717756526255,0.0021645021645021645,6,1x,"memory check, not a timing claim"
fixed-rss-signals,signals,BenchmarkCompileCompact/isa_i32,allocs/op,43,43,0,1,6,1x,"memory check, not a timing claim"
fixed-rss-signals,signals,BenchmarkCompileCompact/isa_i64,ns/op,292524,371716.5,27.072137670755225,0.17965367965367965,6,1x,"memory check, not a timing claim"
fixed-rss-signals,signals,BenchmarkCompileCompact/isa_i64,B/op,30952,30888,-0.2067717756526255,0.0021645021645021645,6,1x,"memory check, not a timing claim"
fixed-rss-signals,signals,BenchmarkCompileCompact/isa_i64,allocs/op,43,43,0,1,6,1x,"memory check, not a timing claim"
fixed-rss-signals,signals,BenchmarkCompileCompact/isa_f32,ns/op,324313,199080,-38.61485663541085,0.008658008658008658,6,1x,"memory check, not a timing claim"
fixed-rss-signals,signals,BenchmarkCompileCompact/isa_f32,B/op,34544,30416,-11.94997684113015,0.0021645021645021645,6,1x,"memory check, not a timing claim"
fixed-rss-signals,signals,BenchmarkCompileCompact/isa_f32,allocs/op,69,69,0,1,6,1x,"memory check, not a timing claim"
fixed-rss-signals,signals,BenchmarkCompileCompact/isa_f64,ns/op,255164.5,170978,-32.99302998653809,0.06493506493506493,6,1x,"memory check, not a timing claim"
fixed-rss-signals,signals,BenchmarkCompileCompact/isa_f64,B/op,34576,30448,-11.938917167977792,0.0021645021645021645,6,1x,"memory check, not a timing claim"
fixed-rss-signals,signals,BenchmarkCompileCompact/isa_f64,allocs/op,70,70,0,1,6,1x,"memory check, not a timing claim"
fixed-rss-signals,signals,BenchmarkCompileCompact/isa_mem,ns/op,155879.5,132701.5,-14.869177794386045,0.025974025974025976,6,1x,"memory check, not a timing claim"
fixed-rss-signals,signals,BenchmarkCompileCompact/isa_mem,B/op,28640,25808,-9.888268156424584,0.0021645021645021645,6,1x,"memory check, not a timing claim"
fixed-rss-signals,signals,BenchmarkCompileCompact/isa_mem,allocs/op,39,39,0,1,6,1x,"memory check, not a timing claim"
fixed-rss-signals,signals,BenchmarkCompileCompact/isa_bulk_mem,ns/op,105151,84627.5,-19.51812155852061,0.24025974025974026,6,1x,"memory check, not a timing claim"
fixed-rss-signals,signals,BenchmarkCompileCompact/isa_bulk_mem,B/op,14032,13616,-2.9646522234891726,0.0021645021645021645,6,1x,"memory check, not a timing claim"
fixed-rss-signals,signals,BenchmarkCompileCompact/isa_bulk_mem,allocs/op,41,41,0,1,6,1x,"memory check, not a timing claim"
fixed-rss-signals,signals,BenchmarkCompileCompact/isa_ctl,ns/op,152869.5,132131,-13.566146288173897,0.06493506493506493,6,1x,"memory check, not a timing claim"
fixed-rss-signals,signals,BenchmarkCompileCompact/isa_ctl,B/op,61760,61744,-0.025906735751290988,0.0021645021645021645,6,1x,"memory check, not a timing claim"
fixed-rss-signals,signals,BenchmarkCompileCompact/isa_ctl,allocs/op,43,43,0,1,6,1x,"memory check, not a timing claim"
fixed-rss-signals,signals,BenchmarkCompileCompact/isa_call,ns/op,76698,67345.5,-12.193929437534223,0.30952380952380953,6,1x,"memory check, not a timing claim"
fixed-rss-signals,signals,BenchmarkCompileCompact/isa_call,B/op,20984,20344,-3.0499428135722484,0.0021645021645021645,6,1x,"memory check, not a timing claim"
fixed-rss-signals,signals,BenchmarkCompileCompact/isa_call,allocs/op,66,66,0,1,6,1x,"memory check, not a timing claim"
fixed-rss-signals,signals,BenchmarkCompileCompact/isa_var,ns/op,61995,51656,-16.67715138317606,0.3939393939393939,6,1x,"memory check, not a timing claim"
fixed-rss-signals,signals,BenchmarkCompileCompact/isa_var,B/op,25712,24944,-2.986932171748602,0.0021645021645021645,6,1x,"memory check, not a timing claim"
fixed-rss-signals,signals,BenchmarkCompileCompact/isa_var,allocs/op,37,37,0,1,6,1x,"memory check, not a timing claim"
fixed-rss-signals,signals,BenchmarkCompileCompact/isa_cvt,ns/op,178647,118876.5,-33.45732086181128,0.04112554112554113,6,1x,"memory check, not a timing claim"
fixed-rss-signals,signals,BenchmarkCompileCompact/isa_cvt,B/op,26280,23560,-10.350076103500761,0.0021645021645021645,6,1x,"memory check, not a timing claim"
fixed-rss-signals,signals,BenchmarkCompileCompact/isa_cvt,allocs/op,52,52,0,1,6,1x,"memory check, not a timing claim"
fixed-rss-signals,signals,BenchmarkCompileCompact/isa_simd_v128,ns/op,133132.5,90247.5,-32.21226973128275,0.0021645021645021645,6,1x,"memory check, not a timing claim"
fixed-rss-signals,signals,BenchmarkCompileCompact/isa_simd_v128,B/op,33128,33112,-0.04829751267809712,0.0021645021645021645,6,1x,"memory check, not a timing claim"
fixed-rss-signals,signals,BenchmarkCompileCompact/isa_simd_v128,allocs/op,57,57,0,1,6,1x,"memory check, not a timing claim"
fixed-rss-signals,signals,BenchmarkCompileCompact/isa_simd_i8x16,ns/op,318783,253717.5,-20.410592785688074,0.0021645021645021645,6,1x,"memory check, not a timing claim"
fixed-rss-signals,signals,BenchmarkCompileCompact/isa_simd_i8x16,B/op,46376,39336,-15.180265654648961,0.0021645021645021645,6,1x,"memory check, not a timing claim"
fixed-rss-signals,signals,BenchmarkCompileCompact/isa_simd_i8x16,allocs/op,66,66,0,1,6,1x,"memory check, not a timing claim"
fixed-rss-signals,signals,BenchmarkCompileCompact/isa_simd_i16x8,ns/op,409296,334782.5,-18.205284195301196,0.24025974025974026,6,1x,"memory check, not a timing claim"
fixed-rss-signals,signals,BenchmarkCompileCompact/isa_simd_i16x8,B/op,42864,36592,-14.632325494587528,0.0021645021645021645,6,1x,"memory check, not a timing claim"
fixed-rss-signals,signals,BenchmarkCompileCompact/isa_simd_i16x8,allocs/op,51,51,0,1,6,1x,"memory check, not a timing claim"
fixed-rss-signals,signals,BenchmarkCompileCompact/isa_simd_i32x4,ns/op,532746,318582.5,-40.19992641896889,0.025974025974025976,6,1x,"memory check, not a timing claim"
fixed-rss-signals,signals,BenchmarkCompileCompact/isa_simd_i32x4,B/op,37336,31064,-16.798800085708166,0.0021645021645021645,6,1x,"memory check, not a timing claim"
fixed-rss-signals,signals,BenchmarkCompileCompact/isa_simd_i32x4,allocs/op,51,51,0,1,6,1x,"memory check, not a timing claim"
fixed-rss-signals,signals,BenchmarkCompileCompact/isa_simd_i64x2,ns/op,333485.5,248207,-25.571876438405873,0.025974025974025976,6,1x,"memory check, not a timing claim"
fixed-rss-signals,signals,BenchmarkCompileCompact/isa_simd_i64x2,B/op,40416,34208,-15.360253365003961,0.0021645021645021645,6,1x,"memory check, not a timing claim"
fixed-rss-signals,signals,BenchmarkCompileCompact/isa_simd_i64x2,allocs/op,50,50,0,1,6,1x,"memory check, not a timing claim"
fixed-rss-signals,signals,BenchmarkCompileCompact/isa_simd_f32x4,ns/op,268715,293681,9.290884394246701,0.8181818181818182,6,1x,"memory check, not a timing claim"
fixed-rss-signals,signals,BenchmarkCompileCompact/isa_simd_f32x4,B/op,35800,29592,-17.34078212290503,0.0021645021645021645,6,1x,"memory check, not a timing claim"
fixed-rss-signals,signals,BenchmarkCompileCompact/isa_simd_f32x4,allocs/op,50,50,0,1,6,1x,"memory check, not a timing claim"
fixed-rss-signals,signals,BenchmarkCompileCompact/isa_simd_f64x2,ns/op,255225,299722.5,17.43461651483984,1,6,1x,"memory check, not a timing claim"
fixed-rss-signals,signals,BenchmarkCompileCompact/isa_simd_f64x2,B/op,35752,29544,-17.36406354889237,0.0021645021645021645,6,1x,"memory check, not a timing claim"
fixed-rss-signals,signals,BenchmarkCompileCompact/isa_simd_f64x2,allocs/op,49,49,0,1,6,1x,"memory check, not a timing claim"
fixed-rss-signals,signals,BenchmarkCompileCompact/isa_simd_reduce,ns/op,96429.5,88304,-8.426363301686724,0.06493506493506493,6,1x,"memory check, not a timing claim"
fixed-rss-signals,signals,BenchmarkCompileCompact/isa_simd_reduce,B/op,28600,25752,-9.958041958041964,0.0021645021645021645,6,1x,"memory check, not a timing claim"
fixed-rss-signals,signals,BenchmarkCompileCompact/isa_simd_reduce,allocs/op,38,38,0,1,6,1x,"memory check, not a timing claim"
