revision,benchmark,iterations,ns/op,B/op,allocs/op
control,BenchmarkSharingNative/small,27303,9348,7536,20
control,BenchmarkSharingNative/pressure,12909,18723,12120,23
control,BenchmarkSharingNative/join,24531,9706,7936,21
control,BenchmarkSharingNative/large,2092,116985,72904,18
control,BenchmarkSharingNative/deep,24537,10025,8496,21
control,BenchmarkSharingNative/locals,10143,22761,20592,22
control,BenchmarkSharingNative/many,464,533544,49888,23
control,BenchmarkSharingNative/large_then_small,364,664509,119680,24
control,BenchmarkSharingNative/fallback,24861,9884,8584,22
control,BenchmarkSharingZeroLocals/1,25431,9452,7416,20
control,BenchmarkSharingZeroLocals/8,25212,9310,7768,20
control,BenchmarkSharingZeroLocals/64,20228,11351,10760,17
control,BenchmarkSharingZeroLocals/256,13393,17948,21384,17
storage,BenchmarkSharingNative/small,25003,8869,7536,20
storage,BenchmarkSharingNative/pressure,13526,17671,12120,23
storage,BenchmarkSharingNative/join,25917,9568,7936,21
storage,BenchmarkSharingNative/large,2046,112913,72904,18
storage,BenchmarkSharingNative/deep,24270,9963,8496,21
storage,BenchmarkSharingNative/locals,10000,22266,20592,22
storage,BenchmarkSharingNative/many,441,533414,49888,23
storage,BenchmarkSharingNative/large_then_small,363,661700,119680,24
storage,BenchmarkSharingNative/fallback,25365,9220,8504,21
storage,BenchmarkSharingZeroLocals/1,26844,8785,7416,20
storage,BenchmarkSharingZeroLocals/8,25774,8937,7768,20
storage,BenchmarkSharingZeroLocals/64,21787,11438,10760,17
storage,BenchmarkSharingZeroLocals/256,13407,17727,21384,17
