stage,runtime_commit,benchtime,benchmark,samples,median_ns_per_op,min_ns_per_op,max_ns_per_op,median_bytes_per_op,median_allocs_per_op
baseline,1b67194a4,500ms,BenchmarkInvokeHostFuncDirect-16,5,416.4,413.1,430,64,1
baseline,1b67194a4,500ms,BenchmarkHostRoundtripLoop/mem0/parallelfalse/host0/n0-16,5,115.5,114.9,122.9,0,0
baseline,1b67194a4,500ms,BenchmarkHostRoundtripLoop/mem0/parallelfalse/host0/n1-16,5,126.9,120.6,135.5,0,0
baseline,1b67194a4,500ms,BenchmarkHostRoundtripLoop/mem0/parallelfalse/host0/n8-16,5,134.2,133.3,138.7,0,0
baseline,1b67194a4,500ms,BenchmarkHostRoundtripLoop/mem0/parallelfalse/host0/n64-16,5,164.6,161.3,169.1,0,0
baseline,1b67194a4,500ms,BenchmarkHostRoundtripLoop/mem0/parallelfalse/host0/n1024-16,5,604.2,591.2,647.1,0,0
baseline,1b67194a4,500ms,BenchmarkHostRoundtripLoop/mem0/parallelfalse/host1/n0-16,5,124.2,117.4,126.1,0,0
baseline,1b67194a4,500ms,BenchmarkHostRoundtripLoop/mem0/parallelfalse/host1/n1-16,5,442.7,436.7,445.9,64,1
baseline,1b67194a4,500ms,BenchmarkHostRoundtripLoop/mem0/parallelfalse/host1/n8-16,5,1862,1771,2052,512,8
baseline,1b67194a4,500ms,BenchmarkHostRoundtripLoop/mem0/parallelfalse/host1/n64-16,5,13395,12800,14063,4096,64
baseline,1b67194a4,500ms,BenchmarkHostRoundtripLoop/mem0/parallelfalse/host1/n1024-16,5,233111,226133,234994,65536,1024
baseline,1b67194a4,500ms,BenchmarkHostRoundtripLoop/mem0/paralleltrue/host0/n0-16,5,19.57,19.42,20.2,0,0
baseline,1b67194a4,500ms,BenchmarkHostRoundtripLoop/mem0/paralleltrue/host0/n1-16,5,19.77,19.64,19.85,0,0
baseline,1b67194a4,500ms,BenchmarkHostRoundtripLoop/mem0/paralleltrue/host0/n8-16,5,20.29,20.2,20.33,0,0
baseline,1b67194a4,500ms,BenchmarkHostRoundtripLoop/mem0/paralleltrue/host0/n64-16,5,24.1,23.98,24.36,0,0
baseline,1b67194a4,500ms,BenchmarkHostRoundtripLoop/mem0/paralleltrue/host0/n1024-16,5,94.14,91.04,98.75,0,0
baseline,1b67194a4,500ms,BenchmarkHostRoundtripLoop/mem0/paralleltrue/host1/n0-16,5,21.04,19.96,21.46,0,0
baseline,1b67194a4,500ms,BenchmarkHostRoundtripLoop/mem0/paralleltrue/host1/n1-16,5,68.4,67.27,68.95,64,1
baseline,1b67194a4,500ms,BenchmarkHostRoundtripLoop/mem0/paralleltrue/host1/n8-16,5,339.3,327.2,343.9,512,8
baseline,1b67194a4,500ms,BenchmarkHostRoundtripLoop/mem0/paralleltrue/host1/n64-16,5,2330,2313,2357,4096,64
baseline,1b67194a4,500ms,BenchmarkHostRoundtripLoop/mem0/paralleltrue/host1/n1024-16,5,37027,36767,38002,65538,1024
baseline,1b67194a4,500ms,BenchmarkHostRoundtripLoop/mem1/parallelfalse/host0/n0-16,5,121.1,120.3,121.3,0,0
baseline,1b67194a4,500ms,BenchmarkHostRoundtripLoop/mem1/parallelfalse/host0/n1-16,5,123.2,122.5,125.5,0,0
baseline,1b67194a4,500ms,BenchmarkHostRoundtripLoop/mem1/parallelfalse/host0/n8-16,5,130,128,130.7,0,0
baseline,1b67194a4,500ms,BenchmarkHostRoundtripLoop/mem1/parallelfalse/host0/n64-16,5,155.8,155.1,156.8,0,0
baseline,1b67194a4,500ms,BenchmarkHostRoundtripLoop/mem1/parallelfalse/host0/n1024-16,5,581.8,580.9,590.5,0,0
baseline,1b67194a4,500ms,BenchmarkHostRoundtripLoop/mem1/parallelfalse/host1/n0-16,5,123.5,122.4,126.4,0,0
baseline,1b67194a4,500ms,BenchmarkHostRoundtripLoop/mem1/parallelfalse/host1/n1-16,5,433.6,428.3,444,64,1
baseline,1b67194a4,500ms,BenchmarkHostRoundtripLoop/mem1/parallelfalse/host1/n8-16,5,1901,1846,1968,512,8
baseline,1b67194a4,500ms,BenchmarkHostRoundtripLoop/mem1/parallelfalse/host1/n64-16,5,14559,13209,15045,4096,64
baseline,1b67194a4,500ms,BenchmarkHostRoundtripLoop/mem1/parallelfalse/host1/n1024-16,5,233911,231328,235839,65536,1024
baseline,1b67194a4,500ms,BenchmarkHostRoundtripLoop/mem1/paralleltrue/host0/n0-16,5,21.12,20.74,21.96,0,0
baseline,1b67194a4,500ms,BenchmarkHostRoundtripLoop/mem1/paralleltrue/host0/n1-16,5,21.43,21.25,21.71,0,0
baseline,1b67194a4,500ms,BenchmarkHostRoundtripLoop/mem1/paralleltrue/host0/n8-16,5,21.98,21.85,22.02,0,0
baseline,1b67194a4,500ms,BenchmarkHostRoundtripLoop/mem1/paralleltrue/host0/n64-16,5,26.3,25.84,27.68,0,0
baseline,1b67194a4,500ms,BenchmarkHostRoundtripLoop/mem1/paralleltrue/host0/n1024-16,5,98.52,97.82,100.1,0,0
baseline,1b67194a4,500ms,BenchmarkHostRoundtripLoop/mem1/paralleltrue/host1/n0-16,5,21.17,21.04,21.46,0,0
baseline,1b67194a4,500ms,BenchmarkHostRoundtripLoop/mem1/paralleltrue/host1/n1-16,5,75.06,74.78,75.65,64,1
baseline,1b67194a4,500ms,BenchmarkHostRoundtripLoop/mem1/paralleltrue/host1/n8-16,5,352.2,349.8,357.6,512,8
baseline,1b67194a4,500ms,BenchmarkHostRoundtripLoop/mem1/paralleltrue/host1/n64-16,5,2541,2475,2587,4096,64
baseline,1b67194a4,500ms,BenchmarkHostRoundtripLoop/mem1/paralleltrue/host1/n1024-16,5,38889,38646,41137,65539,1024
baseline,1b67194a4,500ms,BenchmarkHostRoundtripLoop/mem4/parallelfalse/host0/n0-16,5,154.3,154,156.1,0,0
baseline,1b67194a4,500ms,BenchmarkHostRoundtripLoop/mem4/parallelfalse/host0/n1-16,5,156.2,155.3,157.5,0,0
baseline,1b67194a4,500ms,BenchmarkHostRoundtripLoop/mem4/parallelfalse/host0/n8-16,5,162.1,160,169.3,0,0
baseline,1b67194a4,500ms,BenchmarkHostRoundtripLoop/mem4/parallelfalse/host0/n64-16,5,186.9,186.2,188.7,0,0
baseline,1b67194a4,500ms,BenchmarkHostRoundtripLoop/mem4/parallelfalse/host0/n1024-16,5,615.7,614.9,617.6,0,0
baseline,1b67194a4,500ms,BenchmarkHostRoundtripLoop/mem4/parallelfalse/host1/n0-16,5,153.9,153.3,156.2,0,0
baseline,1b67194a4,500ms,BenchmarkHostRoundtripLoop/mem4/parallelfalse/host1/n1-16,5,457.3,455.7,460.5,64,1
baseline,1b67194a4,500ms,BenchmarkHostRoundtripLoop/mem4/parallelfalse/host1/n8-16,5,1962,1870,2081,512,8
baseline,1b67194a4,500ms,BenchmarkHostRoundtripLoop/mem4/parallelfalse/host1/n64-16,5,14101,13073,15182,4096,64
baseline,1b67194a4,500ms,BenchmarkHostRoundtripLoop/mem4/parallelfalse/host1/n1024-16,5,237717,212429,242734,65536,1024
baseline,1b67194a4,500ms,BenchmarkHostRoundtripLoop/mem4/paralleltrue/host0/n0-16,5,26.37,25.93,27.28,0,0
baseline,1b67194a4,500ms,BenchmarkHostRoundtripLoop/mem4/paralleltrue/host0/n1-16,5,26.73,26.54,27.56,0,0
baseline,1b67194a4,500ms,BenchmarkHostRoundtripLoop/mem4/paralleltrue/host0/n8-16,5,27.32,26.96,28.15,0,0
baseline,1b67194a4,500ms,BenchmarkHostRoundtripLoop/mem4/paralleltrue/host0/n64-16,5,31.22,30.34,31.53,0,0
baseline,1b67194a4,500ms,BenchmarkHostRoundtripLoop/mem4/paralleltrue/host0/n1024-16,5,100.9,100.2,105.6,0,0
baseline,1b67194a4,500ms,BenchmarkHostRoundtripLoop/mem4/paralleltrue/host1/n0-16,5,26.27,26.08,26.56,0,0
baseline,1b67194a4,500ms,BenchmarkHostRoundtripLoop/mem4/paralleltrue/host1/n1-16,5,79.96,78.97,82.15,64,1
baseline,1b67194a4,500ms,BenchmarkHostRoundtripLoop/mem4/paralleltrue/host1/n8-16,5,348.6,346.8,363.7,512,8
baseline,1b67194a4,500ms,BenchmarkHostRoundtripLoop/mem4/paralleltrue/host1/n64-16,5,2540,2488,2569,4096,64
baseline,1b67194a4,500ms,BenchmarkHostRoundtripLoop/mem4/paralleltrue/host1/n1024-16,5,39489,39330,40302,65539,1024
concrete,05a8f0b89,500ms,BenchmarkHostRoundtripLoop/mem0/parallelfalse/host0/n0-16,5,129.5,128.3,131.1,0,0
concrete,05a8f0b89,500ms,BenchmarkHostRoundtripLoop/mem0/parallelfalse/host0/n1-16,5,132.9,132.3,133.9,0,0
concrete,05a8f0b89,500ms,BenchmarkHostRoundtripLoop/mem0/parallelfalse/host0/n8-16,5,133.4,131.5,137.2,0,0
concrete,05a8f0b89,500ms,BenchmarkHostRoundtripLoop/mem0/parallelfalse/host0/n64-16,5,154.5,154,156.5,0,0
concrete,05a8f0b89,500ms,BenchmarkHostRoundtripLoop/mem0/parallelfalse/host0/n1024-16,5,573.8,566.5,575.1,0,0
concrete,05a8f0b89,500ms,BenchmarkHostRoundtripLoop/mem0/parallelfalse/host1/n0-16,5,125.6,124.7,126.5,0,0
concrete,05a8f0b89,500ms,BenchmarkHostRoundtripLoop/mem0/parallelfalse/host1/n1-16,5,413.8,411.5,415.5,64,1
concrete,05a8f0b89,500ms,BenchmarkHostRoundtripLoop/mem0/parallelfalse/host1/n8-16,5,1761,1736,1776,512,8
concrete,05a8f0b89,500ms,BenchmarkHostRoundtripLoop/mem0/parallelfalse/host1/n64-16,5,12098,11972,12312,4096,64
concrete,05a8f0b89,500ms,BenchmarkHostRoundtripLoop/mem0/parallelfalse/host1/n1024-16,5,188967,186085,191807,65536,1024
concrete,05a8f0b89,500ms,BenchmarkHostRoundtripLoop/mem0/paralleltrue/host0/n0-16,5,19.94,19.72,20.03,0,0
concrete,05a8f0b89,500ms,BenchmarkHostRoundtripLoop/mem0/paralleltrue/host0/n1-16,5,19.23,18.92,19.98,0,0
concrete,05a8f0b89,500ms,BenchmarkHostRoundtripLoop/mem0/paralleltrue/host0/n8-16,5,20.36,19.55,20.84,0,0
concrete,05a8f0b89,500ms,BenchmarkHostRoundtripLoop/mem0/paralleltrue/host0/n64-16,5,24.17,23.38,24.42,0,0
concrete,05a8f0b89,500ms,BenchmarkHostRoundtripLoop/mem0/paralleltrue/host0/n1024-16,5,90.03,88.22,94.34,0,0
concrete,05a8f0b89,500ms,BenchmarkHostRoundtripLoop/mem0/paralleltrue/host1/n0-16,5,19,18.88,20.39,0,0
concrete,05a8f0b89,500ms,BenchmarkHostRoundtripLoop/mem0/paralleltrue/host1/n1-16,5,65.97,65.48,68.18,64,1
concrete,05a8f0b89,500ms,BenchmarkHostRoundtripLoop/mem0/paralleltrue/host1/n8-16,5,321.7,315.6,326.5,512,8
concrete,05a8f0b89,500ms,BenchmarkHostRoundtripLoop/mem0/paralleltrue/host1/n64-16,5,2371,2301,2461,4096,64
concrete,05a8f0b89,500ms,BenchmarkHostRoundtripLoop/mem0/paralleltrue/host1/n1024-16,5,36987,36496,37797,65538,1024
concrete,05a8f0b89,500ms,BenchmarkHostRoundtripLoop/mem1/parallelfalse/host0/n0-16,5,126.3,125.3,126.9,0,0
concrete,05a8f0b89,500ms,BenchmarkHostRoundtripLoop/mem1/parallelfalse/host0/n1-16,5,126.9,126.6,128.5,0,0
concrete,05a8f0b89,500ms,BenchmarkHostRoundtripLoop/mem1/parallelfalse/host0/n8-16,5,131.6,130.5,132.7,0,0
concrete,05a8f0b89,500ms,BenchmarkHostRoundtripLoop/mem1/parallelfalse/host0/n64-16,5,154.4,153.7,156,0,0
concrete,05a8f0b89,500ms,BenchmarkHostRoundtripLoop/mem1/parallelfalse/host0/n1024-16,5,570,566,570.5,0,0
concrete,05a8f0b89,500ms,BenchmarkHostRoundtripLoop/mem1/parallelfalse/host1/n0-16,5,126.1,125.1,126.8,0,0
concrete,05a8f0b89,500ms,BenchmarkHostRoundtripLoop/mem1/parallelfalse/host1/n1-16,5,412.4,410.1,414,64,1
concrete,05a8f0b89,500ms,BenchmarkHostRoundtripLoop/mem1/parallelfalse/host1/n8-16,5,1765,1738,1778,512,8
concrete,05a8f0b89,500ms,BenchmarkHostRoundtripLoop/mem1/parallelfalse/host1/n64-16,5,12310,12169,12417,4096,64
concrete,05a8f0b89,500ms,BenchmarkHostRoundtripLoop/mem1/parallelfalse/host1/n1024-16,5,192687,188437,194094,65536,1024
concrete,05a8f0b89,500ms,BenchmarkHostRoundtripLoop/mem1/paralleltrue/host0/n0-16,5,19.91,19.82,20.81,0,0
concrete,05a8f0b89,500ms,BenchmarkHostRoundtripLoop/mem1/paralleltrue/host0/n1-16,5,19.16,18.93,19.97,0,0
concrete,05a8f0b89,500ms,BenchmarkHostRoundtripLoop/mem1/paralleltrue/host0/n8-16,5,20.06,19.33,20.66,0,0
concrete,05a8f0b89,500ms,BenchmarkHostRoundtripLoop/mem1/paralleltrue/host0/n64-16,5,24.24,23.49,25.49,0,0
concrete,05a8f0b89,500ms,BenchmarkHostRoundtripLoop/mem1/paralleltrue/host0/n1024-16,5,90.77,88.16,93.9,0,0
concrete,05a8f0b89,500ms,BenchmarkHostRoundtripLoop/mem1/paralleltrue/host1/n0-16,5,19.06,18.88,20.03,0,0
concrete,05a8f0b89,500ms,BenchmarkHostRoundtripLoop/mem1/paralleltrue/host1/n1-16,5,66.43,65.52,66.77,64,1
concrete,05a8f0b89,500ms,BenchmarkHostRoundtripLoop/mem1/paralleltrue/host1/n8-16,5,321.4,319.5,325.7,512,8
concrete,05a8f0b89,500ms,BenchmarkHostRoundtripLoop/mem1/paralleltrue/host1/n64-16,5,2359,2344,2496,4096,64
concrete,05a8f0b89,500ms,BenchmarkHostRoundtripLoop/mem1/paralleltrue/host1/n1024-16,5,37696,36733,38528,65538,1024
concrete,05a8f0b89,500ms,BenchmarkHostRoundtripLoop/mem4/parallelfalse/host0/n0-16,5,148.6,147.6,150,0,0
concrete,05a8f0b89,500ms,BenchmarkHostRoundtripLoop/mem4/parallelfalse/host0/n1-16,5,149.6,149,150.3,0,0
concrete,05a8f0b89,500ms,BenchmarkHostRoundtripLoop/mem4/parallelfalse/host0/n8-16,5,156.4,154.3,157,0,0
concrete,05a8f0b89,500ms,BenchmarkHostRoundtripLoop/mem4/parallelfalse/host0/n64-16,5,179.1,178.5,180.4,0,0
concrete,05a8f0b89,500ms,BenchmarkHostRoundtripLoop/mem4/parallelfalse/host0/n1024-16,5,593.6,591.2,596,0,0
concrete,05a8f0b89,500ms,BenchmarkHostRoundtripLoop/mem4/parallelfalse/host1/n0-16,5,148,147.3,148.6,0,0
concrete,05a8f0b89,500ms,BenchmarkHostRoundtripLoop/mem4/parallelfalse/host1/n1-16,5,442.8,441.8,450.8,64,1
concrete,05a8f0b89,500ms,BenchmarkHostRoundtripLoop/mem4/parallelfalse/host1/n8-16,5,1806,1794,1818,512,8
concrete,05a8f0b89,500ms,BenchmarkHostRoundtripLoop/mem4/parallelfalse/host1/n64-16,5,12392,12226,12782,4096,64
concrete,05a8f0b89,500ms,BenchmarkHostRoundtripLoop/mem4/parallelfalse/host1/n1024-16,5,193727,192606,195417,65536,1024
concrete,05a8f0b89,500ms,BenchmarkHostRoundtripLoop/mem4/paralleltrue/host0/n0-16,5,23.32,22.68,23.98,0,0
concrete,05a8f0b89,500ms,BenchmarkHostRoundtripLoop/mem4/paralleltrue/host0/n1-16,5,23.84,23.2,24.14,0,0
concrete,05a8f0b89,500ms,BenchmarkHostRoundtripLoop/mem4/paralleltrue/host0/n8-16,5,24.43,23.63,24.64,0,0
concrete,05a8f0b89,500ms,BenchmarkHostRoundtripLoop/mem4/paralleltrue/host0/n64-16,5,28.03,27.41,28.33,0,0
concrete,05a8f0b89,500ms,BenchmarkHostRoundtripLoop/mem4/paralleltrue/host0/n1024-16,5,93.18,92.82,94.42,0,0
concrete,05a8f0b89,500ms,BenchmarkHostRoundtripLoop/mem4/paralleltrue/host1/n0-16,5,23.12,22.96,23.82,0,0
concrete,05a8f0b89,500ms,BenchmarkHostRoundtripLoop/mem4/paralleltrue/host1/n1-16,5,71.99,69.57,72.66,64,1
concrete,05a8f0b89,500ms,BenchmarkHostRoundtripLoop/mem4/paralleltrue/host1/n8-16,5,328.6,325,348.8,512,8
concrete,05a8f0b89,500ms,BenchmarkHostRoundtripLoop/mem4/paralleltrue/host1/n64-16,5,2361,2327,2401,4096,64
concrete,05a8f0b89,500ms,BenchmarkHostRoundtripLoop/mem4/paralleltrue/host1/n1024-16,5,37547,36855,37839,65538,1024
concrete,05a8f0b89,500ms,BenchmarkHostRoundtripLoopCaller/mem0/parallelfalse/host0/n0-16,5,126.2,125.1,127.1,0,0
concrete,05a8f0b89,500ms,BenchmarkHostRoundtripLoopCaller/mem0/parallelfalse/host0/n1-16,5,127.9,127,128.4,0,0
concrete,05a8f0b89,500ms,BenchmarkHostRoundtripLoopCaller/mem0/parallelfalse/host0/n8-16,5,131.3,130.7,133.5,0,0
concrete,05a8f0b89,500ms,BenchmarkHostRoundtripLoopCaller/mem0/parallelfalse/host0/n64-16,5,154.3,153.3,154.7,0,0
concrete,05a8f0b89,500ms,BenchmarkHostRoundtripLoopCaller/mem0/parallelfalse/host0/n1024-16,5,571.6,565.4,582.6,0,0
concrete,05a8f0b89,500ms,BenchmarkHostRoundtripLoopCaller/mem0/parallelfalse/host1/n0-16,5,125.1,124.5,126,0,0
concrete,05a8f0b89,500ms,BenchmarkHostRoundtripLoopCaller/mem0/parallelfalse/host1/n1-16,5,377.3,374.5,379.7,0,0
concrete,05a8f0b89,500ms,BenchmarkHostRoundtripLoopCaller/mem0/parallelfalse/host1/n8-16,5,1513,1505,1537,0,0
concrete,05a8f0b89,500ms,BenchmarkHostRoundtripLoopCaller/mem0/parallelfalse/host1/n64-16,5,10453,10390,10515,0,0
concrete,05a8f0b89,500ms,BenchmarkHostRoundtripLoopCaller/mem0/parallelfalse/host1/n1024-16,5,164008,161270,165352,0,0
concrete,05a8f0b89,500ms,BenchmarkHostRoundtripLoopCaller/mem0/paralleltrue/host0/n0-16,5,19.79,19.46,20.05,0,0
concrete,05a8f0b89,500ms,BenchmarkHostRoundtripLoopCaller/mem0/paralleltrue/host0/n1-16,5,20.21,19.93,20.4,0,0
concrete,05a8f0b89,500ms,BenchmarkHostRoundtripLoopCaller/mem0/paralleltrue/host0/n8-16,5,20.42,19.63,20.62,0,0
concrete,05a8f0b89,500ms,BenchmarkHostRoundtripLoopCaller/mem0/paralleltrue/host0/n64-16,5,23.61,23.2,24.19,0,0
concrete,05a8f0b89,500ms,BenchmarkHostRoundtripLoopCaller/mem0/paralleltrue/host0/n1024-16,5,91.24,89.01,93.19,0,0
concrete,05a8f0b89,500ms,BenchmarkHostRoundtripLoopCaller/mem0/paralleltrue/host1/n0-16,5,19.76,19.16,19.96,0,0
concrete,05a8f0b89,500ms,BenchmarkHostRoundtripLoopCaller/mem0/paralleltrue/host1/n1-16,5,45.93,45.2,47.52,0,0
concrete,05a8f0b89,500ms,BenchmarkHostRoundtripLoopCaller/mem0/paralleltrue/host1/n8-16,5,184.9,181.6,187.2,0,0
concrete,05a8f0b89,500ms,BenchmarkHostRoundtripLoopCaller/mem0/paralleltrue/host1/n64-16,5,1257,1252,1260,0,0
concrete,05a8f0b89,500ms,BenchmarkHostRoundtripLoopCaller/mem0/paralleltrue/host1/n1024-16,5,19621,19571,19924,0,0
concrete,05a8f0b89,500ms,BenchmarkHostRoundtripLoopCaller/mem1/parallelfalse/host0/n0-16,5,126.2,125.3,127.2,0,0
concrete,05a8f0b89,500ms,BenchmarkHostRoundtripLoopCaller/mem1/parallelfalse/host0/n1-16,5,127.2,126.2,128.4,0,0
concrete,05a8f0b89,500ms,BenchmarkHostRoundtripLoopCaller/mem1/parallelfalse/host0/n8-16,5,131.3,130.4,133,0,0
concrete,05a8f0b89,500ms,BenchmarkHostRoundtripLoopCaller/mem1/parallelfalse/host0/n64-16,5,155.3,153.8,155.8,0,0
concrete,05a8f0b89,500ms,BenchmarkHostRoundtripLoopCaller/mem1/parallelfalse/host0/n1024-16,5,571.6,566.2,596,0,0
concrete,05a8f0b89,500ms,BenchmarkHostRoundtripLoopCaller/mem1/parallelfalse/host1/n0-16,5,129.6,129,130.3,0,0
concrete,05a8f0b89,500ms,BenchmarkHostRoundtripLoopCaller/mem1/parallelfalse/host1/n1-16,5,386.2,384,390.2,0,0
concrete,05a8f0b89,500ms,BenchmarkHostRoundtripLoopCaller/mem1/parallelfalse/host1/n8-16,5,1566,1540,1598,0,0
concrete,05a8f0b89,500ms,BenchmarkHostRoundtripLoopCaller/mem1/parallelfalse/host1/n64-16,5,10773,10750,10945,0,0
concrete,05a8f0b89,500ms,BenchmarkHostRoundtripLoopCaller/mem1/parallelfalse/host1/n1024-16,5,168734,166809,169881,0,0
concrete,05a8f0b89,500ms,BenchmarkHostRoundtripLoopCaller/mem1/paralleltrue/host0/n0-16,5,21.56,20.45,23.77,0,0
concrete,05a8f0b89,500ms,BenchmarkHostRoundtripLoopCaller/mem1/paralleltrue/host0/n1-16,5,21.44,21.28,22.55,0,0
concrete,05a8f0b89,500ms,BenchmarkHostRoundtripLoopCaller/mem1/paralleltrue/host0/n8-16,5,22.12,21.56,22.32,0,0
concrete,05a8f0b89,500ms,BenchmarkHostRoundtripLoopCaller/mem1/paralleltrue/host0/n64-16,5,25.24,25.16,26.55,0,0
concrete,05a8f0b89,500ms,BenchmarkHostRoundtripLoopCaller/mem1/paralleltrue/host0/n1024-16,5,96.17,89.83,96.86,0,0
concrete,05a8f0b89,500ms,BenchmarkHostRoundtripLoopCaller/mem1/paralleltrue/host1/n0-16,5,19.98,19.88,20.05,0,0
concrete,05a8f0b89,500ms,BenchmarkHostRoundtripLoopCaller/mem1/paralleltrue/host1/n1-16,5,46.69,46.31,49,0,0
concrete,05a8f0b89,500ms,BenchmarkHostRoundtripLoopCaller/mem1/paralleltrue/host1/n8-16,5,183.1,180.5,183.9,0,0
concrete,05a8f0b89,500ms,BenchmarkHostRoundtripLoopCaller/mem1/paralleltrue/host1/n64-16,5,1260,1251,1262,0,0
concrete,05a8f0b89,500ms,BenchmarkHostRoundtripLoopCaller/mem1/paralleltrue/host1/n1024-16,5,19643,19626,19931,0,0
concrete,05a8f0b89,500ms,BenchmarkHostRoundtripLoopCaller/mem4/parallelfalse/host0/n0-16,5,148.5,147.4,150.6,0,0
concrete,05a8f0b89,500ms,BenchmarkHostRoundtripLoopCaller/mem4/parallelfalse/host0/n1-16,5,149.1,148,150.4,0,0
concrete,05a8f0b89,500ms,BenchmarkHostRoundtripLoopCaller/mem4/parallelfalse/host0/n8-16,5,154.6,154,156,0,0
concrete,05a8f0b89,500ms,BenchmarkHostRoundtripLoopCaller/mem4/parallelfalse/host0/n64-16,5,178.3,177.5,180.8,0,0
concrete,05a8f0b89,500ms,BenchmarkHostRoundtripLoopCaller/mem4/parallelfalse/host0/n1024-16,5,594.6,590.8,612.9,0,0
concrete,05a8f0b89,500ms,BenchmarkHostRoundtripLoopCaller/mem4/parallelfalse/host1/n0-16,5,147.9,146.9,150.9,0,0
concrete,05a8f0b89,500ms,BenchmarkHostRoundtripLoopCaller/mem4/parallelfalse/host1/n1-16,5,406,404.5,412,0,0
concrete,05a8f0b89,500ms,BenchmarkHostRoundtripLoopCaller/mem4/parallelfalse/host1/n8-16,5,1565,1546,1581,0,0
concrete,05a8f0b89,500ms,BenchmarkHostRoundtripLoopCaller/mem4/parallelfalse/host1/n64-16,5,10564,10517,10646,0,0
concrete,05a8f0b89,500ms,BenchmarkHostRoundtripLoopCaller/mem4/parallelfalse/host1/n1024-16,5,163315,161397,166140,0,0
concrete,05a8f0b89,500ms,BenchmarkHostRoundtripLoopCaller/mem4/paralleltrue/host0/n0-16,5,23.62,22.38,24.04,0,0
concrete,05a8f0b89,500ms,BenchmarkHostRoundtripLoopCaller/mem4/paralleltrue/host0/n1-16,5,23.98,22.88,25.31,0,0
concrete,05a8f0b89,500ms,BenchmarkHostRoundtripLoopCaller/mem4/paralleltrue/host0/n8-16,5,23.79,23.36,25.34,0,0
concrete,05a8f0b89,500ms,BenchmarkHostRoundtripLoopCaller/mem4/paralleltrue/host0/n64-16,5,27.39,26.94,28.04,0,0
concrete,05a8f0b89,500ms,BenchmarkHostRoundtripLoopCaller/mem4/paralleltrue/host0/n1024-16,5,94.23,91.89,95.18,0,0
concrete,05a8f0b89,500ms,BenchmarkHostRoundtripLoopCaller/mem4/paralleltrue/host1/n0-16,5,23.47,22.92,24.01,0,0
concrete,05a8f0b89,500ms,BenchmarkHostRoundtripLoopCaller/mem4/paralleltrue/host1/n1-16,5,50.94,49.75,51.92,0,0
concrete,05a8f0b89,500ms,BenchmarkHostRoundtripLoopCaller/mem4/paralleltrue/host1/n8-16,5,186.8,184.5,192,0,0
concrete,05a8f0b89,500ms,BenchmarkHostRoundtripLoopCaller/mem4/paralleltrue/host1/n64-16,5,1257,1256,1276,0,0
concrete,05a8f0b89,500ms,BenchmarkHostRoundtripLoopCaller/mem4/paralleltrue/host1/n1024-16,5,19590,19449,19684,0,0
concrete,05a8f0b89,500ms,BenchmarkInvokeHostFuncDirect-16,5,381.6,378.8,391.9,64,1
concrete,05a8f0b89,500ms,BenchmarkCallerDomainLoop/dynamicfalse/n0-16,5,174.7,174,175.6,0,0
concrete,05a8f0b89,500ms,BenchmarkCallerDomainLoop/dynamicfalse/n1-16,5,455.9,454,461.6,0,0
concrete,05a8f0b89,500ms,BenchmarkCallerDomainLoop/dynamicfalse/n8-16,5,1768,1748,1779,0,0
concrete,05a8f0b89,500ms,BenchmarkCallerDomainLoop/dynamicfalse/n64-16,5,12026,11871,12136,0,0
concrete,05a8f0b89,500ms,BenchmarkCallerDomainLoop/dynamicfalse/n1024-16,5,184636,182241,185508,0,0
concrete,05a8f0b89,500ms,BenchmarkCallerDomainLoop/dynamictrue/n0-16,5,252.7,250.8,254.6,0,0
concrete,05a8f0b89,500ms,BenchmarkCallerDomainLoop/dynamictrue/n1-16,5,558,555,561.3,0,0
concrete,05a8f0b89,500ms,BenchmarkCallerDomainLoop/dynamictrue/n8-16,5,1941,1929,1967,0,0
concrete,05a8f0b89,500ms,BenchmarkCallerDomainLoop/dynamictrue/n64-16,5,12715,12686,12795,0,0
concrete,05a8f0b89,500ms,BenchmarkCallerDomainLoop/dynamictrue/n1024-16,5,196096,194592,197124,0,0
concrete,05a8f0b89,500ms,BenchmarkInvokeCallerHostFuncDirect-16,5,348.3,345.5,348.8,0,0
concrete,05a8f0b89,500ms,BenchmarkCallerArity/0-0/concretefalse-16,5,377.2,375.3,380.6,64,1
concrete,05a8f0b89,500ms,BenchmarkCallerArity/0-0/concretetrue-16,5,342.5,341.9,347.8,0,0
concrete,05a8f0b89,500ms,BenchmarkCallerArity/1-0/concretefalse-16,5,380.5,379.3,384.5,64,1
concrete,05a8f0b89,500ms,BenchmarkCallerArity/1-0/concretetrue-16,5,345,344.5,345.1,0,0
concrete,05a8f0b89,500ms,BenchmarkCallerArity/1-1/concretefalse-16,5,383.1,380.2,385.2,64,1
concrete,05a8f0b89,500ms,BenchmarkCallerArity/1-1/concretetrue-16,5,345.8,345.1,348.7,0,0
concrete,05a8f0b89,500ms,BenchmarkCallerArity/4-1/concretefalse-16,5,396.9,396.2,420.5,64,1
concrete,05a8f0b89,500ms,BenchmarkCallerArity/4-1/concretetrue-16,5,355.7,355.5,358.3,0,0
concrete,05a8f0b89,500ms,BenchmarkCallerArity/8-4/concretefalse-16,5,414.4,411.5,417.9,64,1
concrete,05a8f0b89,500ms,BenchmarkCallerArity/8-4/concretetrue-16,5,373.8,372.5,377.4,0,0
concrete,05a8f0b89,500ms,BenchmarkCallerArity/16-8/concretefalse-16,5,444.1,443.8,447,64,1
concrete,05a8f0b89,500ms,BenchmarkCallerArity/16-8/concretetrue-16,5,410.4,409.4,411.9,0,0
concrete,05a8f0b89,500ms,BenchmarkCallerArity/64-64/concretefalse-16,5,763.4,755.3,769,64,1
concrete,05a8f0b89,500ms,BenchmarkCallerArity/64-64/concretetrue-16,5,720.3,710.1,730.2,0,0
concrete,05a8f0b89,500ms,BenchmarkCallerGCLoop/concretefalse/n0-16,5,552.2,546.1,560.7,0,0
concrete,05a8f0b89,500ms,BenchmarkCallerGCLoop/concretefalse/n1-16,5,896.5,887.3,899.9,64,1
concrete,05a8f0b89,500ms,BenchmarkCallerGCLoop/concretefalse/n8-16,5,2822,2793,2840,512,8
concrete,05a8f0b89,500ms,BenchmarkCallerGCLoop/concretefalse/n64-16,5,17808,17675,17835,4096,64
concrete,05a8f0b89,500ms,BenchmarkCallerGCLoop/concretefalse/n1024-16,5,272766,267895,273262,65536,1024
concrete,05a8f0b89,500ms,BenchmarkCallerGCLoop/concretetrue/n0-16,5,556.6,550.9,558.8,0,0
concrete,05a8f0b89,500ms,BenchmarkCallerGCLoop/concretetrue/n1-16,5,854.7,849.7,858.1,0,0
concrete,05a8f0b89,500ms,BenchmarkCallerGCLoop/concretetrue/n8-16,5,2597,2562,2655,0,0
concrete,05a8f0b89,500ms,BenchmarkCallerGCLoop/concretetrue/n64-16,5,15973,15902,16047,0,0
concrete,05a8f0b89,500ms,BenchmarkCallerGCLoop/concretetrue/n1024-16,5,242402,239860,247808,0,0
no-gc,72832b16a,500ms,BenchmarkHostRoundtripLoop/mem0/parallelfalse/host0/n0-16,5,115.7,114.6,116.5,0,0
no-gc,72832b16a,500ms,BenchmarkHostRoundtripLoop/mem0/parallelfalse/host0/n1-16,5,118,117.3,119.4,0,0
no-gc,72832b16a,500ms,BenchmarkHostRoundtripLoop/mem0/parallelfalse/host0/n8-16,5,121,120.9,121.4,0,0
no-gc,72832b16a,500ms,BenchmarkHostRoundtripLoop/mem0/parallelfalse/host0/n64-16,5,143.2,142.1,145.1,0,0
no-gc,72832b16a,500ms,BenchmarkHostRoundtripLoop/mem0/parallelfalse/host0/n1024-16,5,556.8,551.4,562.2,0,0
no-gc,72832b16a,500ms,BenchmarkHostRoundtripLoop/mem0/parallelfalse/host1/n0-16,5,115.2,114.7,123.9,0,0
no-gc,72832b16a,500ms,BenchmarkHostRoundtripLoop/mem0/parallelfalse/host1/n1-16,5,369.7,365.4,376.1,64,1
no-gc,72832b16a,500ms,BenchmarkHostRoundtripLoop/mem0/parallelfalse/host1/n8-16,5,1538,1518,1570,512,8
no-gc,72832b16a,500ms,BenchmarkHostRoundtripLoop/mem0/parallelfalse/host1/n64-16,5,10817,10658,11188,4096,64
no-gc,72832b16a,500ms,BenchmarkHostRoundtripLoop/mem0/parallelfalse/host1/n1024-16,5,175644,172533,175950,65536,1024
no-gc,72832b16a,500ms,BenchmarkHostRoundtripLoop/mem0/paralleltrue/host0/n0-16,5,19.84,19.33,19.96,0,0
no-gc,72832b16a,500ms,BenchmarkHostRoundtripLoop/mem0/paralleltrue/host0/n1-16,5,20.21,18.72,21.04,0,0
no-gc,72832b16a,500ms,BenchmarkHostRoundtripLoop/mem0/paralleltrue/host0/n8-16,5,19.5,19.31,20.28,0,0
no-gc,72832b16a,500ms,BenchmarkHostRoundtripLoop/mem0/paralleltrue/host0/n64-16,5,23.94,23.36,25.07,0,0
no-gc,72832b16a,500ms,BenchmarkHostRoundtripLoop/mem0/paralleltrue/host0/n1024-16,5,89.93,88.06,92.36,0,0
no-gc,72832b16a,500ms,BenchmarkHostRoundtripLoop/mem0/paralleltrue/host1/n0-16,5,19.82,19.04,20.1,0,0
no-gc,72832b16a,500ms,BenchmarkHostRoundtripLoop/mem0/paralleltrue/host1/n1-16,5,64.21,63.39,64.84,64,1
no-gc,72832b16a,500ms,BenchmarkHostRoundtripLoop/mem0/paralleltrue/host1/n8-16,5,308.3,306.8,311.7,512,8
no-gc,72832b16a,500ms,BenchmarkHostRoundtripLoop/mem0/paralleltrue/host1/n64-16,5,2244,2219,2340,4096,64
no-gc,72832b16a,500ms,BenchmarkHostRoundtripLoop/mem0/paralleltrue/host1/n1024-16,5,35089,34876,36842,65538,1024
no-gc,72832b16a,500ms,BenchmarkHostRoundtripLoopCaller/mem0/parallelfalse/host0/n0-16,5,117,113.9,118.4,0,0
no-gc,72832b16a,500ms,BenchmarkHostRoundtripLoopCaller/mem0/parallelfalse/host0/n1-16,5,120.4,119.4,121,0,0
no-gc,72832b16a,500ms,BenchmarkHostRoundtripLoopCaller/mem0/parallelfalse/host0/n8-16,5,122.7,122,122.8,0,0
no-gc,72832b16a,500ms,BenchmarkHostRoundtripLoopCaller/mem0/parallelfalse/host0/n64-16,5,145.6,145.6,146.1,0,0
no-gc,72832b16a,500ms,BenchmarkHostRoundtripLoopCaller/mem0/parallelfalse/host0/n1024-16,5,570.9,565.6,574.7,0,0
no-gc,72832b16a,500ms,BenchmarkHostRoundtripLoopCaller/mem0/parallelfalse/host1/n0-16,5,116.4,115.7,118.2,0,0
no-gc,72832b16a,500ms,BenchmarkHostRoundtripLoopCaller/mem0/parallelfalse/host1/n1-16,5,342.8,340.3,346.6,0,0
no-gc,72832b16a,500ms,BenchmarkHostRoundtripLoopCaller/mem0/parallelfalse/host1/n8-16,5,1337,1329,1341,0,0
no-gc,72832b16a,500ms,BenchmarkHostRoundtripLoopCaller/mem0/parallelfalse/host1/n64-16,5,9083,9076,9234,0,0
no-gc,72832b16a,500ms,BenchmarkHostRoundtripLoopCaller/mem0/parallelfalse/host1/n1024-16,5,143226,142623,145968,0,0
no-gc,72832b16a,500ms,BenchmarkHostRoundtripLoopCaller/mem0/paralleltrue/host0/n0-16,5,20.32,19.95,21.41,0,0
no-gc,72832b16a,500ms,BenchmarkHostRoundtripLoopCaller/mem0/paralleltrue/host0/n1-16,5,19.9,18.66,21.89,0,0
no-gc,72832b16a,500ms,BenchmarkHostRoundtripLoopCaller/mem0/paralleltrue/host0/n8-16,5,19.42,19.17,20.25,0,0
no-gc,72832b16a,500ms,BenchmarkHostRoundtripLoopCaller/mem0/paralleltrue/host0/n64-16,5,23.88,23.07,24.97,0,0
no-gc,72832b16a,500ms,BenchmarkHostRoundtripLoopCaller/mem0/paralleltrue/host0/n1024-16,5,88.43,87.36,100.7,0,0
no-gc,72832b16a,500ms,BenchmarkHostRoundtripLoopCaller/mem0/paralleltrue/host1/n0-16,5,18.79,18.63,19.04,0,0
no-gc,72832b16a,500ms,BenchmarkHostRoundtripLoopCaller/mem0/paralleltrue/host1/n1-16,5,45.17,44.55,45.41,0,0
no-gc,72832b16a,500ms,BenchmarkHostRoundtripLoopCaller/mem0/paralleltrue/host1/n8-16,5,173,172,175,0,0
no-gc,72832b16a,500ms,BenchmarkHostRoundtripLoopCaller/mem0/paralleltrue/host1/n64-16,5,1194,1180,1212,0,0
no-gc,72832b16a,500ms,BenchmarkHostRoundtripLoopCaller/mem0/paralleltrue/host1/n1024-16,5,18419,18317,19411,0,0
no-gc,72832b16a,500ms,BenchmarkCallerGCLoop/concretefalse/n1024-16,5,286698,285263,288572,65536,1024
no-gc,72832b16a,500ms,BenchmarkCallerGCLoop/concretetrue/n1024-16,5,254001,251212,255975,0,0
no-gc,72832b16a,500ms,BenchmarkCallerDomainLoop/dynamicfalse/n1024-16,5,201729,200729,202151,0,0
no-gc,72832b16a,500ms,BenchmarkCallerDomainLoop/dynamictrue/n1024-16,5,220598,215120,222400,0,0
no-gc,72832b16a,500ms,BenchmarkInvokeHostFuncDirect-16,5,381.6,377,384.5,64,1
no-gc,72832b16a,500ms,BenchmarkInvokeCallerHostFuncDirect-16,5,345.8,343.2,359.8,0,0
scope,40bda73c5,500ms,BenchmarkHostRoundtripLoop/mem0/parallelfalse/host0/n0-16,5,114.5,113.9,116.1,0,0
scope,40bda73c5,500ms,BenchmarkHostRoundtripLoop/mem0/parallelfalse/host0/n1-16,5,115.2,115.1,115.9,0,0
scope,40bda73c5,500ms,BenchmarkHostRoundtripLoop/mem0/parallelfalse/host0/n8-16,5,118.8,118.4,119.7,0,0
scope,40bda73c5,500ms,BenchmarkHostRoundtripLoop/mem0/parallelfalse/host0/n64-16,5,143.1,142.3,144.9,0,0
scope,40bda73c5,500ms,BenchmarkHostRoundtripLoop/mem0/parallelfalse/host0/n1024-16,5,572.4,569.4,574.2,0,0
scope,40bda73c5,500ms,BenchmarkHostRoundtripLoop/mem0/parallelfalse/host1/n0-16,5,112.1,111.5,115.1,0,0
scope,40bda73c5,500ms,BenchmarkHostRoundtripLoop/mem0/parallelfalse/host1/n1-16,5,359.2,352.7,361.8,64,1
scope,40bda73c5,500ms,BenchmarkHostRoundtripLoop/mem0/parallelfalse/host1/n8-16,5,1433,1422,1442,512,8
scope,40bda73c5,500ms,BenchmarkHostRoundtripLoop/mem0/parallelfalse/host1/n64-16,5,9751,9642,9766,4096,64
scope,40bda73c5,500ms,BenchmarkHostRoundtripLoop/mem0/parallelfalse/host1/n1024-16,5,150659,149333,152323,65536,1024
scope,40bda73c5,500ms,BenchmarkHostRoundtripLoop/mem0/paralleltrue/host0/n0-16,5,19.89,19.62,20.42,0,0
scope,40bda73c5,500ms,BenchmarkHostRoundtripLoop/mem0/paralleltrue/host0/n1-16,5,20,19.69,20.98,0,0
scope,40bda73c5,500ms,BenchmarkHostRoundtripLoop/mem0/paralleltrue/host0/n8-16,5,20.52,19.65,20.89,0,0
scope,40bda73c5,500ms,BenchmarkHostRoundtripLoop/mem0/paralleltrue/host0/n64-16,5,24.08,23.22,24.29,0,0
scope,40bda73c5,500ms,BenchmarkHostRoundtripLoop/mem0/paralleltrue/host0/n1024-16,5,89.64,88.16,92,0,0
scope,40bda73c5,500ms,BenchmarkHostRoundtripLoop/mem0/paralleltrue/host1/n0-16,5,19.9,19.15,20.38,0,0
scope,40bda73c5,500ms,BenchmarkHostRoundtripLoop/mem0/paralleltrue/host1/n1-16,5,63.5,63.14,67.87,64,1
scope,40bda73c5,500ms,BenchmarkHostRoundtripLoop/mem0/paralleltrue/host1/n8-16,5,305.3,302.1,306.7,512,8
scope,40bda73c5,500ms,BenchmarkHostRoundtripLoop/mem0/paralleltrue/host1/n64-16,5,2204,2202,2361,4096,64
scope,40bda73c5,500ms,BenchmarkHostRoundtripLoop/mem0/paralleltrue/host1/n1024-16,5,34780,34740,35183,65538,1024
scope,40bda73c5,500ms,BenchmarkHostRoundtripLoopCaller/mem0/parallelfalse/host0/n0-16,5,112.3,111.7,113.3,0,0
scope,40bda73c5,500ms,BenchmarkHostRoundtripLoopCaller/mem0/parallelfalse/host0/n1-16,5,112.7,111.8,113.6,0,0
scope,40bda73c5,500ms,BenchmarkHostRoundtripLoopCaller/mem0/parallelfalse/host0/n8-16,5,117.1,116.2,117.5,0,0
scope,40bda73c5,500ms,BenchmarkHostRoundtripLoopCaller/mem0/parallelfalse/host0/n64-16,5,139.8,138.5,139.9,0,0
scope,40bda73c5,500ms,BenchmarkHostRoundtripLoopCaller/mem0/parallelfalse/host0/n1024-16,5,556.1,551,557.4,0,0
scope,40bda73c5,500ms,BenchmarkHostRoundtripLoopCaller/mem0/parallelfalse/host1/n0-16,5,112.3,111.2,113.2,0,0
scope,40bda73c5,500ms,BenchmarkHostRoundtripLoopCaller/mem0/parallelfalse/host1/n1-16,5,324.9,324.3,327.2,0,0
scope,40bda73c5,500ms,BenchmarkHostRoundtripLoopCaller/mem0/parallelfalse/host1/n8-16,5,1230,1221,1251,0,0
scope,40bda73c5,500ms,BenchmarkHostRoundtripLoopCaller/mem0/parallelfalse/host1/n64-16,5,8264,8235,8314,0,0
scope,40bda73c5,500ms,BenchmarkHostRoundtripLoopCaller/mem0/parallelfalse/host1/n1024-16,5,128488,127243,129618,0,0
scope,40bda73c5,500ms,BenchmarkHostRoundtripLoopCaller/mem0/paralleltrue/host0/n0-16,5,19.83,19.24,20.41,0,0
scope,40bda73c5,500ms,BenchmarkHostRoundtripLoopCaller/mem0/paralleltrue/host0/n1-16,5,20.01,19.15,20.85,0,0
scope,40bda73c5,500ms,BenchmarkHostRoundtripLoopCaller/mem0/paralleltrue/host0/n8-16,5,20.46,19.78,20.66,0,0
scope,40bda73c5,500ms,BenchmarkHostRoundtripLoopCaller/mem0/paralleltrue/host0/n64-16,5,24.2,24.03,24.63,0,0
scope,40bda73c5,500ms,BenchmarkHostRoundtripLoopCaller/mem0/paralleltrue/host0/n1024-16,5,89.87,87.27,92.7,0,0
scope,40bda73c5,500ms,BenchmarkHostRoundtripLoopCaller/mem0/paralleltrue/host1/n0-16,5,19.2,19.05,20.41,0,0
scope,40bda73c5,500ms,BenchmarkHostRoundtripLoopCaller/mem0/paralleltrue/host1/n1-16,5,45.08,44.4,46.11,0,0
scope,40bda73c5,500ms,BenchmarkHostRoundtripLoopCaller/mem0/paralleltrue/host1/n8-16,5,166.2,165.1,166.8,0,0
scope,40bda73c5,500ms,BenchmarkHostRoundtripLoopCaller/mem0/paralleltrue/host1/n64-16,5,1145,1131,1146,0,0
scope,40bda73c5,500ms,BenchmarkHostRoundtripLoopCaller/mem0/paralleltrue/host1/n1024-16,5,17939,17759,18266,0,0
scope,40bda73c5,500ms,BenchmarkCallerGCLoop/concretefalse/n1024-16,5,282585,280334,285784,65536,1024
scope,40bda73c5,500ms,BenchmarkCallerGCLoop/concretetrue/n1024-16,5,248816,245143,252162,0,0
scope,40bda73c5,500ms,BenchmarkCallerDomainLoop/dynamicfalse/n1024-16,5,202161,199451,204414,0,0
scope,40bda73c5,500ms,BenchmarkCallerDomainLoop/dynamictrue/n1024-16,5,213618,211758,215346,0,0
scope,40bda73c5,500ms,BenchmarkInvokeHostFuncDirect-16,5,375,373.4,393.2,64,1
scope,40bda73c5,500ms,BenchmarkInvokeCallerHostFuncDirect-16,5,340.3,338.7,340.8,0,0
reservation,b70909137,500ms,BenchmarkHostRoundtripLoop/mem0/parallelfalse/host0/n0-16,5,121.2,120.7,124.1,0,0
reservation,b70909137,500ms,BenchmarkHostRoundtripLoop/mem0/parallelfalse/host0/n1-16,5,124.4,124,124.7,0,0
reservation,b70909137,500ms,BenchmarkHostRoundtripLoop/mem0/parallelfalse/host0/n8-16,5,129.6,129.2,131.5,0,0
reservation,b70909137,500ms,BenchmarkHostRoundtripLoop/mem0/parallelfalse/host0/n64-16,5,155.3,150.6,160,0,0
reservation,b70909137,500ms,BenchmarkHostRoundtripLoop/mem0/parallelfalse/host0/n1024-16,5,571.8,570.2,574.6,0,0
reservation,b70909137,500ms,BenchmarkHostRoundtripLoop/mem0/parallelfalse/host1/n0-16,5,117.4,116.8,120.8,0,0
reservation,b70909137,500ms,BenchmarkHostRoundtripLoop/mem0/parallelfalse/host1/n1-16,5,374.6,373.8,375.2,64,1
reservation,b70909137,500ms,BenchmarkHostRoundtripLoop/mem0/parallelfalse/host1/n8-16,5,1455,1439,1461,512,8
reservation,b70909137,500ms,BenchmarkHostRoundtripLoop/mem0/parallelfalse/host1/n64-16,5,9916,9800,10118,4096,64
reservation,b70909137,500ms,BenchmarkHostRoundtripLoop/mem0/parallelfalse/host1/n1024-16,5,154570,151824,160640,65536,1024
reservation,b70909137,500ms,BenchmarkHostRoundtripLoop/mem0/paralleltrue/host0/n0-16,5,19.6,19.47,20.57,0,0
reservation,b70909137,500ms,BenchmarkHostRoundtripLoop/mem0/paralleltrue/host0/n1-16,5,20.84,20.05,21.31,0,0
reservation,b70909137,500ms,BenchmarkHostRoundtripLoop/mem0/paralleltrue/host0/n8-16,5,21.18,20.45,21.44,0,0
reservation,b70909137,500ms,BenchmarkHostRoundtripLoop/mem0/paralleltrue/host0/n64-16,5,23.9,23.78,24.6,0,0
reservation,b70909137,500ms,BenchmarkHostRoundtripLoop/mem0/paralleltrue/host0/n1024-16,5,91.11,88.74,92.2,0,0
reservation,b70909137,500ms,BenchmarkHostRoundtripLoop/mem0/paralleltrue/host1/n0-16,5,20.57,20.54,20.86,0,0
reservation,b70909137,500ms,BenchmarkHostRoundtripLoop/mem0/paralleltrue/host1/n1-16,5,64.15,62.55,66.03,64,1
reservation,b70909137,500ms,BenchmarkHostRoundtripLoop/mem0/paralleltrue/host1/n8-16,5,303.7,299.6,320,512,8
reservation,b70909137,500ms,BenchmarkHostRoundtripLoop/mem0/paralleltrue/host1/n64-16,5,2240,2187,2273,4096,64
reservation,b70909137,500ms,BenchmarkHostRoundtripLoop/mem0/paralleltrue/host1/n1024-16,5,34979,34563,36735,65538,1024
reservation,b70909137,500ms,BenchmarkHostRoundtripLoopCaller/mem0/parallelfalse/host0/n0-16,5,119.2,117.6,120.3,0,0
reservation,b70909137,500ms,BenchmarkHostRoundtripLoopCaller/mem0/parallelfalse/host0/n1-16,5,121.5,121,122.7,0,0
reservation,b70909137,500ms,BenchmarkHostRoundtripLoopCaller/mem0/parallelfalse/host0/n8-16,5,126.5,125.3,129.6,0,0
reservation,b70909137,500ms,BenchmarkHostRoundtripLoopCaller/mem0/parallelfalse/host0/n64-16,5,153.2,152.7,153.7,0,0
reservation,b70909137,500ms,BenchmarkHostRoundtripLoopCaller/mem0/parallelfalse/host0/n1024-16,5,579.5,576.6,580.3,0,0
reservation,b70909137,500ms,BenchmarkHostRoundtripLoopCaller/mem0/parallelfalse/host1/n0-16,5,121.6,121.2,121.9,0,0
reservation,b70909137,500ms,BenchmarkHostRoundtripLoopCaller/mem0/parallelfalse/host1/n1-16,5,346.5,344.3,349.2,0,0
reservation,b70909137,500ms,BenchmarkHostRoundtripLoopCaller/mem0/parallelfalse/host1/n8-16,5,1295,1283,1308,0,0
reservation,b70909137,500ms,BenchmarkHostRoundtripLoopCaller/mem0/parallelfalse/host1/n64-16,5,8729,8703,8802,0,0
reservation,b70909137,500ms,BenchmarkHostRoundtripLoopCaller/mem0/parallelfalse/host1/n1024-16,5,135821,135192,136408,0,0
reservation,b70909137,500ms,BenchmarkHostRoundtripLoopCaller/mem0/paralleltrue/host0/n0-16,5,21.98,20.78,23.16,0,0
reservation,b70909137,500ms,BenchmarkHostRoundtripLoopCaller/mem0/paralleltrue/host0/n1-16,5,22.25,21.7,23.63,0,0
reservation,b70909137,500ms,BenchmarkHostRoundtripLoopCaller/mem0/paralleltrue/host0/n8-16,5,23.58,23.02,26.12,0,0
reservation,b70909137,500ms,BenchmarkHostRoundtripLoopCaller/mem0/paralleltrue/host0/n64-16,5,26.67,25.98,27.17,0,0
reservation,b70909137,500ms,BenchmarkHostRoundtripLoopCaller/mem0/paralleltrue/host0/n1024-16,5,96.74,94.37,99.09,0,0
reservation,b70909137,500ms,BenchmarkHostRoundtripLoopCaller/mem0/paralleltrue/host1/n0-16,5,22.06,21.08,22.26,0,0
reservation,b70909137,500ms,BenchmarkHostRoundtripLoopCaller/mem0/paralleltrue/host1/n1-16,5,48.5,47.12,50.02,0,0
reservation,b70909137,500ms,BenchmarkHostRoundtripLoopCaller/mem0/paralleltrue/host1/n8-16,5,180.8,179.2,182.2,0,0
reservation,b70909137,500ms,BenchmarkHostRoundtripLoopCaller/mem0/paralleltrue/host1/n64-16,5,1229,1217,1260,0,0
reservation,b70909137,500ms,BenchmarkHostRoundtripLoopCaller/mem0/paralleltrue/host1/n1024-16,5,19210,18993,19291,0,0
reservation,b70909137,500ms,BenchmarkCallerGCLoop/concretefalse/n1024-16,5,282800,281285,283468,65536,1024
reservation,b70909137,500ms,BenchmarkCallerGCLoop/concretetrue/n1024-16,5,252413,252064,253805,0,0
reservation,b70909137,500ms,BenchmarkCallerDomainLoop/dynamicfalse/n1024-16,5,205573,203868,206113,0,0
reservation,b70909137,500ms,BenchmarkCallerDomainLoop/dynamictrue/n1024-16,5,214547,212825,215621,0,0
reservation,b70909137,500ms,BenchmarkInvokeHostFuncDirect-16,5,387.8,387,390.7,64,1
reservation,b70909137,500ms,BenchmarkInvokeCallerHostFuncDirect-16,5,343.5,342,346.7,0,0
context-cache,ae19a6ec0,500ms,BenchmarkHostRoundtripLoop/mem0/parallelfalse/host0/n0-16,5,137.7,136.3,138.8,0,0
context-cache,ae19a6ec0,500ms,BenchmarkHostRoundtripLoop/mem0/parallelfalse/host0/n1-16,5,138.7,138.4,139.8,0,0
context-cache,ae19a6ec0,500ms,BenchmarkHostRoundtripLoop/mem0/parallelfalse/host0/n8-16,5,145.2,144,147.3,0,0
context-cache,ae19a6ec0,500ms,BenchmarkHostRoundtripLoop/mem0/parallelfalse/host0/n64-16,5,167.9,166.7,170.9,0,0
context-cache,ae19a6ec0,500ms,BenchmarkHostRoundtripLoop/mem0/parallelfalse/host0/n1024-16,5,598.4,596.4,601.1,0,0
context-cache,ae19a6ec0,500ms,BenchmarkHostRoundtripLoop/mem0/parallelfalse/host1/n0-16,5,137.4,136.2,139.6,0,0
context-cache,ae19a6ec0,500ms,BenchmarkHostRoundtripLoop/mem0/parallelfalse/host1/n1-16,5,406.7,403.4,408.3,64,1
context-cache,ae19a6ec0,500ms,BenchmarkHostRoundtripLoop/mem0/parallelfalse/host1/n8-16,5,1430,1415,1463,512,8
context-cache,ae19a6ec0,500ms,BenchmarkHostRoundtripLoop/mem0/parallelfalse/host1/n64-16,5,9369,9310,9487,4096,64
context-cache,ae19a6ec0,500ms,BenchmarkHostRoundtripLoop/mem0/parallelfalse/host1/n1024-16,5,147718,144329,153382,65536,1024
context-cache,ae19a6ec0,500ms,BenchmarkHostRoundtripLoop/mem0/paralleltrue/host0/n0-16,5,24.81,24.68,25.33,0,0
context-cache,ae19a6ec0,500ms,BenchmarkHostRoundtripLoop/mem0/paralleltrue/host0/n1-16,5,24.8,24.27,24.99,0,0
context-cache,ae19a6ec0,500ms,BenchmarkHostRoundtripLoop/mem0/paralleltrue/host0/n8-16,5,24.99,24.73,26.1,0,0
context-cache,ae19a6ec0,500ms,BenchmarkHostRoundtripLoop/mem0/paralleltrue/host0/n64-16,5,30.04,29.32,31.44,0,0
context-cache,ae19a6ec0,500ms,BenchmarkHostRoundtripLoop/mem0/paralleltrue/host0/n1024-16,5,106.9,103.4,109.3,0,0
context-cache,ae19a6ec0,500ms,BenchmarkHostRoundtripLoop/mem0/paralleltrue/host1/n0-16,5,24.83,23.96,25.2,0,0
context-cache,ae19a6ec0,500ms,BenchmarkHostRoundtripLoop/mem0/paralleltrue/host1/n1-16,5,78.87,78,79.63,64,1
context-cache,ae19a6ec0,500ms,BenchmarkHostRoundtripLoop/mem0/paralleltrue/host1/n8-16,5,333,327.6,334.3,512,8
context-cache,ae19a6ec0,500ms,BenchmarkHostRoundtripLoop/mem0/paralleltrue/host1/n64-16,5,2328,2303,2445,4096,64
context-cache,ae19a6ec0,500ms,BenchmarkHostRoundtripLoop/mem0/paralleltrue/host1/n1024-16,5,36730,36653,37820,65538,1024
context-cache,ae19a6ec0,500ms,BenchmarkHostRoundtripLoopCaller/mem0/parallelfalse/host0/n0-16,5,138.6,137.4,140.7,0,0
context-cache,ae19a6ec0,500ms,BenchmarkHostRoundtripLoopCaller/mem0/parallelfalse/host0/n1-16,5,140.1,139.8,140.3,0,0
context-cache,ae19a6ec0,500ms,BenchmarkHostRoundtripLoopCaller/mem0/parallelfalse/host0/n8-16,5,147.1,144.4,147.6,0,0
context-cache,ae19a6ec0,500ms,BenchmarkHostRoundtripLoopCaller/mem0/parallelfalse/host0/n64-16,5,168.5,167.5,169.6,0,0
context-cache,ae19a6ec0,500ms,BenchmarkHostRoundtripLoopCaller/mem0/parallelfalse/host0/n1024-16,5,594.5,594,601.6,0,0
context-cache,ae19a6ec0,500ms,BenchmarkHostRoundtripLoopCaller/mem0/parallelfalse/host1/n0-16,5,135.2,134.8,136.3,0,0
context-cache,ae19a6ec0,500ms,BenchmarkHostRoundtripLoopCaller/mem0/parallelfalse/host1/n1-16,5,354.5,351.8,354.7,0,0
context-cache,ae19a6ec0,500ms,BenchmarkHostRoundtripLoopCaller/mem0/parallelfalse/host1/n8-16,5,1191,1181,1195,0,0
context-cache,ae19a6ec0,500ms,BenchmarkHostRoundtripLoopCaller/mem0/parallelfalse/host1/n64-16,5,7690,7648,7727,0,0
context-cache,ae19a6ec0,500ms,BenchmarkHostRoundtripLoopCaller/mem0/parallelfalse/host1/n1024-16,5,119013,118744,119725,0,0
context-cache,ae19a6ec0,500ms,BenchmarkHostRoundtripLoopCaller/mem0/paralleltrue/host0/n0-16,5,22.9,22.27,23.34,0,0
context-cache,ae19a6ec0,500ms,BenchmarkHostRoundtripLoopCaller/mem0/paralleltrue/host0/n1-16,5,21.8,21.02,21.99,0,0
context-cache,ae19a6ec0,500ms,BenchmarkHostRoundtripLoopCaller/mem0/paralleltrue/host0/n8-16,5,22.74,21.67,23.42,0,0
context-cache,ae19a6ec0,500ms,BenchmarkHostRoundtripLoopCaller/mem0/paralleltrue/host0/n64-16,5,25.87,25.39,26.44,0,0
context-cache,ae19a6ec0,500ms,BenchmarkHostRoundtripLoopCaller/mem0/paralleltrue/host0/n1024-16,5,90.43,88.67,93.81,0,0
context-cache,ae19a6ec0,500ms,BenchmarkHostRoundtripLoopCaller/mem0/paralleltrue/host1/n0-16,5,23.27,23.07,24.48,0,0
context-cache,ae19a6ec0,500ms,BenchmarkHostRoundtripLoopCaller/mem0/paralleltrue/host1/n1-16,5,49.05,48.91,49.45,0,0
context-cache,ae19a6ec0,500ms,BenchmarkHostRoundtripLoopCaller/mem0/paralleltrue/host1/n8-16,5,170.7,164.4,171.5,0,0
context-cache,ae19a6ec0,500ms,BenchmarkHostRoundtripLoopCaller/mem0/paralleltrue/host1/n64-16,5,1089,1075,1166,0,0
context-cache,ae19a6ec0,500ms,BenchmarkHostRoundtripLoopCaller/mem0/paralleltrue/host1/n1024-16,5,18170,17850,18848,0,0
context-cache,ae19a6ec0,500ms,BenchmarkCallerGCLoop/concretefalse/n1024-16,5,267427,266612,287944,65536,1024
context-cache,ae19a6ec0,500ms,BenchmarkCallerGCLoop/concretetrue/n1024-16,5,228134,227282,233132,0,0
context-cache,ae19a6ec0,500ms,BenchmarkCallerDomainLoop/dynamicfalse/n1024-16,5,181821,181192,182810,0,0
context-cache,ae19a6ec0,500ms,BenchmarkCallerDomainLoop/dynamictrue/n1024-16,5,188494,187490,193866,0,0
context-cache,ae19a6ec0,500ms,BenchmarkInvokeHostFuncDirect-16,5,392.3,390,395.9,64,1
context-cache,ae19a6ec0,500ms,BenchmarkInvokeCallerHostFuncDirect-16,5,351.6,349.5,354.2,0,0
reservation-lookup-before,40bda73c5,2s,BenchmarkCurrentInvocationReservation/none-16,10,5.125,5.085,5.329,0,0
reservation-lookup-before,40bda73c5,2s,BenchmarkCurrentInvocationReservation/inline-16,10,5.263,5.238,5.34,0,0
reservation-lookup-before,40bda73c5,2s,BenchmarkCurrentInvocationReservation/fallback-16,10,6.133,6.084,6.241,0,0
reservation-lookup-before,40bda73c5,2s,BenchmarkCurrentInvocationReservation/inline-with-fallback-16,10,6.355,6.341,6.392,0,0
reservation-lookup-before,40bda73c5,2s,BenchmarkCurrentInvocationReservation/nested-16,10,12.825,12.8,12.89,0,0
reservation-lookup-after,b70909137,2s,BenchmarkCurrentInvocationReservation/none-16,10,5.022,4.902,5.053,0,0
reservation-lookup-after,b70909137,2s,BenchmarkCurrentInvocationReservation/inline-16,10,3.606,3.597,3.621,0,0
reservation-lookup-after,b70909137,2s,BenchmarkCurrentInvocationReservation/fallback-16,10,5.905,5.768,5.941,0,0
reservation-lookup-after,b70909137,2s,BenchmarkCurrentInvocationReservation/inline-with-fallback-16,10,3.7175000000000002,3.702,3.735,0,0
reservation-lookup-after,b70909137,2s,BenchmarkCurrentInvocationReservation/nested-16,10,11.469999999999999,11.44,11.49,0,0
gc-long-reference,05a8f0b89,2s,BenchmarkCallerGCLoop/concretetrue/n1024-16,10,248261.5,246056,256299,0,0
gc-long-reference,05a8f0b89,2s,BenchmarkCallerDomainLoop/dynamicfalse/n1024-16,10,191283,190569,197059,0,0
gc-long-reference,05a8f0b89,2s,BenchmarkCallerDomainLoop/dynamictrue/n1024-16,10,221451.5,213262,225136,0,0
gc-long-no-gc,72832b16a,2s,BenchmarkCallerGCLoop/concretetrue/n1024-16,10,251565.5,250506,252532,0,0
gc-long-no-gc,72832b16a,2s,BenchmarkCallerDomainLoop/dynamicfalse/n1024-16,10,204412.5,200729,207536,0,0
gc-long-no-gc,72832b16a,2s,BenchmarkCallerDomainLoop/dynamictrue/n1024-16,10,217743.5,213739,222029,0,0
final,ae19a6ec0,500ms,BenchmarkInvokeHostFuncDirect-16,5,395.8,393.9,402.9,64,1
final,ae19a6ec0,500ms,BenchmarkInvokeCallerHostFuncDirect-16,5,353.3,352.1,359.4,0,0
final,ae19a6ec0,500ms,BenchmarkHostRoundtripLoop/mem0/parallelfalse/host0/n0-16,5,137.2,136.3,138.1,0,0
final,ae19a6ec0,500ms,BenchmarkHostRoundtripLoop/mem0/parallelfalse/host0/n1-16,5,138.6,138.1,140.7,0,0
final,ae19a6ec0,500ms,BenchmarkHostRoundtripLoop/mem0/parallelfalse/host0/n8-16,5,143.5,142.1,144,0,0
final,ae19a6ec0,500ms,BenchmarkHostRoundtripLoop/mem0/parallelfalse/host0/n64-16,5,165.5,164.5,166.2,0,0
final,ae19a6ec0,500ms,BenchmarkHostRoundtripLoop/mem0/parallelfalse/host0/n1024-16,5,591.3,587,593.3,0,0
final,ae19a6ec0,500ms,BenchmarkHostRoundtripLoop/mem0/parallelfalse/host1/n0-16,5,136.7,136.3,137.1,0,0
final,ae19a6ec0,500ms,BenchmarkHostRoundtripLoop/mem0/parallelfalse/host1/n1-16,5,391.1,390.1,401.1,64,1
final,ae19a6ec0,500ms,BenchmarkHostRoundtripLoop/mem0/parallelfalse/host1/n8-16,5,1413,1399,1415,512,8
final,ae19a6ec0,500ms,BenchmarkHostRoundtripLoop/mem0/parallelfalse/host1/n64-16,5,9148,9141,9274,4096,64
final,ae19a6ec0,500ms,BenchmarkHostRoundtripLoop/mem0/parallelfalse/host1/n1024-16,5,142821,141725,143608,65536,1024
final,ae19a6ec0,500ms,BenchmarkHostRoundtripLoop/mem0/paralleltrue/host0/n0-16,5,23.78,22.14,25.28,0,0
final,ae19a6ec0,500ms,BenchmarkHostRoundtripLoop/mem0/paralleltrue/host0/n1-16,5,25.27,24.87,26,0,0
final,ae19a6ec0,500ms,BenchmarkHostRoundtripLoop/mem0/paralleltrue/host0/n8-16,5,25.7,25.41,26.05,0,0
final,ae19a6ec0,500ms,BenchmarkHostRoundtripLoop/mem0/paralleltrue/host0/n64-16,5,29.98,29.06,30.35,0,0
final,ae19a6ec0,500ms,BenchmarkHostRoundtripLoop/mem0/paralleltrue/host0/n1024-16,5,103.2,101.2,106.6,0,0
final,ae19a6ec0,500ms,BenchmarkHostRoundtripLoop/mem0/paralleltrue/host1/n0-16,5,24.99,23.82,25.25,0,0
final,ae19a6ec0,500ms,BenchmarkHostRoundtripLoop/mem0/paralleltrue/host1/n1-16,5,80.42,78.29,82.57,64,1
final,ae19a6ec0,500ms,BenchmarkHostRoundtripLoop/mem0/paralleltrue/host1/n8-16,5,333.1,330.9,348.3,512,8
final,ae19a6ec0,500ms,BenchmarkHostRoundtripLoop/mem0/paralleltrue/host1/n64-16,5,2231,2215,2528,4096,64
final,ae19a6ec0,500ms,BenchmarkHostRoundtripLoop/mem0/paralleltrue/host1/n1024-16,5,34722,34686,35034,65538,1024
final,ae19a6ec0,500ms,BenchmarkHostRoundtripLoop/mem1/parallelfalse/host0/n0-16,5,139.1,138.2,140.8,0,0
final,ae19a6ec0,500ms,BenchmarkHostRoundtripLoop/mem1/parallelfalse/host0/n1-16,5,139.4,137.7,141.2,0,0
final,ae19a6ec0,500ms,BenchmarkHostRoundtripLoop/mem1/parallelfalse/host0/n8-16,5,143,142.4,144,0,0
final,ae19a6ec0,500ms,BenchmarkHostRoundtripLoop/mem1/parallelfalse/host0/n64-16,5,166,164.9,167.7,0,0
final,ae19a6ec0,500ms,BenchmarkHostRoundtripLoop/mem1/parallelfalse/host0/n1024-16,5,596.9,590.9,597.8,0,0
final,ae19a6ec0,500ms,BenchmarkHostRoundtripLoop/mem1/parallelfalse/host1/n0-16,5,138.3,138.2,139.5,0,0
final,ae19a6ec0,500ms,BenchmarkHostRoundtripLoop/mem1/parallelfalse/host1/n1-16,5,402.4,399.4,407.1,64,1
final,ae19a6ec0,500ms,BenchmarkHostRoundtripLoop/mem1/parallelfalse/host1/n8-16,5,1441,1426,1464,512,8
final,ae19a6ec0,500ms,BenchmarkHostRoundtripLoop/mem1/parallelfalse/host1/n64-16,5,9402,9361,9450,4096,64
final,ae19a6ec0,500ms,BenchmarkHostRoundtripLoop/mem1/parallelfalse/host1/n1024-16,5,146686,144983,151717,65536,1024
final,ae19a6ec0,500ms,BenchmarkHostRoundtripLoop/mem1/paralleltrue/host0/n0-16,5,22.9,22.43,23.71,0,0
final,ae19a6ec0,500ms,BenchmarkHostRoundtripLoop/mem1/paralleltrue/host0/n1-16,5,23.54,23.35,23.98,0,0
final,ae19a6ec0,500ms,BenchmarkHostRoundtripLoop/mem1/paralleltrue/host0/n8-16,5,23.28,23.26,23.98,0,0
final,ae19a6ec0,500ms,BenchmarkHostRoundtripLoop/mem1/paralleltrue/host0/n64-16,5,27.91,27.1,28.51,0,0
final,ae19a6ec0,500ms,BenchmarkHostRoundtripLoop/mem1/paralleltrue/host0/n1024-16,5,99.1,96.62,102,0,0
final,ae19a6ec0,500ms,BenchmarkHostRoundtripLoop/mem1/paralleltrue/host1/n0-16,5,22.67,22.29,23.75,0,0
final,ae19a6ec0,500ms,BenchmarkHostRoundtripLoop/mem1/paralleltrue/host1/n1-16,5,72.36,71.34,76.05,64,1
final,ae19a6ec0,500ms,BenchmarkHostRoundtripLoop/mem1/paralleltrue/host1/n8-16,5,312,308.2,314,512,8
final,ae19a6ec0,500ms,BenchmarkHostRoundtripLoop/mem1/paralleltrue/host1/n64-16,5,2212,2190,2229,4096,64
final,ae19a6ec0,500ms,BenchmarkHostRoundtripLoop/mem1/paralleltrue/host1/n1024-16,5,34657,34371,34808,65538,1024
final,ae19a6ec0,500ms,BenchmarkHostRoundtripLoop/mem4/parallelfalse/host0/n0-16,5,164.4,163.1,166.1,0,0
final,ae19a6ec0,500ms,BenchmarkHostRoundtripLoop/mem4/parallelfalse/host0/n1-16,5,165.5,164.4,166.3,0,0
final,ae19a6ec0,500ms,BenchmarkHostRoundtripLoop/mem4/parallelfalse/host0/n8-16,5,171.6,170.1,174.3,0,0
final,ae19a6ec0,500ms,BenchmarkHostRoundtripLoop/mem4/parallelfalse/host0/n64-16,5,192.7,191.9,193.4,0,0
final,ae19a6ec0,500ms,BenchmarkHostRoundtripLoop/mem4/parallelfalse/host0/n1024-16,5,621,619.8,630.4,0,0
final,ae19a6ec0,500ms,BenchmarkHostRoundtripLoop/mem4/parallelfalse/host1/n0-16,5,163.8,162.1,165.3,0,0
final,ae19a6ec0,500ms,BenchmarkHostRoundtripLoop/mem4/parallelfalse/host1/n1-16,5,431.5,429.8,441.8,64,1
final,ae19a6ec0,500ms,BenchmarkHostRoundtripLoop/mem4/parallelfalse/host1/n8-16,5,1467,1461,1472,512,8
final,ae19a6ec0,500ms,BenchmarkHostRoundtripLoop/mem4/parallelfalse/host1/n64-16,5,9403,9327,9534,4096,64
final,ae19a6ec0,500ms,BenchmarkHostRoundtripLoop/mem4/parallelfalse/host1/n1024-16,5,144235,143369,146222,65536,1024
final,ae19a6ec0,500ms,BenchmarkHostRoundtripLoop/mem4/paralleltrue/host0/n0-16,5,26.47,26.38,27.95,0,0
final,ae19a6ec0,500ms,BenchmarkHostRoundtripLoop/mem4/paralleltrue/host0/n1-16,5,26.83,26.62,27.12,0,0
final,ae19a6ec0,500ms,BenchmarkHostRoundtripLoop/mem4/paralleltrue/host0/n8-16,5,27.4,27.26,28.88,0,0
final,ae19a6ec0,500ms,BenchmarkHostRoundtripLoop/mem4/paralleltrue/host0/n64-16,5,31.4,31.31,34.52,0,0
final,ae19a6ec0,500ms,BenchmarkHostRoundtripLoop/mem4/paralleltrue/host0/n1024-16,5,100.5,99.27,102.1,0,0
final,ae19a6ec0,500ms,BenchmarkHostRoundtripLoop/mem4/paralleltrue/host1/n0-16,5,27.68,26.65,28.09,0,0
final,ae19a6ec0,500ms,BenchmarkHostRoundtripLoop/mem4/paralleltrue/host1/n1-16,5,77.18,76.98,93.36,64,1
final,ae19a6ec0,500ms,BenchmarkHostRoundtripLoop/mem4/paralleltrue/host1/n8-16,5,319.2,314.3,320.4,512,8
final,ae19a6ec0,500ms,BenchmarkHostRoundtripLoop/mem4/paralleltrue/host1/n64-16,5,2222,2177,2324,4096,64
final,ae19a6ec0,500ms,BenchmarkHostRoundtripLoop/mem4/paralleltrue/host1/n1024-16,5,33685,33308,35222,65538,1024
final,ae19a6ec0,500ms,BenchmarkHostRoundtripLoopCaller/mem0/parallelfalse/host0/n0-16,5,137.8,137.2,140.7,0,0
final,ae19a6ec0,500ms,BenchmarkHostRoundtripLoopCaller/mem0/parallelfalse/host0/n1-16,5,138.7,137.6,140.6,0,0
final,ae19a6ec0,500ms,BenchmarkHostRoundtripLoopCaller/mem0/parallelfalse/host0/n8-16,5,143.2,142.8,143.6,0,0
final,ae19a6ec0,500ms,BenchmarkHostRoundtripLoopCaller/mem0/parallelfalse/host0/n64-16,5,166.6,166.5,168,0,0
final,ae19a6ec0,500ms,BenchmarkHostRoundtripLoopCaller/mem0/parallelfalse/host0/n1024-16,5,592.4,590.7,596.3,0,0
final,ae19a6ec0,500ms,BenchmarkHostRoundtripLoopCaller/mem0/parallelfalse/host1/n0-16,5,136.4,135.5,137.1,0,0
final,ae19a6ec0,500ms,BenchmarkHostRoundtripLoopCaller/mem0/parallelfalse/host1/n1-16,5,356,354.9,356.7,0,0
final,ae19a6ec0,500ms,BenchmarkHostRoundtripLoopCaller/mem0/parallelfalse/host1/n8-16,5,1199,1193,1205,0,0
final,ae19a6ec0,500ms,BenchmarkHostRoundtripLoopCaller/mem0/parallelfalse/host1/n64-16,5,7718,7710,7734,0,0
final,ae19a6ec0,500ms,BenchmarkHostRoundtripLoopCaller/mem0/parallelfalse/host1/n1024-16,5,119186,119098,120587,0,0
final,ae19a6ec0,500ms,BenchmarkHostRoundtripLoopCaller/mem0/paralleltrue/host0/n0-16,5,23.21,22.78,23.3,0,0
final,ae19a6ec0,500ms,BenchmarkHostRoundtripLoopCaller/mem0/paralleltrue/host0/n1-16,5,25.63,23.07,26.21,0,0
final,ae19a6ec0,500ms,BenchmarkHostRoundtripLoopCaller/mem0/paralleltrue/host0/n8-16,5,25.68,25.05,25.85,0,0
final,ae19a6ec0,500ms,BenchmarkHostRoundtripLoopCaller/mem0/paralleltrue/host0/n64-16,5,28.06,27.33,29.53,0,0
final,ae19a6ec0,500ms,BenchmarkHostRoundtripLoopCaller/mem0/paralleltrue/host0/n1024-16,5,99.58,97.04,102.2,0,0
final,ae19a6ec0,500ms,BenchmarkHostRoundtripLoopCaller/mem0/paralleltrue/host1/n0-16,5,22.86,22.64,25.12,0,0
final,ae19a6ec0,500ms,BenchmarkHostRoundtripLoopCaller/mem0/paralleltrue/host1/n1-16,5,45.75,45.29,47.45,0,0
final,ae19a6ec0,500ms,BenchmarkHostRoundtripLoopCaller/mem0/paralleltrue/host1/n8-16,5,155.6,153.8,156.6,0,0
final,ae19a6ec0,500ms,BenchmarkHostRoundtripLoopCaller/mem0/paralleltrue/host1/n64-16,5,1023,1022,1043,0,0
final,ae19a6ec0,500ms,BenchmarkHostRoundtripLoopCaller/mem0/paralleltrue/host1/n1024-16,5,15946,15711,16333,0,0
final,ae19a6ec0,500ms,BenchmarkHostRoundtripLoopCaller/mem1/parallelfalse/host0/n0-16,5,135.9,134.9,136.8,0,0
final,ae19a6ec0,500ms,BenchmarkHostRoundtripLoopCaller/mem1/parallelfalse/host0/n1-16,5,135.2,133.9,136.1,0,0
final,ae19a6ec0,500ms,BenchmarkHostRoundtripLoopCaller/mem1/parallelfalse/host0/n8-16,5,140.6,139.3,142.7,0,0
final,ae19a6ec0,500ms,BenchmarkHostRoundtripLoopCaller/mem1/parallelfalse/host0/n64-16,5,168.9,162.1,171.6,0,0
final,ae19a6ec0,500ms,BenchmarkHostRoundtripLoopCaller/mem1/parallelfalse/host0/n1024-16,5,620.1,604.9,693.3,0,0
final,ae19a6ec0,500ms,BenchmarkHostRoundtripLoopCaller/mem1/parallelfalse/host1/n0-16,5,141.1,140.7,143.9,0,0
final,ae19a6ec0,500ms,BenchmarkHostRoundtripLoopCaller/mem1/parallelfalse/host1/n1-16,5,372.2,367.3,373.9,0,0
final,ae19a6ec0,500ms,BenchmarkHostRoundtripLoopCaller/mem1/parallelfalse/host1/n8-16,5,1246,1219,1285,0,0
final,ae19a6ec0,500ms,BenchmarkHostRoundtripLoopCaller/mem1/parallelfalse/host1/n64-16,5,8081,7876,8211,0,0
final,ae19a6ec0,500ms,BenchmarkHostRoundtripLoopCaller/mem1/parallelfalse/host1/n1024-16,5,121407,121020,125707,0,0
final,ae19a6ec0,500ms,BenchmarkHostRoundtripLoopCaller/mem1/paralleltrue/host0/n0-16,5,25.62,24,26.38,0,0
final,ae19a6ec0,500ms,BenchmarkHostRoundtripLoopCaller/mem1/paralleltrue/host0/n1-16,5,27.28,26.3,27.57,0,0
final,ae19a6ec0,500ms,BenchmarkHostRoundtripLoopCaller/mem1/paralleltrue/host0/n8-16,5,28.05,27.65,29.66,0,0
final,ae19a6ec0,500ms,BenchmarkHostRoundtripLoopCaller/mem1/paralleltrue/host0/n64-16,5,32.98,32.54,35.55,0,0
final,ae19a6ec0,500ms,BenchmarkHostRoundtripLoopCaller/mem1/paralleltrue/host0/n1024-16,5,112.7,112,118,0,0
final,ae19a6ec0,500ms,BenchmarkHostRoundtripLoopCaller/mem1/paralleltrue/host1/n0-16,5,27.41,27,29.01,0,0
final,ae19a6ec0,500ms,BenchmarkHostRoundtripLoopCaller/mem1/paralleltrue/host1/n1-16,5,57.55,57.38,58.11,0,0
final,ae19a6ec0,500ms,BenchmarkHostRoundtripLoopCaller/mem1/paralleltrue/host1/n8-16,5,194.3,193.6,194.9,0,0
final,ae19a6ec0,500ms,BenchmarkHostRoundtripLoopCaller/mem1/paralleltrue/host1/n64-16,5,1193,1175,1244,0,0
final,ae19a6ec0,500ms,BenchmarkHostRoundtripLoopCaller/mem1/paralleltrue/host1/n1024-16,5,18261,17886,18994,0,0
final,ae19a6ec0,500ms,BenchmarkHostRoundtripLoopCaller/mem4/parallelfalse/host0/n0-16,5,166.1,164.7,167.9,0,0
final,ae19a6ec0,500ms,BenchmarkHostRoundtripLoopCaller/mem4/parallelfalse/host0/n1-16,5,169.1,167.3,170.7,0,0
final,ae19a6ec0,500ms,BenchmarkHostRoundtripLoopCaller/mem4/parallelfalse/host0/n8-16,5,173.9,171.3,178.9,0,0
final,ae19a6ec0,500ms,BenchmarkHostRoundtripLoopCaller/mem4/parallelfalse/host0/n64-16,5,197.5,196.3,198.4,0,0
final,ae19a6ec0,500ms,BenchmarkHostRoundtripLoopCaller/mem4/parallelfalse/host0/n1024-16,5,632.6,629,644.2,0,0
final,ae19a6ec0,500ms,BenchmarkHostRoundtripLoopCaller/mem4/parallelfalse/host1/n0-16,5,169.2,166.9,173.8,0,0
final,ae19a6ec0,500ms,BenchmarkHostRoundtripLoopCaller/mem4/parallelfalse/host1/n1-16,5,402.8,398.1,406.5,0,0
final,ae19a6ec0,500ms,BenchmarkHostRoundtripLoopCaller/mem4/parallelfalse/host1/n8-16,5,1248,1232,1258,0,0
final,ae19a6ec0,500ms,BenchmarkHostRoundtripLoopCaller/mem4/parallelfalse/host1/n64-16,5,7807,7768,7884,0,0
final,ae19a6ec0,500ms,BenchmarkHostRoundtripLoopCaller/mem4/parallelfalse/host1/n1024-16,5,121649,119928,122373,0,0
final,ae19a6ec0,500ms,BenchmarkHostRoundtripLoopCaller/mem4/paralleltrue/host0/n0-16,5,29.51,28.75,30.29,0,0
final,ae19a6ec0,500ms,BenchmarkHostRoundtripLoopCaller/mem4/paralleltrue/host0/n1-16,5,30.33,29.06,30.89,0,0
final,ae19a6ec0,500ms,BenchmarkHostRoundtripLoopCaller/mem4/paralleltrue/host0/n8-16,5,30.92,30.06,31.19,0,0
final,ae19a6ec0,500ms,BenchmarkHostRoundtripLoopCaller/mem4/paralleltrue/host0/n64-16,5,35.23,34.75,36.79,0,0
final,ae19a6ec0,500ms,BenchmarkHostRoundtripLoopCaller/mem4/paralleltrue/host0/n1024-16,5,110.5,109,114.6,0,0
final,ae19a6ec0,500ms,BenchmarkHostRoundtripLoopCaller/mem4/paralleltrue/host1/n0-16,5,30.08,29.19,30.94,0,0
final,ae19a6ec0,500ms,BenchmarkHostRoundtripLoopCaller/mem4/paralleltrue/host1/n1-16,5,58.67,58.15,60.18,0,0
final,ae19a6ec0,500ms,BenchmarkHostRoundtripLoopCaller/mem4/paralleltrue/host1/n8-16,5,187,185.7,195.8,0,0
final,ae19a6ec0,500ms,BenchmarkHostRoundtripLoopCaller/mem4/paralleltrue/host1/n64-16,5,1209,1181,1237,0,0
final,ae19a6ec0,500ms,BenchmarkHostRoundtripLoopCaller/mem4/paralleltrue/host1/n1024-16,5,18414,18168,18985,0,0
final,ae19a6ec0,500ms,BenchmarkCallerArity/0-0/concretefalse-16,5,385.2,383.5,389.8,64,1
final,ae19a6ec0,500ms,BenchmarkCallerArity/0-0/concretetrue-16,5,341,339.3,343.9,0,0
final,ae19a6ec0,500ms,BenchmarkCallerArity/1-0/concretefalse-16,5,381.4,379.5,384.8,64,1
final,ae19a6ec0,500ms,BenchmarkCallerArity/1-0/concretetrue-16,5,345.4,343.1,354.5,0,0
final,ae19a6ec0,500ms,BenchmarkCallerArity/1-1/concretefalse-16,5,389.5,385.1,392.7,64,1
final,ae19a6ec0,500ms,BenchmarkCallerArity/1-1/concretetrue-16,5,354.3,353.8,354.8,0,0
final,ae19a6ec0,500ms,BenchmarkCallerArity/4-1/concretefalse-16,5,397.8,396.2,400.2,64,1
final,ae19a6ec0,500ms,BenchmarkCallerArity/4-1/concretetrue-16,5,365.5,360.9,368.2,0,0
final,ae19a6ec0,500ms,BenchmarkCallerArity/8-4/concretefalse-16,5,422.6,419.3,425,64,1
final,ae19a6ec0,500ms,BenchmarkCallerArity/8-4/concretetrue-16,5,385.1,383.3,391.3,0,0
final,ae19a6ec0,500ms,BenchmarkCallerArity/16-8/concretefalse-16,5,458.6,455.6,460.9,64,1
final,ae19a6ec0,500ms,BenchmarkCallerArity/16-8/concretetrue-16,5,417.7,414.6,422,0,0
final,ae19a6ec0,500ms,BenchmarkCallerArity/64-64/concretefalse-16,5,757,755.9,760.6,64,1
final,ae19a6ec0,500ms,BenchmarkCallerArity/64-64/concretetrue-16,5,713.5,711.5,720.1,0,0
final,ae19a6ec0,500ms,BenchmarkCallerGCLoop/concretefalse/n0-16,5,567.1,562.3,571.6,0,0
final,ae19a6ec0,500ms,BenchmarkCallerGCLoop/concretefalse/n1-16,5,930.1,914.8,938.1,64,1
final,ae19a6ec0,500ms,BenchmarkCallerGCLoop/concretefalse/n8-16,5,2735,2727,2843,512,8
final,ae19a6ec0,500ms,BenchmarkCallerGCLoop/concretefalse/n64-16,5,16817,16701,17175,4096,64
final,ae19a6ec0,500ms,BenchmarkCallerGCLoop/concretefalse/n1024-16,5,250333,246791,252591,65536,1024
final,ae19a6ec0,500ms,BenchmarkCallerGCLoop/concretetrue/n0-16,5,552.9,547.3,571,0,0
final,ae19a6ec0,500ms,BenchmarkCallerGCLoop/concretetrue/n1-16,5,859.3,847.8,864,0,0
final,ae19a6ec0,500ms,BenchmarkCallerGCLoop/concretetrue/n8-16,5,2384,2366,2404,0,0
final,ae19a6ec0,500ms,BenchmarkCallerGCLoop/concretetrue/n64-16,5,14318,14142,14346,0,0
final,ae19a6ec0,500ms,BenchmarkCallerGCLoop/concretetrue/n1024-16,5,215934,215316,219360,0,0
final,ae19a6ec0,500ms,BenchmarkCallerDomainLoop/dynamicfalse/n0-16,5,179.1,177.3,180.9,0,0
final,ae19a6ec0,500ms,BenchmarkCallerDomainLoop/dynamicfalse/n1-16,5,458.6,452.5,464.9,0,0
final,ae19a6ec0,500ms,BenchmarkCallerDomainLoop/dynamicfalse/n8-16,5,1675,1651,1682,0,0
final,ae19a6ec0,500ms,BenchmarkCallerDomainLoop/dynamicfalse/n64-16,5,11054,10993,11184,0,0
final,ae19a6ec0,500ms,BenchmarkCallerDomainLoop/dynamicfalse/n1024-16,5,171994,170608,172313,0,0
final,ae19a6ec0,500ms,BenchmarkCallerDomainLoop/dynamictrue/n0-16,5,261.9,261.4,267,0,0
final,ae19a6ec0,500ms,BenchmarkCallerDomainLoop/dynamictrue/n1-16,5,569.7,564.5,575.1,0,0
final,ae19a6ec0,500ms,BenchmarkCallerDomainLoop/dynamictrue/n8-16,5,1885,1865,1896,0,0
final,ae19a6ec0,500ms,BenchmarkCallerDomainLoop/dynamictrue/n64-16,5,12133,11977,12195,0,0
final,ae19a6ec0,500ms,BenchmarkCallerDomainLoop/dynamictrue/n1024-16,5,186272,184788,189041,0,0
final-gc-long-reference,05a8f0b89,2s,BenchmarkCallerGCLoop/concretetrue/n1024-16,10,244500,237832,251523,0,0
final-gc-long-reference,05a8f0b89,2s,BenchmarkCallerDomainLoop/dynamicfalse/n1024-16,10,188077,187353,198225,0,0
final-gc-long-reference,05a8f0b89,2s,BenchmarkCallerDomainLoop/dynamictrue/n1024-16,10,203092,200871,205075,0,0
final-gc-long-current,ae19a6ec0,2s,BenchmarkCallerGCLoop/concretetrue/n1024-16,10,214576.5,213160,216340,0,0
final-gc-long-current,ae19a6ec0,2s,BenchmarkCallerDomainLoop/dynamicfalse/n1024-16,10,173785.5,173280,174761,0,0
final-gc-long-current,ae19a6ec0,2s,BenchmarkCallerDomainLoop/dynamictrue/n1024-16,10,183965,183361,184268,0,0
